property_type,society,sector,price,price_per_sqft,bedRoom,bathroom,balcony,floorNum,agePossession,built_up_area,study room,servant room,store room,pooja room,others,furnishing_type,luxury_score,area_to_room_ratio
flat,signature global park 4,sector 36,0.82,7586.0,3,2,2,2.0,New Property,850.0,0,0,0,0,0,0,8,360.3333333333333
flat,smart world gems,sector 89,0.95,8597.0,2,2,2,4.0,New Property,1226.0,1,1,0,0,0,0,38,552.5
flat,breez global hill view,sohna road,0.32,5470.0,2,2,1,17.0,New Property,1000.0,0,0,0,0,0,0,49,292.5
flat,bestech park view sanskruti,sector 92,1.6,8020.0,3,4,3+,10.0,Relatively New,1615.0,0,1,0,0,1,1,174,665.0
flat,suncity avenue,sector 102,0.48,9023.0,2,2,1,5.0,Relatively New,582.0,0,0,1,0,0,0,159,266.0
flat,paras quartier,gwal pahari,7.5,14019.0,4,4,3+,20.0,New Property,4842.0,0,1,0,1,1,1,49,1337.5
flat,experion the heartsong,sector 108,2.0,8554.0,3,3,3+,14.0,Relatively New,2116.0,0,1,0,0,0,0,95,779.3333333333334
flat,adani m2k oyster grande,sector 102,1.9,9104.0,3,4,3,8.0,Relatively New,1710.0,0,1,0,0,0,0,165,695.6666666666666
house,dlf city phase 1,sector 26,4.5,33333.0,3,3,2,2.0,Moderately Old,1350.0,1,1,0,0,0,0,70,450.0
house,independent,sector 109,1.55,6568.0,3,2,0,1.0,Relatively New,2360.0,0,0,0,0,0,0,0,786.6666666666666
flat,dlf regency park,sector 28,1.6,14545.0,2,2,2,3.0,Relatively New,1222.0,0,0,0,0,0,0,52,550.0
flat,ats tourmaline,sector 109,2.25,8704.0,3,4,3,14.0,Relatively New,2339.0,0,1,0,0,0,0,101,861.6666666666666
flat,emaar mgf emerald floors premier,sector 65,2.77,14025.0,4,4,3+,3.0,Relatively New,2194.0,1,1,0,0,0,2,174,493.75
house,independent,sector 12,1.2,14184.0,4,4,2,2.0,Relatively New,846.0,0,0,0,1,0,1,7,211.5
flat,bestech park view sanskruti,sector 92,1.55,7568.0,3,4,3,16.0,Relatively New,1805.0,0,1,0,0,0,1,60,682.6666666666666
flat,ss the leaf,sector 85,1.09,6667.0,2,2,3,9.0,Relatively New,1638.0,0,0,1,0,0,0,174,817.5
flat,capital residences 360,sector 70a,1.15,11500.0,2,2,3,4.0,New Property,1400.0,0,0,0,1,0,0,132,500.0
flat,ss the leaf,sector 85,1.77,7350.0,3,4,3+,7.0,New Property,2179.0,0,0,1,0,0,0,107,802.6666666666666
flat,afnhb jalvayu vihar,sector 30,0.85,12859.0,2,2,1,2.0,Old Property,734.0,0,0,0,0,1,1,49,330.5
flat,m3m woodshire,sector 107,0.9,6589.0,2,2,3+,10.0,Relatively New,1236.0,0,0,0,0,1,1,49,683.0
flat,godrej habitat,sector 3,1.2,8310.0,2,2,3,0.0,Under Construction,1307.0,0,0,0,0,0,0,60,722.0
flat,ansal api celebrity suites,sector 2,0.6,8163.0,1,1,1,5.0,Moderately Old,665.0,0,0,0,0,0,1,88,735.0
house,independent,sector 41,9.0,27778.0,8,5,3+,3.0,Old Property,3240.0,0,1,1,1,0,1,26,405.0
house,independent,sector 41,7.0,28283.0,7,7,3+,3.0,Moderately Old,2475.0,1,1,1,1,0,2,151,353.57142857142856
flat,chanderlok society,sector 28,0.9,7235.0,4,2,3+,1.0,Old Property,1382.0,0,0,0,0,0,0,0,311.0
house,independent,sector 4,0.4,8889.0,1,1,0,1.0,Moderately Old,450.0,0,0,0,0,0,0,0,450.0
house,international city by sobha phase 2,sector 109,5.65,10463.0,4,4,3+,2.0,New Property,5400.0,0,1,0,0,1,1,44,1350.0
flat,emaar digihomes,sector 62,2.15,14257.0,2,2,3,31.0,Under Construction,1676.0,0,0,0,0,0,0,101,754.0
house,uppal southend,sector 49,4.4,15278.0,6,6,3,3.0,Moderately Old,2880.0,1,1,1,1,0,2,110,480.0
flat,vipul lavanya,sector 81,0.64,5263.0,2,2,3,12.0,Relatively New,1361.0,0,0,0,0,0,1,93,608.0
flat,m3m heights,sector 65,2.86,13999.0,3,3,3,45.0,Under Construction,2267.0,0,1,0,0,0,0,48,681.0
flat,emaar mgf the palm drive,sector 66,3.5,15909.0,3,3,3,7.0,Moderately Old,2125.0,0,1,1,0,0,1,149,733.3333333333334
house,greenopolis,sector 89,0.7,5397.0,2,2,2,14.0,Moderately Old,1297.0,0,0,0,0,0,0,0,648.5
flat,dlf the skycourt,sector 86,1.54,9222.0,3,3,3+,15.0,Relatively New,1780.0,0,1,0,0,0,0,174,556.6666666666666
house,vipul tatvam villa,sector 48,8.25,38194.0,4,4,3+,3.0,Relatively New,2160.0,0,1,1,0,0,1,160,540.0
house,international city by sobha phase 1,sector 109,6.1,25103.0,5,6,3+,2.0,Moderately Old,2430.0,0,1,0,0,0,0,30,486.0
flat,the arzoo cghs,sector 51,2.1,9130.0,4,4,3,1.0,Relatively New,2300.0,0,0,0,0,0,0,58,575.0
flat,corona optus,sector 37,1.25,7176.0,3,3,3,2.0,Relatively New,1563.0,1,0,0,0,0,0,49,580.6666666666666
flat,lotus homz,sector 111,0.7,10057.0,2,2,2,8.0,Relatively New,773.0,0,0,0,0,0,0,68,348.0
flat,m3m merlin,sector 67,2.8,13679.0,3,3,3,5.0,Moderately Old,2047.0,0,1,0,0,0,2,26,682.3333333333334
house,housing board colony,sector 28,5.5,30556.0,4,3,3,2.0,Old Property,1800.0,0,0,0,1,1,1,22,450.0
flat,puri diplomatic greens,sector 111,2.58,11727.0,3,4,2,10.0,Moderately Old,2200.0,0,1,0,0,0,0,86,733.3333333333334
flat,la vida by tata housing,sector 113,3.0,14286.0,3,3,3+,3.0,Relatively New,2460.0,0,1,0,0,0,0,167,700.0
flat,smart world orchard,sector 61,2.1,13752.0,3,2,3,3.0,Under Construction,1534.0,0,0,0,0,0,0,146,509.0
flat,tata gurgaon gateway,sector 113,2.45,10788.0,3,3,3,8.0,Relatively New,2014.0,0,0,0,0,0,0,110,757.0
flat,tulip violet,sector 69,1.38,8973.0,3,3,1,12.0,Relatively New,1709.0,0,0,0,0,0,0,174,512.6666666666666
flat,smart world gems,sector 89,1.71,12000.0,3,2,0,3.0,New Property,1423.0,0,0,0,0,0,0,45,475.0
flat,ireo the corridors,sector 67a,1.85,9531.0,3,4,3,4.0,New Property,1941.0,1,0,1,0,0,1,150,647.0
flat,signature global the millennia,sector 37d,0.6,9231.0,2,2,3,7.0,New Property,625.0,0,0,0,0,0,0,35,325.0
flat,vatika the seven lamps,sector 82,0.81,6193.0,2,2,2,15.0,Relatively New,1176.0,0,0,0,0,0,1,117,654.0
flat,tulip monsella,sector 53,5.6,19364.0,3,3,3+,1.0,Under Construction,2617.0,0,0,0,0,0,0,42,964.0
flat,m3m skywalk,sector 74,1.5,12500.0,2,2,3,17.0,Relatively New,1300.0,0,0,1,0,0,0,174,600.0
flat,bptp terra,sector 37d,1.45,8007.0,3,3,3,9.0,Relatively New,1639.0,0,0,0,0,0,0,107,603.6666666666666
flat,experion the heartsong,sector 108,1.65,8238.0,3,4,3,3.0,Moderately Old,1771.32,1,0,0,0,0,1,75,667.6666666666666
flat,huda housing board society,sector 52,0.45,9740.0,1,1,0,0.0,Moderately Old,513.0,0,0,0,1,0,1,43,462.0
flat,shri balaji apartment,sector 12,0.35,4037.0,2,2,1,1.0,Moderately Old,737.0,0,0,0,0,0,0,23,433.5
house,independent,sector 43,5.75,23663.0,4,4,2,4.0,Under Construction,2430.0,0,1,1,0,0,2,153,607.5
flat,ss the leaf,sector 85,1.12,6452.0,2,2,3,10.0,Relatively New,1485.0,0,0,0,0,1,0,49,868.0
flat,avl 36 gurgaon,sector 36,0.75,7500.0,2,2,2,5.0,Relatively New,856.0,0,0,0,0,0,0,26,500.0
flat,adani aangan galleria,sector 89,0.25,5000.0,1,1,1,6.0,New Property,430.0,0,0,0,0,0,0,74,500.0
house,independent,sector 4,0.67,8557.0,3,2,1,1.0,Moderately Old,783.0,0,0,0,1,1,0,19,261.0
flat,bestech park view residency,sector 2,0.56,8629.0,1,1,2,6.0,Moderately Old,723.0,0,0,0,0,0,0,77,649.0
flat,aipl zen residences,sector 70a,1.75,10258.0,3,4,3+,20.0,Relatively New,1706.0,0,0,0,0,1,2,49,568.6666666666666
house,independent,sector 14,4.15,18444.0,5,4,2,2.0,Old Property,2250.0,0,0,0,0,0,1,51,450.0
flat,m3m merlin,sector 67,3.4,14419.0,3,4,3,17.0,Relatively New,2134.0,0,1,0,0,0,1,174,786.0
flat,dlf the ultima,sector 81,2.3,10937.0,3,3,3+,19.0,Relatively New,1617.0,1,1,0,1,1,2,49,701.0
flat,rof ananda,sector 95,0.32,5735.0,2,2,1,10.0,Relatively New,610.0,0,0,0,1,0,1,50,279.0
flat,rof aalayas,sector 102,0.45,6000.0,1,1,2,6.0,Relatively New,750.0,0,0,0,0,0,0,0,750.0
house,independent,sector 56,2.99,20635.0,4,4,2,2.0,Moderately Old,1449.0,1,1,0,1,0,1,49,362.25
flat,ats tourmaline,sector 109,1.5,6977.0,3,4,3+,4.0,Relatively New,1797.0,0,1,0,0,0,0,39,716.6666666666666
house,dlf south city 1,sector 41,2.65,18929.0,3,3,3,4.0,New Property,1400.0,0,1,0,0,0,1,22,466.6666666666667
house,bhim garh kheri,sector 3,1.5,7576.0,7,2,0,1.0,Moderately Old,1980.0,0,0,0,0,0,0,0,282.85714285714283
flat,dlf the skycourt,sector 86,1.5,7895.0,3,3,1,16.0,Relatively New,1719.0,0,0,0,0,1,0,49,633.3333333333334
flat,central park resorts,sector 48,9.3,24926.0,4,4,3+,10.0,Moderately Old,3831.0,1,1,1,1,0,1,67,932.75
flat,ss the leaf,sector 83,1.19,7225.0,2,2,3,4.0,Relatively New,1630.0,0,0,0,0,0,0,49,823.5
flat,signature global solera,sector 107,0.5,4762.0,3,2,2,5.0,Relatively New,850.0,0,0,0,0,1,0,35,350.0
flat,hero homes,sector 104,1.4,15819.0,3,2,2,4.0,Under Construction,1120.0,0,0,0,0,0,0,49,295.0
flat,godrej oasis,sector 88a,1.0,6897.0,2,2,3,7.0,Relatively New,1611.0,1,0,0,0,0,0,72,725.0
flat,eldeco accolade,sohna road,1.3,7424.0,3,3,3+,10.0,Relatively New,1509.0,0,0,0,0,0,0,49,583.6666666666666
flat,orris carnation residency,sector 85,0.9,6429.0,3,3,2,12.0,Relatively New,1402.0,0,0,0,0,0,0,120,466.6666666666667
house,independent,sector 105,0.5,5556.0,2,2,0,1.0,Moderately Old,100.0,0,0,0,0,0,0,0,450.0
flat,vatika gurgaon,sector 83,1.15,5808.0,3,3,2,3.0,Relatively New,1350.0,1,1,1,1,0,1,165,660.0
flat,tulip violet,sector 69,1.36,8619.0,3,3,2,12.0,Relatively New,1428.0,0,0,0,1,0,1,49,526.0
flat,shapoorji pallonji joyville gurugram,sector 102,1.4,11667.0,2,2,3,0.0,Relatively New,1286.0,0,0,0,0,0,0,80,600.0
house,independent,sector 55,2.8,18667.0,4,4,0,2.0,Old Property,1500.0,0,0,0,0,0,0,0,375.0
house,unitech espace,sector 50,10.45,32253.0,5,7,3+,3.0,Moderately Old,3240.0,1,1,0,1,1,1,153,648.0
flat,pivotal devaan,sector 84,0.34,7039.0,2,2,1,1.0,Relatively New,537.0,0,0,1,0,0,1,84,241.5
flat,pivotal devaan apartments,sector 84,0.39,6500.0,2,2,0,5.0,Relatively New,549.0,0,0,0,0,0,0,0,300.0
flat,gls arawali homes,sohna road,0.35,6076.0,2,2,2,12.0,New Property,521.0,0,0,0,0,0,0,42,288.0
flat,tarc maceo,sector 91,1.75,11118.0,4,3,3+,8.0,Relatively New,2107.0,1,1,1,1,0,0,128,393.5
flat,vatika city,sector 49,2.1,10417.0,3,3,3,9.0,Moderately Old,1604.25,0,0,0,1,0,1,132,672.0
flat,central park resorts,sector 48,3.65,15240.0,3,3,3+,9.0,Relatively New,2395.0,0,0,0,0,1,1,157,798.3333333333334
flat,ashiana mulberry,sohna road,0.95,6485.0,2,2,3+,3.0,New Property,1175.97,1,0,0,0,0,0,89,732.5
flat,tulip violet,sector 69,1.29,8227.0,3,3,1,12.0,Relatively New,1419.0,0,0,0,1,0,1,86,522.6666666666666
house,suncity avenue 76,sector 76,0.75,10067.0,2,2,2,11.0,New Property,745.0,0,0,0,0,0,0,40,372.5
flat,dlf the primus,sector 82a,1.85,10283.0,3,3,3+,2.0,Relatively New,1668.0,0,0,0,0,0,1,44,599.6666666666666
flat,umang monsoon breeze,sector 78,0.7,5719.0,2,2,2,5.0,Moderately Old,1224.0,0,0,0,0,0,0,0,612.0
flat,rof ananda,sector 95,0.32,5829.0,2,2,1,9.0,Relatively New,610.0,0,0,0,1,0,1,71,274.5
flat,the crew bos chs manesar,manesar,0.85,3696.0,3,3,2,2.0,Moderately Old,2556.0,0,0,0,0,0,0,44,766.6666666666666
flat,spaze privvy the address,sector 93,1.25,5700.0,4,4,3,16.0,Relatively New,2105.0,0,0,0,0,0,0,0,548.25
flat,"m m residency, krishna colony, gurgaon",sector 7,0.54,5889.0,2,2,1,3.0,Relatively New,1000.0,0,0,0,0,0,0,70,458.5
flat,chd avenue,sector 71,0.79,6594.0,2,2,2,8.0,Relatively New,1084.0,0,0,0,0,1,0,0,599.0
house,independent,sector 25,10.0,37037.0,5,5,3+,3.0,Moderately Old,9500.0,0,1,0,1,0,2,29,540.0
flat,park royal apartment,sector 56,1.71,7600.0,3,3,3+,5.0,Moderately Old,2251.0,0,1,0,0,0,1,118,750.0
flat,mahindra aura,sector 110,1.4,9655.0,3,3,3,10.0,Relatively New,1550.0,0,0,0,0,0,1,142,483.3333333333333
flat,ireo victory valley,sector 67,3.65,13529.0,3,4,3+,18.0,Relatively New,2490.0,0,1,0,1,0,1,61,899.3333333333334
flat,signature global solera,sector 107,0.6,8000.0,3,2,2,8.0,Relatively New,750.0,0,0,0,0,0,0,55,250.0
flat,tulip violet,sector 69,1.44,9125.0,3,3,2,1.0,Relatively New,1381.0,0,0,0,1,0,0,174,526.0
flat,m3m capital,sector 113,2.37,11499.0,4,4,3+,20.0,Under Construction,2060.0,1,0,0,0,0,0,143,515.25
flat,zara aavaas,sector 104,0.2,6645.0,1,2,2,3.0,New Property,334.0,0,0,0,0,0,0,67,301.0
flat,godrej nature plus,sector 33,1.5,10197.0,2,2,3+,2.0,Under Construction,1539.0,0,0,0,0,0,0,87,735.5
flat,m3m capital,sector 113,1.83,13969.0,2,2,0,7.0,New Property,1310.0,0,0,0,0,0,0,68,655.0
house,independent,sector 4,3.2,14222.0,3,3,2,2.0,Old Property,2250.0,0,0,0,0,0,0,13,750.0
flat,breez global heights 88a,sector 88a,0.5,8375.0,3,2,2,2.0,Under Construction,663.0,0,0,0,0,0,0,15,199.0
flat,south city 1 floors,sector 41,3.4,11724.0,4,4,3,0.0,Old Property,2900.0,0,0,0,0,0,0,0,725.0
flat,adani m2k oyster grande,sector 102,4.55,10000.0,4,4,3+,11.0,Relatively New,4630.0,0,0,0,0,0,1,60,1137.5
flat,vatika city,sector 49,1.72,7818.0,3,3,2,2.0,Old Property,2444.0,0,0,0,0,0,1,144,733.3333333333334
flat,smart world orchard,sector 61,2.2,13497.0,3,3,2,1.0,Under Construction,1778.0,0,0,0,0,0,0,49,543.3333333333334
flat,vatika iris floors,sector 82,0.63,5590.0,2,2,3+,2.0,Relatively New,1026.0,1,0,0,0,0,0,110,563.5
flat,corona optus,sector 37,1.4,7035.0,3,3,3+,4.0,Relatively New,1890.0,0,1,0,0,0,0,149,663.3333333333334
flat,unitech south park,sector 70,1.13,7001.0,3,3,2,1.0,Under Construction,1457.0,0,0,0,0,0,0,46,538.0
house,hero homes,sector 104,1.95,21196.0,3,5,3+,2.0,Moderately Old,920.0,0,0,0,0,0,0,64,306.6666666666667
flat,shree vardhman victoria,sector 70,1.75,8974.0,3,5,0,0.0,Relatively New,1950.0,0,0,0,0,0,0,47,650.0
flat,indiabulls centrum park,sector 103,2.45,8522.0,4,4,3,11.0,Relatively New,2602.0,1,1,1,1,0,0,38,718.75
house,vatika signature villas,sector 82,4.7,21759.0,3,3,3+,3.0,New Property,2160.0,0,1,0,0,0,0,33,720.0
house,independent,sector 28,0.7,8102.0,4,2,0,2.0,Old Property,864.0,0,0,0,0,0,0,7,216.0
flat,m3m soulitude,sector 89,1.3,8701.0,3,3,2,1.0,New Property,1179.0,0,0,0,0,1,0,45,498.0
house,international city by sobha phase 2,sector 109,6.5,12037.0,4,4,3+,1.0,New Property,5400.0,0,1,0,0,0,1,160,1350.0
flat,signature global the millennia,sector 37d,0.55,9167.0,2,2,3,3.0,New Property,543.0,0,0,0,0,0,0,53,300.0
flat,signature global park,sohna road,0.9,8036.0,3,2,2,2.0,Under Construction,1014.0,0,0,0,0,0,0,144,373.3333333333333
flat,m3m woodshire,sector 107,1.15,7497.0,2,2,3,0.0,Relatively New,1281.0,1,0,0,0,0,0,29,767.0
flat,emaar mgf the palm drive,sector 66,3.5,16471.0,3,4,3,6.0,Relatively New,2150.0,0,1,0,0,0,0,68,708.3333333333334
flat,dlf regal gardens,sector 90,1.78,8036.0,4,4,3+,8.0,Relatively New,2000.0,0,0,0,0,0,0,126,553.75
flat,sanskriti apartments,sector 43,2.5,13514.0,3,2,3,5.0,Old Property,1674.0,1,0,0,0,0,0,0,616.6666666666666
house,independent,sector 38,3.9,21242.0,6,6,3+,3.0,Moderately Old,1836.0,1,1,0,1,0,0,32,306.0
house,independent,sector 3,0.55,6707.0,2,2,1,2.0,Moderately Old,810.0,0,0,0,0,0,0,0,410.0
flat,bptp terra,sector 37d,1.67,7622.0,4,4,3,11.0,Relatively New,2091.0,0,0,0,0,0,1,149,547.75
flat,shree vardhman flora,sector 90,0.65,6792.0,2,2,3,9.0,Relatively New,1050.0,1,0,0,0,0,0,67,478.5
flat,m3m golfestate,sector 65,5.5,16960.0,3,4,3,3.0,Relatively New,2803.0,0,1,0,0,0,0,49,1081.0
flat,dlf regal gardens,sector 90,2.05,8999.0,4,4,3+,5.0,Relatively New,2005.0,0,0,0,0,0,1,49,569.5
house,independent,sector 51,2.25,2778.0,6,3,3+,3.0,Relatively New,900.0,0,0,0,0,0,0,54,1350.0
house,unitech uniworld resorts,sector 33,11.0,26667.0,5,6,3,3.0,New Property,4125.0,1,1,0,0,0,0,58,825.0
flat,shapoorji pallonji joyville gurugram,sector 102,1.41,10307.0,2,2,3,0.0,Relatively New,1238.0,0,0,0,0,1,0,49,684.0
flat,mapsko mount ville,sector 79,1.65,9091.0,3,3,0,12.0,Relatively New,1815.0,0,0,0,0,0,0,0,605.0
flat,vatika gurgaon,sector 83,0.98,8167.0,2,2,3,5.0,Relatively New,1300.0,0,0,0,0,0,1,96,600.0
flat,essel towers,sector 14,2.2,12500.0,3,4,3+,3.0,Relatively New,1956.0,0,0,0,0,0,0,0,586.6666666666666
flat,dlf the skycourt,sector 86,1.5,7776.0,3,3,1,15.0,Relatively New,1550.0,0,0,0,0,0,0,159,643.0
house,satya the hermitage,sector 103,4.35,13501.0,4,4,3+,2.0,Relatively New,3222.0,1,1,1,1,0,1,138,805.5
flat,tulip violet,sector 69,1.3,8286.0,3,3,1,12.0,Relatively New,1419.0,0,0,0,1,0,0,86,523.0
flat,chd avenue,sector 71,1.1,6104.0,3,4,3,3.0,Moderately Old,1631.0,0,1,0,0,0,0,26,600.6666666666666
flat,dlf the primus,sector 82a,1.59,10338.0,3,3,3+,5.0,Relatively New,1668.0,0,0,0,0,1,2,167,512.6666666666666
flat,godrej icon,sector 88a,1.65,9041.0,3,3,3,12.0,New Property,1652.0,0,0,0,0,0,0,60,608.3333333333334
flat,dlf the ultima,sector 81,2.28,10842.0,3,3,3+,14.0,Relatively New,1750.0,0,1,0,0,0,2,49,701.0
flat,dlf new town heights,sector 90,1.6,6768.0,4,4,3+,10.0,Relatively New,2139.0,0,1,0,1,0,0,88,591.0
flat,dlf regal gardens,sector 90,1.21,6926.0,3,3,3+,29.0,Relatively New,1581.0,0,0,0,0,1,0,95,582.3333333333334
flat,dlf regal gardens,sector 90,1.25,10417.0,3,3,3,18.0,Moderately Old,1437.0,0,1,0,0,0,0,100,400.0
flat,bestech park view residency,sector 2,0.98,6931.0,2,2,3,11.0,Moderately Old,1281.0,0,0,0,0,0,0,83,707.0
flat,experion the heartsong,sector 108,0.93,6078.0,2,3,3,10.0,Relatively New,1161.0,0,0,0,0,0,0,81,765.0
flat,smart world orchard,sector 61,2.24,14461.0,3,3,2,3.0,New Property,1402.0,0,0,0,0,1,0,61,516.3333333333334
flat,kiran residency,sector 56,1.55,7750.0,3,3,3,5.0,Old Property,1810.0,0,1,0,0,0,1,52,666.6666666666666
flat,supertech araville,sector 79,0.78,6023.0,2,2,3+,17.0,Relatively New,1172.0,0,0,0,0,0,0,24,647.5
flat,la vida by tata housing,sector 113,1.93,12223.0,3,3,2,8.0,Under Construction,1429.0,0,0,0,0,0,0,71,526.3333333333334
flat,ats triumph,sector 104,2.6,8814.0,4,4,3+,16.0,Relatively New,3064.0,0,1,0,0,0,1,150,737.5
house,experion windchants,sector 112,7.46,10260.0,4,4,3+,2.0,Relatively New,6350.0,0,1,0,1,0,1,62,1817.75
flat,ambience creacions,sector 22,4.8,19200.0,4,6,3+,10.0,New Property,2778.0,0,1,0,1,0,2,49,625.0
flat,experion the heartsong,sector 108,0.97,9238.0,2,2,3,10.0,Relatively New,1167.0,0,1,0,0,0,0,165,525.0
flat,shapoorji pallonji joyville gurugram,sector 102,0.97,10601.0,2,2,2,12.0,Relatively New,828.0,0,0,0,0,0,0,100,457.5
flat,dlf garden city floors,sector 92,1.7,8586.0,3,4,2,1.0,Under Construction,1475.0,0,0,0,0,0,0,63,660.0
house,independent,sector 26,6.75,27778.0,3,3,3,2.0,Moderately Old,2430.0,0,0,0,0,0,0,27,810.0
flat,dlf new town heights,sector 90,1.2,6218.0,3,3,3+,8.0,Moderately Old,2144.0,0,1,0,1,0,0,59,643.3333333333334
flat,shree vardhman victoria,sector 70,1.65,8462.0,3,5,3,6.0,Relatively New,1527.0,0,1,0,1,0,0,167,650.0
flat,antriksh heights,sector 84,0.69,5111.0,2,2,3+,8.0,Relatively New,1222.0,1,0,0,0,0,0,59,675.0
flat,ss,sector 85,1.2,7151.0,2,2,3,15.0,Relatively New,1660.0,0,0,0,0,0,0,49,839.0
flat,apartment,sector 92,0.75,4688.0,3,4,3,2.0,Moderately Old,1778.0,1,0,0,0,0,0,113,533.3333333333334
flat,vatika city,sector 49,1.69,8622.0,3,3,3,3.0,Moderately Old,2178.0,0,0,0,1,0,0,136,653.3333333333334
flat,ireo victory valley,sector 67,4.5,14098.0,4,4,3+,0.0,Relatively New,3160.0,0,1,0,1,0,1,42,798.0
house,unitech uniworld resorts,sector 33,8.5,17820.0,5,5,3+,3.0,New Property,4770.0,1,1,1,1,0,1,145,954.0
flat,signature global solera,sector 107,0.4,6645.0,2,2,1,7.0,Relatively New,577.0,0,0,0,0,0,1,55,301.0
flat,hsiidc sidco aravali,manesar,0.9,3648.0,4,4,3,7.0,Moderately Old,2233.0,0,0,0,0,0,0,0,616.75
flat,residency grand,sector 52,5.0,7692.0,5,7,3+,1.0,Moderately Old,5778.0,0,1,0,1,0,0,77,1300.0
flat,whiteland blissville,sector 76,1.9,11364.0,3,3,2,0.0,Under Construction,1513.0,0,0,0,0,0,0,61,557.3333333333334
flat,spaze privy at,sector 84,1.24,6465.0,3,3,3,8.0,Relatively New,1650.0,1,0,0,0,0,1,158,639.3333333333334
flat,central park flower valley,sector 33,1.4,21538.0,3,3,3,2.0,Under Construction,588.0,0,0,0,0,0,0,54,216.66666666666666
flat,rof ananda,sector 95,0.46,6319.0,2,2,2,11.0,New Property,809.0,1,0,0,0,0,0,82,364.0
flat,suncity vatsal valley,gwal pahari,1.38,12212.0,2,2,2,4.0,Under Construction,1130.0,0,0,0,0,0,1,133,565.0
flat,conscient heritage max,sector 102,1.82,9372.0,3,4,3+,15.0,Moderately Old,1757.0,0,1,0,0,0,0,125,647.3333333333334
flat,tulsiani easy in homes,sohna road,0.4,6723.0,2,2,3,12.0,New Property,661.0,0,0,0,0,0,0,36,297.5
flat,hsiidc sidco aravali,manesar,0.86,3323.0,3,3,3+,3.0,Moderately Old,1900.0,0,1,0,0,0,0,81,862.6666666666666
flat,shree vardhman victoria,sector 70,1.65,8462.0,3,3,2,6.0,Relatively New,2167.0,1,0,0,0,0,0,72,650.0
flat,conscient elevate,sector 59,3.78,16499.0,3,3,3,3.0,Under Construction,2550.0,0,0,0,0,0,0,31,763.6666666666666
flat,emaar gurgaon greens,sector 102,1.42,8606.0,3,3,3,7.0,Relatively New,1315.0,0,1,0,0,0,0,128,550.0
flat,ats tourmaline,sector 109,1.4,8000.0,3,3,3+,8.0,Relatively New,1466.0,0,0,1,0,0,0,119,583.3333333333334
flat,ramson kshitij sec-95 gurugram,sector 95,0.27,2700.0,2,2,0,1.0,New Property,758.0,0,0,0,0,0,0,0,500.0
flat,pyramid urban homes 2,sector 86,0.42,8485.0,2,2,1,2.0,New Property,557.0,1,1,0,1,1,0,84,247.5
flat,prime habitat,sector 99,0.26,4745.0,2,2,1,6.0,Relatively New,611.0,0,0,0,0,1,0,79,274.0
flat,ramsons kshitij,sector 95,0.4,5839.0,3,2,2,6.0,New Property,761.0,0,0,0,0,0,0,0,228.33333333333334
flat,the lions cghs,sector 56,2.05,9535.0,4,4,3,7.0,Relatively New,2000.0,0,1,0,0,1,1,49,537.5
flat,sare crescent parc,sector 92,0.87,4971.0,4,4,2,2.0,Moderately Old,1584.0,0,0,1,0,0,2,115,437.5
flat,microtek greenburg,sector 86,1.65,8707.0,3,4,3,8.0,Relatively New,1715.0,0,1,0,0,0,0,124,631.6666666666666
house,bhawani enclave,sector 12,0.42,8235.0,3,3,0,2.0,New Property,567.0,0,0,0,1,0,0,0,170.0
flat,emaar mgf emerald floors premier,sector 65,2.75,13924.0,4,4,3,3.0,Relatively New,1975.0,1,1,0,0,0,1,113,493.75
flat,the khushboo cooperative housing society ltd,sector 9,0.88,4889.0,3,3,2,2.0,Old Property,1438.0,0,0,0,0,0,1,31,600.0
flat,tarc maceo,sector 91,1.4,7407.0,3,3,3+,7.0,Relatively New,1700.0,0,0,0,0,0,0,76,630.0
flat,m3m golfestate,sector 65,5.9,17544.0,3,3,3,9.0,Moderately Old,3043.0,1,0,0,0,0,2,21,1121.0
flat,signature global city 81,sector 81,0.82,8641.0,2,2,3,2.0,Relatively New,955.0,0,0,0,0,0,0,53,474.5
flat,bestech park view grand spa,sector 81,3.3,12222.0,4,5,3+,4.0,Relatively New,3070.0,1,1,0,0,0,1,174,675.0
flat,gls avenue 51,sector 92,0.5,7812.0,3,3,1,12.0,New Property,711.0,0,0,0,0,0,2,95,213.33333333333334
flat,tulip purple,sector 69,1.8,9000.0,4,5,3+,4.0,Relatively New,2200.0,0,1,0,0,0,0,165,500.0
flat,ireo the grand arch,sector 58,4.85,16934.0,4,5,3,23.0,Relatively New,3182.0,1,1,0,1,1,1,49,716.0
flat,emaar palm heights,sector 77,1.79,8840.0,3,3,3,1.0,New Property,1600.0,0,1,0,0,0,1,49,675.0
flat,pareena coban residences,sector 99,1.13,5658.0,3,5,3,5.0,Relatively New,1790.0,0,1,0,0,1,0,49,665.6666666666666
flat,dlf the ultima,sector 81,2.29,10926.0,3,4,3+,15.0,Relatively New,1900.0,0,1,0,0,0,2,103,698.6666666666666
flat,breez global heights,sohna road,0.26,6599.0,1,1,1,6.0,New Property,438.0,0,0,0,0,0,0,26,394.0
flat,ramsons kshitij,sector 95,0.29,5179.0,2,2,2,14.0,Relatively New,507.0,0,0,0,0,0,0,50,280.0
house,independent,sector 1,1.85,16003.0,4,3,2,3.0,Moderately Old,1284.0,0,0,0,0,0,0,0,289.0
flat,bestech park view residency,sector 2,0.95,6709.0,2,2,3,10.0,Old Property,1573.0,0,0,0,0,0,1,88,708.0
flat,brisk lumbini terrace homes,sector 109,1.5,6617.0,3,3,1,4.0,New Property,2519.0,0,1,0,0,0,0,37,755.6666666666666
flat,indiabulls enigma,sector 110,4.0,9850.0,4,4,3,17.0,New Property,3350.0,0,0,0,0,0,0,59,1015.25
flat,global height,sohna road,0.45,6338.0,2,2,2,6.0,Relatively New,789.0,0,0,0,0,0,2,49,355.0
flat,spectrum centre,sector 82a,0.62,9538.0,1,1,0,6.0,Relatively New,650.0,0,0,0,0,0,0,0,650.0
flat,dlf new town heights,sector 90,1.15,5959.0,3,3,3+,9.0,Relatively New,1747.0,0,1,0,1,0,0,88,643.3333333333334
flat,vatika gurgaon,sector 83,1.4,6629.0,3,3,2,7.0,Relatively New,1570.0,0,0,0,0,0,1,74,704.0
house,independent,sector 57,3.15,20349.0,5,4,3+,2.0,Moderately Old,1548.0,0,0,1,0,0,1,60,309.6
flat,chd avenue,sector 71,0.98,6049.0,3,3,3,0.0,Moderately Old,1466.0,1,0,0,0,0,0,65,540.0
flat,shapoorji pallonji joyville gurugram,sector 102,1.75,15514.0,3,3,3+,1.0,Relatively New,1465.0,0,0,0,0,0,0,49,376.0
flat,m3m golfestate,sector 65,5.0,16667.0,3,3,3,2.0,Relatively New,3245.0,0,1,0,0,0,1,174,1000.0
flat,emaar mgf emerald floors premier,sector 65,2.55,15455.0,3,3,3,3.0,Relatively New,1650.0,1,1,0,0,0,0,21,550.0
flat,godrej nature plus,sector 33,1.65,8267.0,3,3,3,2.0,Under Construction,2218.0,0,1,0,0,0,0,37,665.3333333333334
flat,paras dews,sector 106,2.1,8917.0,4,6,3+,6.0,Relatively New,2131.0,0,1,0,0,1,0,60,588.75
flat,jammu and kashmir bank employees cghs,sector 9,0.95,6129.0,3,3,2,5.0,Moderately Old,1403.0,0,0,0,0,1,0,30,516.6666666666666
flat,ats kocoon,sector 109,2.2,10501.0,3,4,3,13.0,Relatively New,1860.0,0,1,0,0,0,0,165,698.3333333333334
flat,vipul world,sector 48,1.38,9485.0,3,3,1,2.0,Relatively New,1611.0,0,0,0,0,0,0,60,485.0
house,nul,sector 25,15.0,23438.0,5,5,3,2.0,Moderately Old,6400.0,1,1,0,1,0,1,112,1280.0
flat,uphaar residency 2,sector 105,0.42,5600.0,3,2,1,0.0,Moderately Old,833.0,0,0,0,0,1,0,7,250.0
flat,smart world orchard,sector 61,2.55,15644.0,3,3,2,4.0,New Property,1630.0,0,0,0,0,1,0,30,543.3333333333334
flat,ats tourmaline,sector 109,2.3,8897.0,3,4,3+,10.0,New Property,2339.0,0,1,0,0,1,0,74,861.6666666666666
flat,emaar mgf emerald floors,sector 65,3.2,10159.0,4,3,2,1.0,Relatively New,3150.0,0,1,0,0,0,0,0,787.5
flat,smartworld 1dxp,sector 113,2.75,10589.0,4,4,3+,20.0,Under Construction,2886.0,1,1,0,1,0,2,57,649.25
flat,central park flower valley aqua front towers,sector 33,2.0,11179.0,3,3,3+,8.0,New Property,1619.0,0,0,0,0,0,0,23,596.3333333333334
flat,dlf the primus,sector 82a,1.85,10176.0,3,3,3,15.0,Moderately Old,1677.0,0,0,0,0,1,0,38,606.0
flat,ramprastha city,dwarka expressway,1.3,9286.0,3,3,2,3.0,Under Construction,1267.0,0,0,0,0,0,0,0,466.6666666666667
flat,dlf regal gardens,sector 90,1.23,7053.0,3,3,2,19.0,Relatively New,1578.0,0,0,0,0,1,0,6,581.3333333333334
flat,m3m heights,sector 65,2.65,18493.0,2,2,3,4.0,New Property,1433.0,1,0,0,0,0,0,38,716.5
house,independent,sector 9,1.65,18333.0,2,3,0,3.0,Old Property,900.0,0,0,0,0,0,0,0,450.0
flat,dlf trinity towers,sector 43,3.8,15510.0,3,3,3+,1.0,Moderately Old,2450.0,0,1,0,1,0,1,68,816.6666666666666
flat,emaar mgf emerald floors premier,sector 65,2.85,14430.0,4,4,3+,0.0,Relatively New,1975.0,1,1,0,0,0,1,151,493.75
flat,dlf the arbour,sector 63,7.8,19747.0,4,4,0,6.0,New Property,3950.0,0,0,0,0,0,0,61,987.5
flat,bestech park view residency,sector 2,1.5,7825.0,3,4,3+,10.0,Moderately Old,1738.0,0,1,0,0,0,0,93,639.0
house,ninex city,sector 76,1.75,6250.0,4,4,0,14.0,New Property,3111.0,0,0,0,0,0,0,0,700.0
flat,suposhaa smartworld orchard,sector 61,2.17,14000.0,3,3,3,1.0,Under Construction,1721.0,0,0,0,0,0,0,0,516.6666666666666
flat,emaar gurgaon greens,sector 102,1.35,8182.0,3,3,3,9.0,Relatively New,1315.0,0,1,0,0,0,0,100,550.0
flat,paras dews,sector 106,1.05,8537.0,3,4,3+,10.0,Relatively New,1345.0,0,1,0,0,0,0,174,410.0
flat,unitech heritage city,sector 14,4.26,13108.0,4,4,0,9.0,Relatively New,3250.0,0,0,0,0,0,0,0,812.5
flat,signature the roselia,sector 95,0.41,6193.0,2,2,2,12.0,New Property,670.0,1,0,0,0,0,1,90,331.0
house,ansals florence villa,sector 57,3.65,10580.0,6,6,2,3.0,Moderately Old,3450.0,1,1,1,1,0,2,152,575.0
flat,sbtl caladium,sector 109,1.2,6383.0,3,2,2,8.0,Relatively New,1701.0,0,0,0,0,0,0,151,626.6666666666666
flat,m3m woodshire,sector 107,0.98,6422.0,2,2,3,7.0,Relatively New,1281.0,1,0,0,0,0,1,174,763.0
house,independent,sector 56,7.5,23148.0,8,8,3+,3.0,Relatively New,3240.0,1,1,0,1,0,2,42,405.0
flat,krrish florence estate,sector 70,1.65,7765.0,3,4,3+,27.0,New Property,1923.0,1,1,0,0,0,0,81,708.3333333333334
house,vipul tatvam villa,sector 48,5.5,21219.0,3,6,2,2.0,Moderately Old,2592.0,0,1,0,0,1,1,106,864.0
flat,tulip violet,sector 69,1.38,8973.0,3,3,1,12.0,Relatively New,1392.0,0,0,0,0,0,0,157,512.6666666666666
house,independent,sector 69,0.8,10485.0,1,1,0,1.0,New Property,763.0,0,0,0,0,0,0,0,763.0
flat,smart world gems,sector 89,0.9,8160.0,2,2,2,3.0,New Property,998.0,1,0,0,0,1,0,95,551.5
flat,green homes,sector 52,1.85,7872.0,3,3,3,7.0,Moderately Old,2127.0,0,1,0,0,0,0,28,783.3333333333334
flat,umang monsoon breeze,sector 78,0.75,6053.0,2,2,1,5.0,Moderately Old,1239.0,0,0,0,0,0,0,0,619.5
flat,pareena coban residences,sector 99,1.3,6510.0,3,3,0,16.0,New Property,1997.0,0,0,0,0,0,0,0,665.6666666666666
flat,signature global park,sohna road,0.54,7248.0,2,1,3,1.0,New Property,828.0,0,0,0,0,0,0,65,372.5
flat,signature global the millennia,sector 37d,0.55,9167.0,2,2,3,3.0,New Property,610.0,0,0,0,0,0,0,71,300.0
flat,m3m heights,sector 65,2.0,13957.0,2,2,2,32.0,Relatively New,1433.0,0,0,0,0,0,0,48,716.5
flat,pareena coban residences,sector 99,1.32,6610.0,3,5,3,11.0,New Property,1737.0,0,1,0,0,0,0,88,665.6666666666666
flat,experion windchants,sector 112,5.49,11585.0,4,5,3+,5.0,Relatively New,3655.35,0,1,0,0,0,1,168,1184.75
flat,smart world gems,sector 89,1.0,9009.0,2,2,3,3.0,New Property,1233.0,1,0,0,0,1,0,99,555.0
flat,supertech araville,sector 79,1.0,6536.0,2,2,3,4.0,Relatively New,1700.0,1,0,0,0,0,0,24,765.0
flat,smart world gems,sector 89,0.9,8160.0,2,2,2,2.0,New Property,998.0,1,0,0,0,1,0,44,551.5
flat,sare homes,sector 92,0.65,4587.0,3,3,2,3.0,Relatively New,1574.0,0,0,0,0,0,0,6,472.3333333333333
flat,signature global city 37d ph 2,sector 37d,1.36,8848.0,3,3,3,1.0,Under Construction,1535.0,0,0,0,1,1,0,37,512.3333333333334
house,international city by sobha phase 2,sector 109,11.3,25111.0,7,5,3+,4.0,Relatively New,4500.0,1,1,0,1,1,0,49,642.8571428571429
flat,ramprastha skyz,sector 37d,1.25,7251.0,3,3,3+,2.0,Under Construction,1725.0,0,0,0,0,0,0,8,574.6666666666666
flat,my home,sector 110,0.28,3167.0,2,1,1,2.0,Relatively New,1000.0,0,0,0,0,1,0,15,442.0
flat,shapoorji pallonji joyville gurugram,sector 102,1.3,17687.0,2,2,3,0.0,Relatively New,1009.0,0,0,1,0,0,0,125,367.5
house,dlf city plot phase 4,sector 28,13.0,17931.0,10,10,3+,1.0,Old Property,8056.0,0,0,0,0,0,0,0,725.0
flat,parsvnath exotica,sector 53,4.8,16580.0,3,4,3+,8.0,Relatively New,2500.0,0,1,0,1,1,1,174,965.0
flat,godrej summit,sector 104,1.35,5015.0,4,5,3+,0.0,Relatively New,2991.0,1,1,1,1,0,0,88,673.0
flat,tulip monsella,sector 53,8.25,28004.0,3,4,3,8.0,Under Construction,2661.0,0,1,0,0,0,2,35,982.0
house,independent,sector 5,0.85,8500.0,1,1,0,1.0,Moderately Old,1000.0,0,0,0,0,0,0,0,1000.0
flat,sare crescent parc royal greens phase 1,sector 92,0.65,4511.0,3,3,3,1.0,Moderately Old,1304.0,0,0,0,0,0,0,91,480.3333333333333
flat,surendra avenue 69,sector 69,0.75,6818.0,2,2,2,4.0,Moderately Old,1100.0,0,0,0,0,0,0,0,550.0
house,independent,sector 7,0.69,9103.0,1,1,1,2.0,Old Property,758.0,0,0,0,0,0,0,0,758.0
house,independent,sector 40,5.0,21124.0,9,9,3+,3.0,Moderately Old,2367.0,0,1,1,0,0,1,83,263.0
flat,umang monsoon breeze,sector 78,0.88,4746.0,3,4,3,8.0,Moderately Old,1668.0,0,1,0,1,0,0,111,618.0
flat,emaar mgf the enclave,sector 66,2.1,12353.0,3,4,2,12.0,Relatively New,1800.0,0,1,0,0,0,1,156,566.6666666666666
flat,m3m skycity,sector 65,3.0,16411.0,3,3,3,17.0,Under Construction,1828.0,0,0,0,0,0,0,99,609.3333333333334
flat,dlf regal gardens,sector 90,1.7,7222.0,4,4,3+,15.0,Moderately Old,2005.0,0,1,0,0,0,0,38,588.5
flat,emaar palm gardens,sector 83,1.8,9474.0,3,3,3,6.0,Relatively New,1549.0,0,1,0,0,0,1,97,633.3333333333334
flat,smart world orchard,sector 61,1.85,14800.0,2,2,2,3.0,New Property,1389.0,0,0,0,0,0,0,44,625.0
flat,parsvnath exotica,sector 53,6.5,19174.0,4,5,3+,10.0,Relatively New,3000.0,1,1,0,1,0,1,174,847.5
house,independent,sector 26,5.8,12838.0,4,4,3+,4.0,Old Property,4518.0,0,0,0,0,0,0,38,1129.5
flat,godrej nature plus,sector 33,1.1,7971.0,2,2,2,14.0,Under Construction,1533.0,0,0,0,0,0,0,56,690.0
house,independent,sector 5,1.5,5000.0,6,1,0,1.0,New Property,3000.0,0,0,0,0,0,0,0,500.0
flat,sare green parc phase 3,sector 92,0.7,5279.0,3,2,2,4.0,Relatively New,1325.0,0,0,0,0,0,0,56,442.0
flat,shapoorji pallonji joyville gurugram,sector 102,2.0,17730.0,3,3,3+,1.0,Relatively New,1456.0,0,0,1,0,0,0,139,376.0
house,signature global park,sohna road,0.85,7589.0,3,2,2,1.0,Under Construction,1120.0,0,0,0,0,0,0,15,373.3333333333333
house,anamika enclave,sector 12,6.0,14493.0,9,9,3+,3.0,Old Property,9000.0,0,0,0,0,0,0,9,460.0
house,sector 14 rwa,sector 14,6.5,20635.0,4,4,3+,2.0,Moderately Old,3150.0,0,0,0,0,0,0,0,787.5
flat,sare homes,sector 92,1.18,5207.0,4,4,3,8.0,Relatively New,2518.0,0,1,0,0,0,0,108,566.5
flat,paras dews,sector 106,1.15,7419.0,3,3,3,11.0,Relatively New,1650.0,0,1,0,1,0,1,174,516.6666666666666
flat,wings apartment,sector 9,1.2,6667.0,4,3,2,4.0,Moderately Old,2000.0,0,0,0,0,0,1,23,450.0
flat,gls arawali homes,sohna road,0.28,5983.0,2,2,2,3.0,Relatively New,520.0,0,0,0,0,0,0,42,234.0
house,independent,sector 23,2.7,18621.0,5,5,2,3.0,Old Property,1450.0,0,0,0,0,0,1,17,290.0
flat,m3m skywalk,sector 74,2.7,13380.0,3,3,3,13.0,New Property,2018.0,0,0,1,0,0,0,92,672.6666666666666
flat,raheja sampada,sector 92,0.7,4453.0,3,3,0,7.0,Relatively New,1572.0,0,0,0,0,0,0,0,524.0
house,independent,sector 6,1.0,4630.0,6,4,0,3.0,Moderately Old,240.0,0,0,0,0,0,0,0,360.0
house,independent,sector 53,4.0,17778.0,5,5,2,3.0,Relatively New,2250.0,1,0,0,0,0,0,23,450.0
house,bhim garh kheri,sector 3,0.75,6410.0,4,2,2,2.0,Old Property,1170.0,0,0,0,0,0,0,16,292.5
flat,gls arawali homes,sohna road,0.28,4938.0,2,2,2,3.0,Relatively New,500.0,0,0,0,0,0,1,42,283.5
house,independent,sector 28,4.5,13889.0,4,4,0,4.0,Old Property,3240.0,0,0,0,0,0,0,0,810.0
flat,godrej summit,sector 104,0.85,6894.0,2,2,3,12.0,Relatively New,1611.0,1,0,0,0,1,0,61,616.5
house,spaze privy,sector 72,3.09,6981.0,5,5,3+,14.0,Relatively New,3653.0,0,1,0,0,0,1,33,885.2
flat,conscient habitat,sector 99,0.35,6422.0,2,2,1,3.0,Relatively New,606.0,0,0,0,0,0,0,62,272.5
flat,bptp mansions park prime,sector 66,3.0,10854.0,4,4,3,3.0,Relatively New,2700.0,1,1,0,1,1,1,174,691.0
flat,unitech uniworld gardens,sector 47,1.05,10532.0,2,2,2,3.0,Relatively New,1108.0,0,0,0,0,0,1,34,498.5
house,unitech nirvana birch court,sector 50,7.1,31430.0,3,3,3,1.0,Moderately Old,2259.0,0,1,0,0,0,0,49,753.0
flat,ramprastha the edge towers,sector 37d,0.71,5420.0,2,2,3,10.0,New Property,1100.0,0,0,0,0,1,0,38,655.0
flat,sbtl caladium,sector 109,1.6,6287.0,3,3,3,9.0,Relatively New,2303.0,0,1,0,0,0,0,75,848.3333333333334
flat,emaar palm heights,sector 77,1.75,11667.0,3,3,3+,11.0,Relatively New,1900.0,0,1,0,0,0,0,94,500.0
flat,sushant lok 1 builder floors,sector 43,2.5,12920.0,3,3,2,2.0,New Property,195.0,0,0,0,0,0,0,0,645.0
flat,ats triumph,sector 104,1.95,8515.0,3,3,3+,3.0,New Property,2544.0,0,1,0,0,0,0,69,763.3333333333334
flat,alpha corp gurgaonone,sector 84,2.2,7586.0,4,4,3,10.0,Relatively New,3222.0,0,1,0,0,0,0,21,725.0
house,independent,sector 45,8.5,26235.0,5,4,2,1.0,Moderately Old,3240.0,0,1,0,1,0,1,49,648.0
flat,unitech vistas,sector 70,0.53,4801.0,2,2,2,9.0,Under Construction,991.0,0,0,0,0,1,0,24,552.0
flat,m3m sky lofts,sector 71,0.9,13177.0,1,1,0,6.0,New Property,683.0,0,0,0,0,0,0,77,683.0
flat,central park flower valley,sector 33,2.3,12778.0,4,4,3+,5.0,New Property,2000.0,0,1,0,1,0,0,42,450.0
house,ashok vihar phase 3 gurgaon,sector 5,0.95,8879.0,4,3,2,1.0,Old Property,1070.0,0,0,0,0,0,0,8,267.5
flat,ramsons kshitij,sector 95,0.35,5495.0,2,2,0,5.0,New Property,637.0,0,0,0,0,0,0,0,318.5
flat,emaar palm gardens,sector 83,3.15,8400.0,5,7,3+,15.0,Relatively New,3200.0,0,1,0,0,0,1,165,750.0
flat,signature global grand iva,sector 103,0.23,6534.0,1,1,1,4.0,Relatively New,400.0,0,0,0,0,0,0,23,352.0
flat,m3m heights,sector 65,2.78,15200.0,3,3,3,44.0,Relatively New,1829.0,0,0,0,0,0,0,56,609.6666666666666
flat,alpha corp gurgaonone,sector 84,1.5,7641.0,3,3,3,20.0,Relatively New,1833.0,0,1,0,0,0,1,37,654.3333333333334
flat,signature global synera,sector 81,0.49,6667.0,2,2,3,5.0,Relatively New,700.0,0,0,0,0,0,0,117,367.5
house,central park flower valley cerise floors,sector 33,1.35,11157.0,2,2,2,4.0,New Property,1210.0,1,0,0,0,0,2,107,605.0
house,independent,sector 14,6.4,20317.0,6,6,3+,3.0,Old Property,3150.0,0,0,0,0,1,0,35,525.0
flat,m3m sierra 68,sector 68,1.1,8987.0,2,2,3,1.0,Relatively New,1150.0,0,0,0,0,0,1,127,612.0
flat,tulip violet,sector 69,1.3,8447.0,3,3,1,12.0,Relatively New,1392.0,0,0,0,1,0,1,94,513.0
flat,m3m capital,sector 113,2.9,12620.0,4,4,3+,11.0,Under Construction,2553.0,1,1,0,0,0,0,49,574.5
flat,parsvnath green ville,sector 48,1.5,8787.0,3,3,3,1.0,Old Property,1600.0,0,0,0,0,0,1,128,569.0
house,independent,sector 43,2.55,13178.0,3,3,2,3.0,Relatively New,1935.0,0,0,0,0,0,1,60,645.0
flat,dlf the arbour,sector 63,8.5,21519.0,4,4,0,27.0,New Property,3950.0,0,0,0,0,0,0,61,987.5
flat,raheja vedaanta,sector 108,0.65,4762.0,2,2,2,5.0,Relatively New,1235.0,0,0,0,1,0,1,174,682.5
flat,alpha corp gurgaonone,sector 84,2.28,8769.0,4,4,3+,8.0,Relatively New,2998.0,0,1,0,0,0,0,61,650.0
flat,antriksh heights,sector 84,0.88,4822.0,3,3,3,16.0,Relatively New,1652.0,0,0,0,1,0,0,67,608.3333333333334
flat,shapoorji pallonji joyville gurugram,sector 102,1.99,20665.0,2,2,2,14.0,New Property,1145.0,0,0,0,0,0,0,152,481.5
flat,bptp terra,sector 37d,1.4,7731.0,3,3,3,5.0,Relatively New,1711.0,0,0,0,0,0,1,149,603.6666666666666
house,independent,sector 3,0.68,3875.0,5,3,0,1.0,Moderately Old,1755.0,0,0,0,0,0,0,0,351.0
flat,sare homes,sector 92,0.71,5354.0,3,3,3,2.0,Relatively New,1473.0,0,0,0,1,0,0,108,442.0
flat,dlf belvedere towers,sector 25,3.7,17619.0,4,4,3,18.0,Old Property,2333.0,0,1,0,0,0,1,26,525.0
flat,silverglades the melia,sohna road,0.91,6801.0,2,2,3,1.0,New Property,1222.0,1,0,0,0,0,0,72,669.0
flat,tata primanti,sector 72,3.25,10545.0,3,3,3,2.0,Moderately Old,2986.0,0,1,0,0,0,0,94,1027.3333333333333
flat,dlf the ultima,sector 81,2.2,10476.0,3,4,3+,17.0,Relatively New,1900.0,0,1,0,0,0,2,49,700.0
house,independent,sector 11,4.0,19753.0,5,4,1,2.0,Moderately Old,2025.0,0,0,0,0,0,0,0,405.0
flat,shree vardhman victoria,sector 70,1.78,9128.0,3,3,3+,7.0,Relatively New,1765.0,0,1,0,0,1,0,49,650.0
flat,imperia the esfera,sector 37,0.99,5455.0,3,5,3+,5.0,Relatively New,1400.0,0,1,0,0,0,0,49,605.0
house,independent,sector 56,2.95,20233.0,2,2,0,1.0,Moderately Old,1458.0,0,0,0,0,0,0,0,729.0
flat,antriksh heights,sector 84,0.54,4459.0,2,2,3+,17.0,Relatively New,1086.0,0,0,0,0,0,0,81,605.5
flat,vatika the seven lamps,sector 82,0.85,6538.0,2,2,2,0.0,Relatively New,1176.0,0,0,0,0,0,1,49,650.0
flat,sidhartha ncr greens,sector 95,0.6,5576.0,2,2,2,14.0,Relatively New,974.0,1,0,0,0,0,0,31,538.0
house,sector 14 rwa,sector 14,6.5,26000.0,5,5,0,4.0,Moderately Old,2500.0,0,0,0,0,0,0,0,500.0
flat,the roselia 2,sector 95,0.45,6475.0,2,2,2,19.0,New Property,695.0,0,0,0,0,0,0,0,347.5
flat,sare homes,sector 92,0.5,4237.0,3,3,2,1.0,Relatively New,1068.0,0,0,0,0,0,0,26,393.3333333333333
house,independent,sector 22,4.75,20068.0,7,5,3+,3.0,Old Property,2367.0,0,0,0,1,1,1,49,338.14285714285717
house,international city by sobha phase 1,sector 109,6.0,24691.0,4,4,3+,2.0,Relatively New,2430.0,1,1,1,1,0,0,160,607.5
flat,ireo skyon,sector 60,2.12,15531.0,2,2,2,2.0,Relatively New,1350.0,0,0,0,1,0,1,174,682.5
flat,dlf the skycourt,sector 86,1.59,8243.0,3,3,3,17.0,Relatively New,1700.0,0,0,0,0,1,1,165,643.0
house,independent,sector 25,6.5,36111.0,4,4,3+,2.0,Moderately Old,1800.0,1,1,1,1,0,0,61,450.0
flat,emaar mgf palm studios,sector 66,1.7,13503.0,2,2,2,7.0,Relatively New,1072.0,0,0,0,0,1,0,99,629.5
flat,sobha city,sector 108,2.6,15196.0,3,3,2,11.0,New Property,1711.0,0,0,0,0,0,0,49,570.3333333333334
house,suncity essel towers,sector 28,8.95,17900.0,5,6,3+,4.0,Moderately Old,5000.0,0,0,0,0,0,0,0,1000.0
flat,sare crescent parc,sector 92,1.44,7069.0,4,4,3,8.0,Relatively New,2267.0,0,0,0,0,0,0,37,509.25
flat,ambience creacions,sector 22,2.55,13710.0,3,3,3,8.0,Relatively New,1860.0,0,0,0,0,1,1,125,620.0
flat,signature global park 4,sector 36,1.0,9901.0,3,2,3,2.0,New Property,1122.0,0,0,0,0,0,0,128,336.6666666666667
house,eldeco mansionz,sector 48,4.95,20599.0,7,7,3+,2.0,Old Property,2403.0,1,1,1,1,0,1,145,343.2857142857143
flat,hector trimurti heights,sector 39,1.5,6383.0,4,3,3,10.0,Old Property,2611.0,0,1,0,0,0,2,49,587.5
flat,umang winter hills,sector 77,0.86,6408.0,2,2,2,16.0,New Property,1214.0,0,0,0,0,0,1,79,671.0
flat,ireo skyon,sector 60,2.15,23344.0,2,3,2,5.0,Relatively New,1250.0,0,1,0,0,0,1,49,460.5
house,independent,sector 26,12.5,38580.0,5,5,3+,2.0,Old Property,3240.0,1,1,1,1,0,1,79,648.0
flat,signature global park,sohna road,0.65,5637.0,2,2,2,2.0,Relatively New,1043.0,0,0,0,1,0,0,118,576.5
flat,tulip ivory,sector 70,2.35,9792.0,4,4,3+,10.0,Moderately Old,2667.0,0,1,0,0,0,1,65,600.0
flat,ss the leaf,sector 85,1.11,6852.0,2,2,3,8.0,Relatively New,1630.0,0,0,1,0,0,0,174,810.0
house,dlf city plots phase 2,sector 25,4.25,31481.0,3,2,3,2.0,Old Property,1350.0,1,0,0,0,0,0,35,450.0
flat,emaar mgf emerald floors premier,sector 65,2.25,13636.0,3,3,3,3.0,Relatively New,1600.0,1,1,0,0,0,1,49,550.0
flat,vatika gurgaon,sector 83,0.78,6265.0,2,2,2,3.0,Relatively New,850.0,1,0,0,1,0,1,165,622.5
flat,alpha corp gurgaonone,sector 84,1.15,7497.0,2,2,3,14.0,Relatively New,1394.0,1,0,0,0,0,0,28,767.0
house,spaze privy,sector 72,3.1,8486.0,5,5,3+,21.0,Relatively New,3653.0,0,0,0,0,0,0,0,730.6
flat,dlf new town heights,sector 91,2.0,6966.0,4,4,3+,16.0,Moderately Old,2468.0,1,1,0,1,0,0,65,717.75
flat,shree vardhman victoria,sector 70,1.64,8384.0,3,5,3,3.0,Relatively New,1527.0,0,1,0,0,0,0,51,652.0
flat,jammu and kashmir bank employees cghs,sector 9,0.94,6065.0,3,3,2,5.0,Moderately Old,1722.0,0,0,0,0,0,1,85,516.6666666666666
flat,experion the heartsong,sector 108,2.08,9905.0,4,4,3+,3.0,Relatively New,2631.0,0,1,0,0,0,0,126,525.0
house,independent,sector 81,0.89,8128.0,1,1,0,1.0,Relatively New,1095.0,0,0,0,0,0,0,0,1095.0
house,independent,sector 26,18.25,18250.0,7,9,3+,4.0,Relatively New,11111.0,1,1,1,1,0,1,77,1428.5714285714287
flat,ss the leaf,sector 85,2.13,7575.0,4,4,3,2.0,Relatively New,2600.0,0,0,0,0,0,0,49,703.0
flat,raheja sampada,sector 92,0.65,4745.0,3,2,3,6.0,Relatively New,1240.0,0,0,0,0,0,0,49,456.6666666666667
flat,signature global city 63a,sector 63a,1.65,15264.0,2,2,2,1.0,Under Construction,978.0,0,0,0,0,0,0,0,540.5
house,independent,sector 25,9.9,29333.0,5,5,2,2.0,Moderately Old,3375.0,0,0,0,1,0,1,106,675.0
house,independent,sector 25,10.0,37037.0,5,6,3,3.0,Old Property,2700.0,0,1,1,0,0,1,64,540.0
flat,emaar imperial gardens,sector 102,2.05,9875.0,3,4,3+,14.0,Relatively New,2250.0,0,1,0,0,0,0,116,692.0
flat,ashiana anmol,sohna road,0.9,9464.0,2,2,2,13.0,Relatively New,1105.0,0,0,0,0,0,2,120,475.5
flat,pyramid urban homes 2,sector 86,0.6,8000.0,3,2,2,2.0,New Property,833.0,0,0,0,0,0,0,13,250.0
flat,sobha city,sector 108,3.95,16859.0,3,4,2,15.0,Relatively New,2343.0,0,1,0,0,0,0,49,781.0
flat,breez global heights,sohna road,0.4,6689.0,2,2,2,7.0,Relatively New,762.0,0,0,0,0,0,0,57,299.0
flat,ansal heights 86,sector 86,0.9,5325.0,3,3,2,10.0,New Property,1690.0,0,0,0,0,0,0,29,563.3333333333334
flat,signature andour heights,sector 71,0.37,7400.0,1,1,2,2.0,Relatively New,425.0,0,0,0,0,0,1,37,500.0
house,independent,sector 24,6.5,22855.0,4,4,2,2.0,Old Property,2844.0,0,0,0,1,0,0,35,711.0
flat,sare crescent parc royal greens phase 1,sector 92,1.25,5833.0,4,4,3,20.0,Relatively New,1939.0,0,1,0,0,0,0,60,535.75
house,independent,sector 56,4.0,26613.0,4,4,3+,2.0,Relatively New,1503.0,0,0,0,0,0,1,24,375.75
flat,the penthouses at the hibiscus,sector 50,8.5,8500.0,4,4,3,9.0,Moderately Old,11111.0,0,1,0,0,0,0,35,2500.0
flat,ats tourmaline,sector 109,1.5,8571.0,3,3,3+,7.0,Relatively New,1466.0,0,0,0,0,0,0,165,583.3333333333334
flat,vatika emilia floors,sector 83,0.65,6190.0,2,2,2,1.0,Relatively New,950.0,0,0,0,0,0,1,174,525.0
flat,aipl zen residences,sector 70a,1.65,13074.0,2,2,3,23.0,New Property,1142.0,0,0,0,0,0,0,81,631.0
flat,bptp terra,sector 37d,1.72,7850.0,3,3,3+,10.0,Relatively New,1983.0,0,1,0,0,0,0,31,730.3333333333334
flat,suncity vatsal valley,gwal pahari,1.28,9552.0,3,3,3,1.0,Relatively New,1489.0,0,0,0,0,0,1,49,446.6666666666667
flat,ss the leaf,sector 85,2.1,8721.0,3,4,3+,6.0,Relatively New,2026.0,0,1,0,0,0,0,156,802.6666666666666
house,ansals palam vihar,sector 2,2.68,17213.0,4,3,2,3.0,Moderately Old,1557.0,0,0,1,0,0,1,74,389.25
flat,indiabulls enigma,sector 110,4.1,10567.0,5,5,2,10.0,Relatively New,3500.0,0,1,0,0,0,0,159,776.0
flat,ss the leaf,sector 85,2.1,7468.0,4,4,3,7.0,Relatively New,2600.0,1,1,0,1,0,0,49,703.0
flat,adarsh nagar,sector 12,0.65,6190.0,3,3,1,1.0,New Property,1167.0,0,0,0,0,0,1,42,350.0
house,emaar mgf marbella,sector 66,12.0,38095.0,5,6,3+,3.0,Relatively New,3150.0,0,1,1,0,0,1,153,630.0
flat,ss the leaf,sector 85,2.3,8179.0,4,4,3+,8.0,Relatively New,2545.0,0,1,0,0,0,0,21,703.0
house,not applicable,sector 11,2.2,12222.0,4,3,2,1.0,Old Property,1800.0,1,0,0,1,0,0,24,450.0
flat,ats tourmaline,sector 109,1.4,8000.0,3,3,3+,12.0,Relatively New,1584.0,0,0,0,0,1,0,65,583.3333333333334
flat,imperia the esfera,sector 37,0.85,5387.0,2,3,3,9.0,Relatively New,1442.0,1,0,0,0,0,0,49,789.0
flat,tulip violet,sector 69,1.38,8967.0,3,3,1,12.0,Relatively New,1392.0,0,0,0,1,0,0,86,513.0
flat,paras irene,sector 70a,1.2,8451.0,2,2,3,6.0,Moderately Old,1285.0,0,0,0,0,0,0,42,710.0
flat,ramprastha primera,sector 37d,1.02,6000.0,3,2,3,22.0,Under Construction,1538.0,0,0,0,0,0,0,43,566.6666666666666
flat,ss,sector 85,2.14,7610.0,4,4,3,6.0,Relatively New,2300.0,1,1,0,1,0,0,49,703.0
flat,ireo skyon,sector 60,2.82,12818.0,3,3,3,2.0,Relatively New,2400.0,0,1,0,0,0,1,174,733.3333333333334
flat,elan the presidential,sector 106,6.3,15385.0,5,6,3+,10.0,Under Construction,3797.0,0,0,0,0,0,1,62,819.0
flat,m3m merlin,sector 67,4.5,14268.0,4,4,3+,15.0,Relatively New,2854.0,0,1,0,0,0,1,158,788.5
flat,bptp freedom park life,sector 57,2.5,11111.0,3,3,3,9.0,Moderately Old,2036.0,0,0,0,0,0,0,55,750.0
flat,m3m merlin,sector 67,2.65,12946.0,3,3,3,0.0,Relatively New,2047.0,0,0,0,0,1,1,174,682.3333333333334
flat,rof aalayas,sector 102,0.45,8411.0,2,2,1,14.0,Relatively New,568.0,0,0,0,0,0,2,57,267.5
house,independent,sohna road,0.49,4261.0,2,2,1,3.0,New Property,1150.0,0,0,0,0,0,0,0,575.0
flat,signature global grand iva,sector 103,0.3,8287.0,1,2,2,5.0,New Property,402.0,0,0,0,0,0,0,37,362.0
flat,lotus homz,sector 111,0.5,14837.0,1,1,1,2.0,Relatively New,374.0,0,0,0,0,0,2,72,337.0
flat,tulip violet,sector 69,2.0,10168.0,4,4,1,12.0,Relatively New,2186.0,0,0,0,0,0,0,79,491.75
house,independent,sector 91,3.6,14815.0,4,4,3,2.0,New Property,2430.0,0,0,0,0,0,1,49,607.5
flat,sahara grace,sector 28,4.3,12421.0,3,4,3,5.0,Old Property,3133.0,0,1,1,0,0,0,24,1154.0
flat,tulip violet,sector 69,1.52,9632.0,3,3,2,4.0,Relatively New,1428.0,0,0,0,1,0,1,156,526.0
flat,chd avenue,sector 71,1.12,6215.0,3,4,3,0.0,Moderately Old,1631.0,0,1,0,0,0,0,65,600.6666666666666
flat,bptp terra,sector 37d,1.5,8255.0,3,3,3,12.0,Relatively New,1686.0,0,0,0,0,1,0,49,605.6666666666666
flat,signature global city 81,sector 81,0.89,8279.0,2,2,2,3.0,Under Construction,1194.0,0,0,0,0,1,0,20,537.5
house,emaar mgf marbella,sector 66,12.0,38095.0,5,6,3+,4.0,New Property,3150.0,0,1,0,1,0,0,38,630.0
flat,dlf regency park,sector 28,2.3,11819.0,3,3,3,7.0,Moderately Old,1777.0,0,1,0,0,0,0,117,648.6666666666666
house,bptp visionnaire,sector 70a,5.4,20690.0,4,5,3+,3.0,Relatively New,2610.0,1,1,1,1,0,1,136,652.5
flat,the close north,sector 50,2.5,11945.0,3,3,3,11.0,Relatively New,1894.0,0,0,0,1,0,1,127,697.6666666666666
flat,kibithu villas,sector 48,3.45,12778.0,4,4,3+,2.0,Moderately Old,3000.0,0,0,0,0,0,0,0,675.0
flat,parsvnath exotica,sector 53,6.44,19003.0,4,4,3,7.0,Moderately Old,3068.0,0,1,0,0,0,1,80,847.25
flat,greenopolis,sector 89,0.65,5196.0,2,2,2,15.0,Under Construction,1390.0,0,0,0,0,0,0,37,625.5
flat,chd avenue,sector 71,1.32,6019.0,4,4,3,14.0,Moderately Old,1985.0,0,1,0,0,0,0,65,548.25
flat,m3m woodshire,sector 107,1.4,5930.0,3,4,0,1.0,New Property,2137.0,0,0,0,0,0,0,67,787.0
flat,shree vardhman victoria,sector 70,1.8,9231.0,3,5,3,0.0,New Property,2167.0,0,0,0,0,0,0,72,650.0
flat,signature global park,sohna road,0.72,5990.0,2,2,3,3.0,Relatively New,1095.0,0,0,0,1,0,0,158,601.0
flat,mapsko mount ville,sector 79,1.5,8264.0,3,4,3+,11.0,Relatively New,1416.0,0,1,0,0,0,1,144,605.0
flat,central park flower valley,sector 33,1.35,10385.0,3,2,2,3.0,New Property,1444.0,0,0,0,0,0,0,87,433.3333333333333
flat,ss the leaf,sector 85,1.83,7609.0,3,4,3,9.0,Relatively New,1925.0,0,0,0,0,0,0,49,801.6666666666666
flat,signature global solera,sector 107,0.29,5930.0,2,2,2,3.0,Relatively New,543.0,0,0,0,0,0,0,45,244.5
flat,zara aavaas,sector 104,0.65,8519.0,3,2,2,7.0,New Property,848.0,0,0,0,0,0,0,65,254.33333333333334
house,independent,sector 1,4.75,10556.0,6,7,0,4.0,Moderately Old,4500.0,0,0,0,0,0,0,0,750.0
flat,krisumi waterfall residences,sector 36,4.1,15501.0,3,4,3,30.0,New Property,2820.0,1,0,0,0,0,2,49,881.6666666666666
flat,ss radiance residency,sector 12,0.6,5660.0,3,3,2,3.0,Relatively New,1178.0,0,0,0,0,0,0,44,353.3333333333333
flat,shree vardhman flora,sector 90,0.7,5385.0,2,2,3,13.0,New Property,1176.0,1,0,0,0,0,0,15,650.0
flat,microtek greenburg,sector 86,1.3,8754.0,2,2,3,10.0,Relatively New,1339.0,1,0,0,0,0,0,38,742.5
flat,beverley park 1,sector 43,8.44,16231.0,4,5,3,9.0,Moderately Old,5000.0,0,1,0,0,0,2,117,1300.0
flat,vatika sovereign park,sector 99,3.25,9673.0,4,4,3+,2.0,New Property,3041.0,0,1,0,0,0,0,123,840.0
flat,pareena laxmi apartments,sector 99,0.32,6107.0,2,2,2,2.0,New Property,473.0,0,0,0,0,0,0,50,262.0
house,independent,sector 55,4.6,21296.0,3,3,3+,2.0,Old Property,2160.0,0,1,1,1,0,1,37,720.0
flat,central park flower valley,sector 33,2.5,13270.0,3,3,2,1.0,Under Construction,2093.0,0,0,0,0,0,0,66,628.0
flat,mvn athens,sohna road,0.25,5198.0,2,2,0,0.0,Relatively New,481.0,0,0,0,0,0,0,37,240.5
flat,godrej summit,sector 104,1.3,9028.0,3,2,3+,16.0,Relatively New,1303.0,1,0,1,1,0,1,0,480.0
flat,bestech park view spa next,sector 67,2.85,12128.0,4,4,3+,5.0,Moderately Old,2127.0,0,1,0,1,0,1,149,587.5
house,independent,sector 14,3.5,18088.0,6,4,2,2.0,Old Property,1935.0,0,0,0,0,1,1,27,322.5
flat,park royal apartment,sector 56,1.85,9024.0,3,4,3,7.0,Old Property,2278.0,0,1,0,0,0,0,72,683.3333333333334
flat,smart world gems,sector 89,1.1,9973.0,3,1,0,0.0,New Property,1103.0,0,0,0,0,0,0,45,367.6666666666667
flat,sare homes,sector 92,1.1,5348.0,4,4,3,4.0,Relatively New,2286.0,0,1,0,0,0,0,108,514.25
flat,vipul lavanya,sector 81,0.6,6667.0,2,2,1,0.0,Under Construction,814.0,0,0,0,0,0,0,0,450.0
flat,experion the heartsong,sector 108,0.9,7015.0,2,3,3,2.0,Relatively New,978.23,0,1,0,0,0,0,94,641.5
house,independent,sector 25,9.0,28490.0,10,10,3,3.0,Old Property,3159.0,0,0,0,1,0,1,64,315.9
flat,raheja atharva,sector 109,2.2,9491.0,3,3,2,7.0,Moderately Old,2576.0,0,1,0,0,0,1,111,772.6666666666666
flat,bestech park view residency,sector 2,1.4,7865.0,3,3,3+,6.0,Old Property,1611.0,0,0,0,0,0,2,107,593.3333333333334
flat,ild grand,sector 37,1.35,7143.0,3,3,0,1.0,New Property,1820.0,0,0,0,0,0,0,60,630.0
flat,signature global solera,sector 107,0.36,5980.0,2,2,1,7.0,Relatively New,598.0,0,0,0,0,1,0,49,301.0
house,saksham welfare association,sector 22,4.7,19848.0,6,6,3+,2.0,Old Property,2368.0,0,0,1,1,0,1,106,394.6666666666667
flat,indiabulls centrum park,sector 103,2.2,7652.0,4,6,3+,4.0,Relatively New,2602.0,0,1,0,0,0,1,108,718.75
house,independent,sector 4,0.65,11111.0,4,2,2,2.0,Moderately Old,585.0,0,0,0,0,0,0,0,146.25
flat,godrej nature plus,sector 33,1.2,14371.0,2,2,3,1.0,New Property,86.0,0,0,0,0,0,0,65,417.5
house,international city by sobha phase 2,sector 109,6.2,25514.0,5,5,2,2.0,Relatively New,2430.0,0,1,0,0,0,0,135,486.0
house,dlf city plots phase 3,sector 24,1.6,3292.0,8,5,3+,4.0,Old Property,540.0,0,0,0,0,0,0,8,607.5
flat,breez global hill view,sohna road,0.35,5600.0,2,2,2,14.0,Relatively New,694.0,0,0,0,0,0,0,98,312.5
house,emaar mgf marbella,sector 66,18.0,40000.0,5,6,3+,3.0,Relatively New,4500.0,1,1,1,1,0,2,153,900.0
flat,dlf regal gardens,sector 90,1.25,7167.0,3,3,2,11.0,Relatively New,1578.0,0,0,0,0,1,0,14,581.3333333333334
flat,ss the coralwood,sector 84,1.05,6774.0,3,3,3,6.0,Relatively New,1610.0,0,0,0,0,1,0,129,516.6666666666666
flat,pivotal riddhi siddhi,sector 99,0.5,8518.0,2,1,2,7.0,New Property,652.0,0,0,0,0,0,0,24,293.5
flat,smart world gems,sector 89,0.86,7797.0,2,3,3,4.0,Under Construction,998.0,0,0,0,0,0,0,45,551.5
flat,corona optus,sector 37,1.27,7232.0,3,3,3,2.0,Relatively New,1595.0,0,0,0,0,1,0,49,585.3333333333334
flat,m3m capital,sector 113,2.57,15576.0,4,5,3+,25.0,Under Construction,2060.0,1,0,0,0,0,1,79,412.5
flat,bestech park view grand spa,sector 81,2.35,8835.0,3,4,3+,6.0,Relatively New,2513.0,0,1,0,0,0,1,101,886.6666666666666
flat,emaar palm gardens,sector 83,1.3,11872.0,3,3,3,16.0,Relatively New,1387.0,0,1,0,0,0,1,174,365.0
flat,vatika the seven lamps,sector 82,0.89,8847.0,2,2,2,14.0,Relatively New,1202.0,1,0,0,0,0,1,129,503.0
flat,emaar imperial gardens,sector 102,1.85,9136.0,3,3,3+,0.0,Relatively New,2250.0,0,1,0,0,0,1,95,675.0
flat,experion windchants,sector 112,3.75,13383.0,3,5,3+,22.0,Relatively New,2536.0,0,1,0,0,0,1,49,934.0
flat,m3m skywalk,sector 74,1.57,11002.0,2,2,3+,10.0,Relatively New,1300.0,0,0,0,0,1,0,137,713.5
flat,godrej habitat,sector 3,1.3,9003.0,2,2,2,6.0,Under Construction,1604.0,0,0,0,0,0,0,36,722.0
house,rwa sector 46,sector 46,4.5,24390.0,6,6,3+,3.0,Moderately Old,1845.0,0,0,1,0,0,1,80,307.5
flat,tulip violet,sector 69,1.68,8358.0,4,4,2,7.0,Relatively New,1819.0,0,0,0,0,0,0,127,502.5
house,independent,sector 24,10.0,25543.0,8,10,3+,1.0,Old Property,3915.0,0,0,0,0,0,0,0,489.375
flat,bptp astaire gardens,sector 70a,1.6,8658.0,4,4,3,1.0,Relatively New,1600.0,1,0,0,0,1,0,42,462.0
flat,unitech uniworld gardens,sector 47,2.15,10307.0,3,4,3+,10.0,Moderately Old,1950.0,0,1,0,0,0,0,49,695.3333333333334
flat,eldeco accolade,sohna road,0.78,5420.0,2,2,2,7.0,Relatively New,1319.0,1,0,0,0,0,1,137,719.5
flat,ats kocoon,sector 109,1.6,9169.0,3,3,3,10.0,Relatively New,1550.0,0,0,0,0,0,0,86,581.6666666666666
house,emaar mgf marbella,sector 66,19.0,31667.0,5,6,3+,3.0,Relatively New,6667.0,0,1,1,1,0,1,110,1200.0
flat,sare homes,sector 92,0.68,5239.0,3,3,2,11.0,Relatively New,1442.0,0,0,0,1,0,0,100,432.6666666666667
flat,vatika the seven lamps,sector 82,0.78,5932.0,2,2,2,0.0,Relatively New,1175.0,0,0,0,0,0,1,103,657.5
flat,raisina residency,sector 59,5.0,13058.0,4,4,3+,13.0,Relatively New,4254.0,1,1,1,1,0,1,174,957.25
flat,rwa,sector 7,0.48,6000.0,3,2,1,1.0,New Property,889.0,0,0,0,0,0,0,21,266.6666666666667
flat,alpha corp gurgaonone,sector 84,1.15,7497.0,2,2,3,8.0,Relatively New,1361.0,1,0,0,0,0,1,37,767.0
flat,signature global city,sector 37d,1.1,8800.0,3,3,3,1.0,Under Construction,1389.0,0,0,0,0,0,0,16,416.6666666666667
flat,shree vardhman victoria,sector 70,1.75,8974.0,3,4,2,16.0,Relatively New,1950.0,0,1,0,1,0,0,49,650.0
flat,eros wembley estate,sector 50,1.4,10174.0,3,3,2,9.0,Relatively New,1245.0,0,0,1,0,0,1,117,458.6666666666667
flat,tulip violet,sector 69,1.72,8731.0,4,4,1,12.0,Relatively New,1783.0,0,0,0,0,0,0,86,492.5
house,independent,sector 37d,1.16,7537.0,1,1,0,1.0,Relatively New,1535.0,0,0,0,0,0,0,0,1539.0
flat,emaar mgf emerald floors premier,sector 65,2.8,16970.0,4,4,3,2.0,Relatively New,1650.0,1,0,0,0,0,1,89,412.5
flat,dlf the skycourt,sector 86,1.56,8087.0,3,4,3+,17.0,Relatively New,1580.0,0,0,1,0,0,0,174,643.0
flat,hsiidc sidco shivalik apartments,manesar,0.73,3559.0,3,3,3+,2.0,Moderately Old,1705.0,0,1,0,0,0,0,80,683.6666666666666
house,unitech nirvana birch court,sector 50,11.95,36883.0,3,3,2,1.0,Moderately Old,3240.0,1,1,0,0,0,0,101,1080.0
flat,bptp terra,sector 37d,1.71,7805.0,3,3,3+,7.0,Relatively New,2191.0,1,0,0,0,0,0,38,730.3333333333334
flat,shri ram apartments,sector 4,0.46,5111.0,2,2,1,1.0,Relatively New,1000.0,0,0,0,0,0,1,69,450.0
house,ansals palam vihar,sector 2,2.75,17662.0,3,3,3,2.0,Moderately Old,1557.0,1,0,0,1,0,1,15,519.0
flat,park view apartments,sector 15,1.6,11034.0,3,3,3+,2.0,Moderately Old,1611.0,0,0,0,1,0,0,56,483.3333333333333
flat,czar mahira homes 63a,sector 63a,0.42,7407.0,3,2,2,1.0,Under Construction,630.0,0,0,0,0,0,0,0,189.0
flat,indiabulls enigma,sector 110,3.3,9851.0,4,5,3,7.0,Relatively New,3032.0,0,1,0,0,0,0,101,837.5
flat,ats tourmaline,sector 109,1.75,8140.0,3,4,3+,2.0,Relatively New,1946.0,0,1,0,0,1,0,65,716.6666666666666
flat,ansal heights 86,sector 86,0.95,5621.0,3,2,1,6.0,New Property,1878.0,0,0,0,0,0,0,15,563.3333333333334
flat,bptp terra,sector 37d,1.77,8079.0,4,3,3,15.0,Relatively New,2025.0,1,1,0,1,1,0,49,547.75
house,huda ashok vihar phase,sector 4,0.7,10234.0,3,2,1,2.0,New Property,684.0,1,0,0,0,0,0,7,228.0
house,dlf city phase 1,sector 26,3.25,3681.0,3,3,3,2.0,Old Property,8829.0,1,0,0,0,0,0,79,2943.0
flat,conscient heritage max,sector 102,1.7,11333.0,3,4,3+,8.0,Relatively New,1700.0,0,1,0,1,0,1,174,500.0
house,bptp astaire gardens,sector 70a,1.04,7172.0,3,3,3+,2.0,Relatively New,1611.0,0,0,0,0,1,1,145,483.3333333333333
flat,greenopolis,sector 89,0.8,6168.0,2,2,2,6.0,Under Construction,1441.0,0,0,0,0,0,0,44,648.5
flat,bestech park view grand spa,sector 81,4.5,10714.0,4,6,3+,17.0,Relatively New,3801.0,0,1,0,0,0,1,44,1050.0
flat,m3m woodshire,sector 107,0.82,6003.0,2,2,3+,7.0,Relatively New,1236.0,0,0,0,0,0,0,111,683.0
flat,aipl zen residences,sector 70a,1.25,9905.0,2,2,2,19.0,New Property,1402.0,0,0,0,0,0,0,42,631.0
flat,pioneer araya,sector 62,9.14,19488.0,4,6,3,16.0,Relatively New,3932.0,1,1,1,0,0,1,146,1172.5
flat,ramprastha the edge towers,sector 37d,0.8,5797.0,2,2,3,2.0,Relatively New,1300.0,0,0,0,0,0,0,78,690.0
flat,ansal heights 86,sector 86,0.82,6029.0,2,2,1,12.0,New Property,1300.0,0,0,0,0,0,0,49,680.0
flat,orchid petals,sector 49,1.9,10526.0,3,3,3,2.0,Old Property,1600.0,0,0,0,0,1,1,49,601.6666666666666
flat,ashiana anmol,sohna road,0.93,7294.0,2,2,2,9.0,Under Construction,1000.0,0,0,0,0,1,0,31,637.5
flat,supertech araville,sector 79,0.8,5267.0,2,2,2,12.0,New Property,1688.0,1,0,0,0,0,0,49,759.5
flat,tulip ivory,sector 70,2.1,8750.0,4,5,3+,5.0,Moderately Old,2114.0,0,1,0,0,0,1,120,600.0
flat,gls arawali homes,sohna road,0.27,4600.0,2,2,2,5.0,New Property,521.0,0,0,0,0,0,0,42,293.5
flat,bestech park view ananda,sector 81,0.95,10626.0,2,2,2,2.0,Relatively New,1112.0,0,0,0,0,0,1,104,447.0
flat,kiran residency,sector 56,1.54,8324.0,3,4,3+,5.0,Old Property,1900.0,0,1,0,0,0,1,98,616.6666666666666
flat,maxworth city residences,sector 10,0.9,7081.0,2,2,3,9.0,New Property,1086.0,0,0,0,0,1,0,52,635.5
flat,mapsko casa bella,sector 82,1.3,6379.0,4,4,3+,1.0,Relatively New,1774.0,0,1,0,0,0,0,130,509.5
flat,supertech araville,sector 79,1.1,5641.0,3,3,3,1.0,Relatively New,2167.0,0,0,0,0,0,1,106,650.0
flat,ambience creacions,sector 22,2.0,14493.0,2,2,2,9.0,Relatively New,1533.0,0,0,0,0,0,0,49,690.0
flat,bestech park view residency,sector 2,0.95,6714.0,2,2,3,1.0,Moderately Old,1281.0,0,0,0,0,0,1,82,707.5
flat,siddhi vinayak apartments,sector 55,1.44,9600.0,3,3,2,6.0,Moderately Old,1700.0,0,0,0,0,1,1,47,500.0
flat,gls avenue 51,sector 92,0.42,6562.0,3,3,1,2.0,Relatively New,711.0,0,0,0,0,0,0,20,213.33333333333334
flat,shree vardhman victoria,sector 70,1.23,9111.0,2,2,3,1.0,Relatively New,1222.0,1,0,0,0,0,0,43,675.0
flat,orchid petals,sector 49,1.95,9974.0,3,3,3,2.0,Old Property,1633.0,0,0,0,0,0,1,90,651.6666666666666
flat,ats tourmaline,sector 109,1.4,8000.0,3,3,3+,5.0,Relatively New,1466.0,0,0,0,0,0,0,44,583.3333333333334
house,satya the legend,sector 57,9.25,16577.0,5,5,3+,4.0,Relatively New,5580.0,1,1,1,1,0,1,160,1116.0
house,dlf city plots phase 2,sector 25,4.5,33333.0,5,3,2,3.0,Old Property,1350.0,0,0,1,1,0,0,25,270.0
flat,ramprastha the edge towers,sector 37d,0.8,8889.0,2,2,3,10.0,Relatively New,1310.0,0,0,0,0,1,0,166,450.0
flat,bestech altura,sector 79,1.85,8605.0,3,4,3+,11.0,New Property,1946.0,0,1,0,0,0,0,49,716.6666666666666
flat,rof ananda,sector 95,0.55,5500.0,3,2,2,14.0,New Property,866.0,1,0,0,0,0,2,30,333.3333333333333
house,international city by sobha phase 2,sector 109,8.48,23556.0,4,6,3+,3.0,New Property,3600.0,1,1,1,1,0,0,153,900.0
flat,ireo victory valley,sector 67,3.49,12998.0,3,3,3,19.0,Relatively New,2724.0,0,1,0,0,0,0,103,895.0
house,kothi,sector 17,6.95,15444.0,4,4,3+,2.0,Old Property,3500.0,1,1,1,1,0,0,33,1125.0
flat,godrej nature plus,sector 33,1.4,15119.0,3,2,3+,20.0,New Property,113.0,0,0,0,0,0,0,70,308.6666666666667
flat,chd avenue,sector 71,1.0,6734.0,3,3,3+,3.0,Relatively New,1344.0,0,0,0,0,0,1,7,495.0
flat,the lions cghs,sector 56,2.1,8750.0,3,4,3+,8.0,Old Property,2200.0,0,0,0,0,1,1,166,800.0
flat,ss the leaf,sector 85,2.13,7575.0,4,4,3,6.0,Relatively New,2600.0,0,0,0,0,0,0,49,703.0
flat,dlf the arbour,sector 63,7.52,18999.0,4,4,3,15.0,New Property,3956.0,0,0,0,0,0,0,61,989.5
flat,corona optus,sector 37,1.26,7250.0,3,3,3,4.0,New Property,1400.0,0,0,0,0,0,0,28,579.3333333333334
flat,madhur jeevan apartments,sector 56,1.59,8595.0,4,3,3+,3.0,Old Property,1900.0,0,0,0,0,1,1,33,462.5
house,sare crescent parc royal greens phase 1,sector 92,0.85,4877.0,4,4,3,4.0,Moderately Old,1743.0,0,0,0,0,0,0,0,435.75
flat,sare crescent parc,sector 92,0.7,5556.0,3,3,2,14.0,Under Construction,140.0,0,0,0,0,0,0,38,420.0
flat,the lions cghs,sector 56,2.05,7885.0,4,4,3+,6.0,Relatively New,2500.0,0,0,0,0,1,1,101,650.0
flat,unitech the palms,sector 41,2.75,16768.0,3,3,2,14.0,Old Property,1640.0,0,0,0,0,0,2,79,546.6666666666666
flat,vatika city,sector 49,1.98,9074.0,3,4,3,9.0,Moderately Old,1750.75,0,1,0,0,0,1,101,727.3333333333334
house,international city by sobha phase 2,sector 109,9.5,26389.0,7,6,3,3.0,Relatively New,3600.0,1,1,0,1,0,0,138,514.2857142857143
flat,tata primanti,sector 72,3.5,11427.0,4,5,3+,16.0,Relatively New,2625.0,0,1,0,0,1,0,31,765.75
house,independent,sector 55,3.55,24500.0,4,4,3+,2.0,Old Property,1449.0,0,0,0,0,0,1,27,362.25
flat,smart world gems,sector 89,0.86,7797.0,2,3,2,4.0,New Property,1226.0,1,1,0,1,0,1,72,551.5
flat,essel tower,sector 28,2.2,12500.0,3,4,3+,3.0,Moderately Old,1956.0,0,1,0,0,0,2,0,586.6666666666666
flat,adani aangan arcade,sector 88a,0.45,7188.0,2,2,1,8.0,New Property,695.0,0,0,0,0,0,0,14,313.0
flat,bhemerlei,sohna road,0.69,5100.0,2,2,2,3.0,Under Construction,1350.0,0,0,0,0,0,0,0,676.5
house,independent,sector 110,0.34,6800.0,1,1,0,1.0,Moderately Old,500.0,0,0,0,0,0,0,0,500.0
flat,ireo victory valley,sector 67,2.95,12110.0,3,3,3+,14.0,Moderately Old,2236.0,0,1,0,1,0,1,165,812.0
flat,ireo victory valley,sector 67,3.5,14583.0,3,4,3,24.0,Relatively New,2490.0,0,1,0,1,0,1,149,800.0
flat,central park flower valley aqua front towers,sector 33,2.1,11738.0,3,3,2,6.0,Under Construction,1619.0,0,0,0,0,0,0,24,596.3333333333334
flat,dlf express greens,manesar,1.2,6504.0,3,4,2,5.0,Relatively New,1670.0,0,1,0,0,1,0,43,615.0
flat,tulip petals,sector 89,1.1,7097.0,3,2,3,4.0,New Property,1550.0,0,0,0,0,0,0,0,516.6666666666666
flat,ireo the corridors,sector 67a,1.4,9434.0,2,2,2,8.0,Relatively New,1149.0,1,0,0,0,1,0,90,742.0
flat,tulip violet,sector 69,1.55,9639.0,3,3,2,2.0,Relatively New,1455.0,0,0,0,1,0,1,86,536.0
flat,sbr minda sec-1 imt manesar,manesar,0.64,4194.0,3,2,3+,6.0,Old Property,1696.0,0,0,0,0,0,0,51,508.6666666666667
house,independent,sector 43,5.5,28424.0,1,1,0,1.0,Old Property,1935.0,0,0,0,0,1,0,12,1935.0
flat,chd avenue,sector 71,1.1,6790.0,3,3,3,11.0,Relatively New,1466.0,0,0,0,0,1,0,72,540.0
flat,godrej nature plus,sector 33,1.3,8349.0,3,2,3+,18.0,New Property,1409.0,0,0,0,0,0,0,38,519.0
house,independent,sector 25,6.6,36667.0,6,7,3+,2.0,Moderately Old,1800.0,1,1,0,0,0,1,119,300.0
house,independent,sector 31,4.25,26235.0,5,5,3+,3.0,Moderately Old,1620.0,0,0,1,1,0,1,56,324.0
house,bptp pedestal,sector 70a,0.92,7751.0,2,3,3+,3.0,New Property,1319.0,0,0,0,0,1,0,153,593.5
flat,breez global heights,sohna road,0.4,6421.0,2,2,1,4.0,New Property,615.0,0,0,0,0,0,0,49,311.5
flat,dlf regal gardens,sector 90,1.15,6326.0,3,3,3+,18.0,Relatively New,1645.0,0,0,0,1,0,1,130,606.0
flat,essel towers,sector 14,2.2,12500.0,3,4,3+,3.0,Relatively New,1956.0,0,0,0,0,0,0,0,586.6666666666666
flat,smart world gems,sector 89,1.0,9033.0,2,2,2,1.0,Under Construction,1230.0,1,0,0,0,0,0,38,553.5
flat,bestech altura,sector 79,1.9,9000.0,3,4,2,11.0,New Property,2389.0,0,1,0,0,0,0,49,703.6666666666666
flat,dlf the ultima,sector 81,2.2,10461.0,3,3,3+,5.0,Relatively New,1570.0,1,1,0,1,1,2,49,701.0
flat,dlf regal gardens,sector 90,1.78,8040.0,4,4,3+,12.0,Relatively New,2005.0,0,0,0,0,0,0,61,553.5
house,sushant lok 1 builder floors,sector 43,2.45,7756.0,4,4,3+,3.0,Moderately Old,540.0,1,1,0,1,1,2,123,789.75
flat,smart world orchard,sector 61,2.45,15796.0,3,3,3,3.0,New Property,1223.0,1,1,0,0,0,0,119,517.0
flat,pareena laxmi apartments,sector 99,0.31,5905.0,2,2,2,6.0,New Property,583.0,0,0,0,0,0,0,74,262.5
flat,shree vardhman flora,sector 90,0.7,4614.0,2,2,3,9.0,New Property,1224.0,1,0,0,0,1,0,51,758.5
flat,paras dews,sector 106,1.35,8940.0,4,3,3,19.0,Old Property,1678.0,0,1,0,0,0,0,112,377.5
house,international city by sobha phase 1,sector 109,5.75,16429.0,4,4,2,3.0,Relatively New,4800.0,0,1,0,0,0,0,146,875.0
flat,dlf new town heights,sector 90,1.25,6477.0,3,3,3+,17.0,Relatively New,1700.0,0,1,0,1,0,0,65,643.3333333333334
house,independent,sector 3,3.5,9211.0,1,1,0,1.0,Moderately Old,3800.0,0,0,0,0,0,0,0,3800.0
flat,conscient habitat,sector 99,0.27,5602.0,2,2,1,8.0,Relatively New,538.0,0,0,0,0,1,0,49,241.0
flat,experion windchants,sector 112,3.75,13383.0,3,3,2,21.0,Relatively New,2225.56,0,1,0,0,0,1,159,934.0
flat,m3m skywalk,sector 74,1.54,11000.0,2,2,3+,22.0,Relatively New,1200.0,0,0,0,0,1,0,137,700.0
house,independent,sector 4,0.58,9619.0,2,2,1,2.0,Moderately Old,67.0,0,0,0,1,1,0,7,301.5
flat,tata primanti,sector 72,5.25,15648.0,4,4,3+,30.0,New Property,3000.0,0,1,0,0,0,1,174,838.75
flat,mahindra aura,sector 110,1.8,8815.0,3,3,3+,7.0,Relatively New,1850.0,0,1,0,0,0,1,136,680.6666666666666
house,anshul,sector 6,0.85,7727.0,2,2,0,4.0,Moderately Old,1222.0,0,0,0,0,0,0,0,550.0
flat,professional society,manesar,0.75,3067.0,3,4,3,3.0,Relatively New,2717.0,0,1,0,0,0,0,21,815.0
house,ansal celebrity homes,sector 2,5.2,10000.0,4,5,2,1.0,Old Property,5200.0,0,0,0,0,0,0,0,1300.0
flat,m3m woodshire,sector 107,0.9,6589.0,2,2,3+,14.0,New Property,1236.0,0,0,0,0,0,0,67,683.0
flat,dlf regal gardens,sector 90,1.25,7340.0,3,3,3,28.0,Moderately Old,1541.0,0,1,0,0,0,0,38,567.6666666666666
house,unitech aspen greens,sector 50,7.0,32407.0,4,4,2,2.0,Old Property,2160.0,0,1,0,0,0,0,29,540.0
house,unitech escape,sector 50,12.0,37037.0,5,6,3+,3.0,Moderately Old,3240.0,0,0,0,0,0,0,66,648.0
flat,ansal heights 86,sector 86,1.25,7396.0,3,2,1,11.0,New Property,1529.0,0,0,0,0,0,0,45,563.3333333333334
flat,emaar mgf emerald floors premier,sector 65,2.36,14303.0,3,3,3,2.0,Relatively New,1524.0,1,1,0,0,0,1,136,550.0
flat,ansal heights 86,sector 86,1.05,5541.0,3,3,3,9.0,Under Construction,1715.0,0,1,0,0,0,0,0,631.6666666666666
flat,ramshanti cooperative society,sector 52,1.76,7243.0,4,4,3+,12.0,New Property,2199.0,0,0,0,0,0,0,0,607.5
flat,bestech park view ananda,sector 81,1.1,6687.0,3,2,3+,5.0,Relatively New,1319.0,0,0,0,0,0,0,150,548.3333333333334
flat,sare crescent parc,sector 92,0.8,6033.0,3,2,2,3.0,Relatively New,1473.0,0,0,0,0,0,0,15,442.0
flat,vatika emilia floors,sector 83,0.6,5714.0,2,2,2,1.0,Relatively New,990.0,0,0,0,0,0,1,167,525.0
flat,orris aster court,sector 85,0.93,5671.0,3,3,3,8.0,Relatively New,1587.0,0,0,0,0,0,0,0,546.6666666666666
house,eldeco mansionz,sector 48,6.4,23704.0,4,4,3,3.0,Moderately Old,2700.0,0,1,1,0,0,1,151,675.0
flat,emaar gurgaon greens,sector 102,1.45,8788.0,3,3,2,7.0,Relatively New,1493.0,0,1,0,0,0,1,169,550.0
flat,ss the leaf,sector 85,1.18,10727.0,2,2,3,9.0,Relatively New,1700.0,1,0,0,0,0,1,150,550.0
house,rwa sector 46,sector 46,3.5,21605.0,4,4,2,2.0,Relatively New,1620.0,0,0,0,1,0,1,30,405.0
house,vatika india next,sector 83,1.7,7870.0,3,3,3+,4.0,New Property,2160.0,0,1,0,1,0,0,0,720.0
flat,sidhartha ncr one phase,sector 95,0.55,4867.0,2,2,2,14.0,New Property,1256.0,1,0,0,0,0,0,90,565.0
flat,shapoorji pallonji joyville gurugram,sector 102,0.96,10492.0,2,2,2,10.0,Relatively New,828.0,0,0,0,0,0,0,132,457.5
flat,trisara our homes 3,sohna road,0.35,5564.0,2,2,1,2.0,New Property,699.0,0,0,0,0,0,0,74,314.5
flat,tulip ivory,sector 70,5.0,10417.0,6,7,3+,0.0,Relatively New,5333.0,1,1,0,0,0,0,119,800.0
house,independent,sector 5,0.55,5000.0,2,1,0,1.0,Moderately Old,1100.0,0,0,0,0,0,0,0,550.0
flat,eldeco accolade,sector 33,1.2,8043.0,2,2,2,0.0,Under Construction,1492.0,0,0,0,0,0,0,56,746.0
flat,m3m skywalk,sector 74,2.2,10902.0,3,3,3,12.0,New Property,1826.0,1,0,0,0,0,1,15,672.6666666666666
flat,umang winter hills,sector 77,1.35,7781.0,3,3,3+,7.0,New Property,1451.0,0,0,1,0,0,1,96,578.3333333333334
flat,godrej nature plus,sector 33,1.2,13363.0,2,2,0,11.0,Under Construction,85.0,0,0,0,0,0,0,56,449.0
flat,signature global park 4,sector 36,0.72,6660.0,3,2,3,3.0,Under Construction,978.0,0,0,0,0,0,0,0,360.3333333333333
house,independent,sector 12,0.7,6034.0,3,3,0,1.0,Relatively New,1160.0,0,0,0,0,0,0,23,386.6666666666667
flat,tulip violet,sector 69,1.43,8888.0,3,3,2,1.0,Relatively New,1455.0,0,0,0,1,0,0,86,536.3333333333334
flat,hcbs sports ville,sohna road,0.22,4603.0,1,1,1,9.0,Relatively New,477.809521,0,0,0,0,0,1,44,478.0
flat,m3m golfestate,sector 65,5.2,17456.0,3,3,3,18.0,Relatively New,2696.0,1,1,0,0,0,1,76,993.0
flat,godrej oasis,sector 88a,1.3,7259.0,3,3,3+,4.0,Relatively New,1990.0,0,0,0,0,0,0,79,597.0
flat,tulip lemon,sector 69,0.62,12863.0,2,2,1,4.0,Relatively New,536.0,0,0,0,0,0,1,108,241.0
flat,ramsons kshitij,sector 95,0.33,3910.0,2,2,1,14.0,New Property,694.0,0,0,0,0,1,1,79,422.0
flat,mittal surya vihar,sector 21,0.8,7080.0,2,2,2,6.0,Old Property,1256.0,0,0,0,0,0,0,0,565.0
flat,dlf royalton tower,sector 43,6.5,22109.0,4,5,2,8.0,Relatively New,2661.0,0,1,0,0,0,0,15,735.0
house,independent,sector 26,20.0,44444.0,5,7,3+,3.0,Relatively New,4500.0,0,1,0,1,0,2,97,900.0
flat,imperia the esfera,sector 37,0.86,5450.0,2,3,3,9.0,Relatively New,1442.0,1,0,0,0,1,0,49,789.0
flat,ansals highland park,dwarka expressway,1.2,6186.0,3,3,3+,4.0,Under Construction,1940.0,0,1,0,0,0,0,0,646.6666666666666
flat,breez global heights,sohna road,0.46,6479.0,2,2,2,6.0,Relatively New,789.0,0,0,0,0,0,2,49,355.0
house,independent,sector 2,6.0,20000.0,4,4,1,2.0,Relatively New,3000.0,0,0,0,0,0,0,0,750.0
flat,m3m golfestate,sector 65,5.4,18127.0,3,4,3,19.0,Moderately Old,2696.0,1,1,0,0,0,1,174,993.0
flat,rof ananda,sector 95,0.26,6032.0,1,1,1,8.0,New Property,406.0,0,0,0,0,0,0,49,431.0
flat,sapphire eighty three,sector 83,0.65,9286.0,1,1,0,6.0,Relatively New,700.0,0,0,0,0,0,0,0,700.0
flat,emaar the palm drive,sector 66,3.9,18634.0,3,4,3,2.0,Relatively New,2200.0,0,0,0,0,0,0,0,697.6666666666666
house,independent,sector 7,3.1,13778.0,3,3,2,2.0,Old Property,2250.0,0,0,0,0,0,0,22,750.0
house,independent,sohna road,1.55,14720.0,2,3,2,1.0,New Property,1053.0,1,0,0,1,0,1,49,526.5
house,sobha city,sector 108,10.5,14323.0,5,4,3+,1.0,Moderately Old,7331.0,0,0,0,0,0,0,59,1466.2
flat,godrej aria,sector 79,1.0,6653.0,2,2,2,4.0,Relatively New,1300.0,1,0,0,0,0,0,49,751.5
flat,vatika independent floors,sector 82,1.16,6988.0,3,3,3+,1.0,Relatively New,1844.0,0,1,1,1,0,1,151,553.3333333333334
flat,tata primanti,sector 72,5.0,11111.0,4,4,3+,2.0,Moderately Old,4500.0,1,1,0,1,1,1,174,1125.0
house,independent,sector 38,4.0,21786.0,6,6,3+,4.0,Old Property,1836.0,1,1,0,1,1,1,137,306.0
flat,m3m sierra 68,sector 68,1.2,9002.0,2,2,3,1.0,Relatively New,982.0,0,0,0,0,0,2,76,666.5
flat,dlf the skycourt,sector 86,1.58,8191.0,3,3,1,16.0,Relatively New,1750.0,0,0,0,1,0,1,152,643.0
flat,greenopolis,sector 89,0.8,4819.0,2,3,3,8.0,Under Construction,1502.0,1,0,0,0,1,0,60,830.0
flat,signature global park,sohna road,0.85,7863.0,3,2,2,4.0,New Property,1080.0,0,0,0,0,0,0,23,360.3333333333333
flat,tulip violet,sector 69,1.4,8917.0,3,3,1,12.0,Relatively New,1419.0,0,0,0,1,0,0,86,523.3333333333334
house,independent,sector 2,1.15,19360.0,3,3,2,2.0,Old Property,594.0,0,0,0,0,0,1,32,198.0
flat,guru gram haryana cghs,sector 56,1.39,7228.0,3,3,3,4.0,Moderately Old,1738.0,1,0,0,0,0,1,134,641.0
flat,pioneer araya,sector 62,9.2,19944.0,4,6,3,5.0,Relatively New,3867.0,0,1,0,1,0,1,156,1153.25
flat,godrej frontier,sector 80,1.4,6189.0,3,4,2,10.0,Moderately Old,1854.0,0,0,1,1,0,0,111,754.0
flat,bptp astaire gardens,sector 70a,0.97,6585.0,3,3,3+,1.0,Relatively New,1339.0,0,0,0,0,1,0,149,491.0
flat,emaar mgf palm hills,sector 77,1.5,12744.0,3,3,3,4.0,Relatively New,1310.0,0,0,0,0,0,1,97,392.3333333333333
flat,signature global city 81,sector 81,0.8,14652.0,2,2,2,4.0,Under Construction,607.0,1,0,0,0,0,0,36,273.0
flat,raheja teachers apartments,sector 31,1.2,7273.0,3,2,2,1.0,Moderately Old,1450.0,0,0,0,0,1,2,105,550.0
house,independent,sector 23,5.5,21825.0,8,8,2,3.0,Moderately Old,2520.0,1,1,0,1,0,1,76,315.0
house,independent,sector 4,0.55,4074.0,3,3,2,2.0,Relatively New,1350.0,0,0,0,0,1,0,7,450.0
house,palam vihar extension west zone rwa,sector 2,0.65,5778.0,2,2,1,1.0,Moderately Old,1125.0,0,0,1,0,0,0,23,562.5
flat,project krishna colony,sector 7,0.36,5143.0,2,2,1,0.0,Relatively New,700.0,0,0,0,0,0,0,0,350.0
flat,emaar mgf palm terraces select,sector 66,3.4,14108.0,4,4,3+,2.0,Relatively New,2210.0,0,1,0,0,0,1,157,602.5
house,independent,sohna road,5.5,5093.0,3,3,3+,2.0,Moderately Old,3500.0,1,1,0,1,1,0,49,3599.6666666666665
flat,tulip violet,sector 69,1.92,15360.0,4,4,2,0.0,Relatively New,1389.0,0,0,0,0,0,0,174,312.5
flat,today callidora,sector 73,1.0,7692.0,2,2,2,13.0,New Property,1444.0,0,0,0,0,0,0,0,650.0
flat,m3m sierra 68,sector 68,1.05,8537.0,2,2,2,11.0,New Property,1200.0,0,0,0,0,0,1,127,615.0
house,sushant lok 1 builder floors,sector 43,1.65,3395.0,4,4,3+,4.0,Moderately Old,540.0,0,0,0,0,1,2,49,1215.0
flat,pareena coban residences,sector 99,1.4,7011.0,3,5,3+,6.0,New Property,1807.0,0,0,0,0,0,0,15,665.6666666666666
flat,housing board colony,sector 51,0.3,7317.0,1,1,2,0.0,Old Property,459.0,0,0,0,0,0,0,0,410.0
flat,m3m skycity,sector 65,1.8,13699.0,2,2,3,13.0,New Property,1456.0,0,0,0,0,0,0,73,657.0
flat,ardee city,sector 52,1.55,7381.0,4,4,3,1.0,Moderately Old,2100.0,0,0,0,0,0,0,0,525.0
flat,ireo the corridors,sector 67a,1.5,11111.0,2,2,2,10.0,Relatively New,1500.0,0,0,1,0,0,1,38,675.0
flat,raheja vedaanta,sector 108,1.5,5263.0,3,4,0,12.0,Relatively New,2850.0,0,0,0,0,0,0,0,950.0
flat,zara aavaas,sector 104,0.22,7309.0,1,2,2,2.0,New Property,335.0,0,0,0,0,0,0,60,301.0
flat,godrej nature plus,sector 33,1.5,9677.0,3,3,3,6.0,Under Construction,1403.0,1,0,0,0,0,0,72,516.6666666666666
flat,hcbs sports ville,sohna road,0.28,3769.0,2,2,1,11.0,Relatively New,743.0,0,0,0,0,0,0,38,371.5
flat,shri banke bihari society,sector 56,1.35,6750.0,3,3,3,5.0,Old Property,1800.0,0,0,0,0,1,1,82,666.6666666666666
flat,pareena coban residences,sector 99,1.05,6774.0,2,2,3,2.0,Relatively New,1390.0,1,0,0,0,0,0,49,775.0
flat,tulip violet,sector 69,3.05,9664.0,4,5,3+,14.0,Relatively New,2856.0,0,1,0,0,1,0,49,789.0
flat,ireo skyon,sector 60,3.75,13393.0,4,4,3,12.0,Relatively New,2650.0,0,1,0,0,0,1,49,700.0
flat,palam vihar society,sector 2,3.35,7444.0,4,4,3+,2.0,New Property,5000.0,1,0,0,0,0,0,66,1125.0
flat,emaar digihomes,sector 62,4.25,26562.0,3,3,3,8.0,Under Construction,1600.0,1,0,0,0,0,0,16,533.3333333333334
flat,maxworth city residences,sector 10,0.8,6400.0,2,3,2,9.0,New Property,1389.0,0,0,0,0,0,0,46,625.0
flat,sare crescent parc royal greens phase 1,sector 92,0.75,4325.0,4,4,3+,3.0,Relatively New,1734.0,0,0,0,0,0,0,93,433.5
flat,tulip lemon,sector 69,0.6,11407.0,2,1,1,11.0,Relatively New,584.0,0,0,0,0,0,0,0,263.0
flat,unitech fresco,sector 50,1.82,9913.0,3,3,3+,14.0,Moderately Old,1830.0,0,0,0,0,1,1,174,612.0
flat,shapoorji pallonji joyville gurugram,sector 102,1.95,13929.0,3,3,3,6.0,New Property,1616.0,0,0,0,1,0,1,174,466.6666666666667
house,independent,sector 105,1.15,3285.0,3,2,1,1.0,Moderately Old,3889.0,0,0,0,0,0,0,0,1167.0
flat,vatika city homes,sector 83,0.8,6061.0,2,2,2,8.0,Moderately Old,1195.0,0,0,1,0,0,0,22,660.0
house,dlf city plots phase 4,sector 28,9.54,29444.0,6,5,3+,3.0,New Property,3240.0,1,1,1,1,0,0,153,540.0
flat,kiran residency,sector 56,1.5,6649.0,3,5,3+,4.0,Moderately Old,2250.0,1,0,0,1,0,1,134,752.0
flat,ss the leaf,sector 85,1.58,7715.0,3,4,3,8.0,Relatively New,2227.0,0,1,0,0,0,0,159,682.6666666666666
flat,orris aster court premier,sector 85,1.25,5896.0,3,4,2,6.0,Relatively New,1616.0,0,1,0,0,0,1,49,706.6666666666666
flat,signature global city 92,sector 92,0.78,11143.0,2,2,3,2.0,Under Construction,846.0,0,0,0,0,1,0,24,350.0
flat,sare crescent parc,sector 92,0.65,4597.0,3,3,3,3.0,Moderately Old,1571.0,0,0,0,0,0,0,44,471.3333333333333
flat,experion windchants,sector 112,5.31,11205.0,4,6,3+,15.0,Relatively New,3573.33,0,1,0,1,0,0,72,1184.75
flat,tata primanti,sector 72,4.1,14099.0,4,5,3+,39.0,New Property,2629.0,0,1,0,0,1,0,103,727.0
flat,shapoorji pallonji joyville gurugram,sector 102,1.26,10370.0,2,2,3,7.0,Relatively New,1100.0,0,0,0,0,0,1,49,607.5
flat,paras quartier,gwal pahari,5.9,11028.0,4,4,3+,0.0,Moderately Old,5350.0,0,0,0,0,0,0,63,1337.5
flat,ansal sushant lok ci,sector 43,2.0,15152.0,3,3,2,1.0,Old Property,1467.0,0,1,0,0,0,2,15,440.0
flat,dlf the skycourt,sector 86,1.6,8294.0,3,3,3+,9.0,Relatively New,1548.0,0,0,0,0,1,1,167,643.0
house,independent,sector 49,4.5,15625.0,8,8,3,3.0,Moderately Old,2880.0,1,1,1,1,0,2,151,360.0
flat,hcbs sports ville,sohna road,0.24,7407.0,1,1,2,1.0,New Property,360.0,0,0,0,0,0,0,68,324.0
flat,imperia aashiyara,sector 37,0.4,5882.0,2,2,3,3.0,Under Construction,756.0,0,0,0,0,0,0,126,340.0
house,independent,sector 36,0.66,7166.0,2,2,3,4.0,New Property,823.0,0,0,0,0,0,0,0,460.5
flat,conscient elevate,sector 59,3.9,16993.0,3,1,0,0.0,Under Construction,2295.0,0,0,0,0,0,0,0,765.0
flat,aipl club residences,sector 70a,0.85,9140.0,2,2,2,5.0,Relatively New,842.0,0,0,0,0,0,1,45,465.0
flat,pivotal devaan,sector 84,0.35,7277.0,2,2,1,10.0,Relatively New,531.0,0,0,1,0,0,0,103,240.5
flat,the lions cghs,sector 56,1.99,11056.0,4,4,3+,4.0,Old Property,2000.0,0,0,0,1,1,1,105,450.0
flat,supertech araville,sector 79,0.71,6063.0,2,2,3+,17.0,New Property,1280.0,0,0,0,0,1,0,53,585.5
flat,godrej summit,sector 104,0.85,5878.0,2,2,3+,10.0,Relatively New,1269.0,1,0,0,0,0,0,79,723.0
house,independent,sector 7,6.5,15046.0,3,2,3+,2.0,Old Property,4320.0,0,0,0,0,0,0,9,1440.0
flat,aipl joy square,sector 63a,0.7,10101.0,1,1,0,7.0,Under Construction,693.0,0,0,0,0,0,0,0,693.0
house,ss hibiscus,sector 50,12.25,20940.0,5,7,3+,1.0,Relatively New,5850.0,1,1,0,1,1,1,160,1170.0
flat,m3m sky lofts,sector 71,1.0,11494.0,1,1,1,9.0,Moderately Old,869.0,0,0,0,0,0,0,77,870.0
flat,m3m urbana,sector 67,0.95,10894.0,1,1,1,17.0,Relatively New,826.0,0,0,0,0,0,0,49,872.0
house,independent,sector 15,1.07,11889.0,2,2,1,1.0,Old Property,900.0,0,1,0,0,0,0,7,450.0
flat,pyramid urban homes 2,sector 86,0.5,9615.0,2,2,1,10.0,Relatively New,578.0,0,0,0,0,0,0,15,260.0
flat,eldeco accolade,sohna road,1.35,6136.0,3,3,3,2.0,New Property,2444.0,0,1,0,0,0,0,72,733.3333333333334
flat,dlf the crest,sector 54,11.0,35484.0,4,5,3+,7.0,Relatively New,3444.0,1,1,0,1,0,0,49,775.0
flat,adani brahma samsara vilasa,sector 63,3.0,16667.0,3,3,3,3.0,New Property,2000.0,0,0,0,0,0,0,24,600.0
flat,shree vardhman victoria,sector 70,1.55,7949.0,3,5,3,8.0,Relatively New,1527.0,0,1,0,0,0,0,174,650.0
flat,ats triumph,sector 104,1.75,7642.0,3,4,3+,11.0,Relatively New,2072.0,0,1,0,0,0,0,110,763.3333333333334
house,independent,sector 10,4.25,17955.0,4,3,2,1.0,Old Property,2367.0,0,0,0,0,0,0,0,591.75
flat,pooja apartment,sector 5,0.25,3571.0,2,2,2,2.0,Relatively New,778.0,0,0,0,0,0,0,0,350.0
flat,godrej aria,sector 79,1.95,8519.0,3,4,3+,10.0,New Property,1659.0,0,1,0,0,0,0,32,763.0
flat,parsvnath green ville,sector 48,3.3,9985.0,5,5,3+,4.0,Old Property,3305.0,0,1,0,0,0,0,71,661.0
flat,mittal cosmos executive apartments,sector 2,0.75,6550.0,2,2,2,15.0,Old Property,1100.0,0,0,0,0,0,1,42,572.5
flat,ramprastha the edge towers,sector 37d,1.1,5528.0,3,3,3,9.0,Relatively New,1990.0,0,0,0,0,0,0,63,663.3333333333334
flat,shree vardhman victoria,sector 70,1.6,8205.0,3,5,3,6.0,Relatively New,1527.0,0,1,0,0,0,0,108,650.0
house,arjun marg/ sector- 26 phase- 1/ golf course road,sector 26,31.5,35000.0,7,9,3+,3.0,Moderately Old,9000.0,1,1,1,1,0,2,74,1285.7142857142858
flat,m3m woodshire,sector 107,0.9,5867.0,2,2,3,8.0,Relatively New,1281.0,1,0,0,0,0,1,74,767.0
flat,bptp terra,sector 37d,1.78,8124.0,4,3,3,10.0,Relatively New,1983.0,0,1,0,0,0,0,127,547.75
flat,shapoorji pallonji joyville gurugram,sector 102,1.8,10638.0,3,3,3,1.0,Relatively New,1531.0,0,0,0,0,0,0,141,564.0
flat,capital residences 360,sector 70a,1.69,8553.0,3,3,3+,8.0,New Property,1900.0,0,1,0,0,0,0,165,658.6666666666666
flat,m3m merlin,sector 67,3.39,14377.0,3,4,3,14.0,Relatively New,2100.0,0,1,0,0,0,1,26,786.0
flat,adani aangan galleria,sector 89,0.42,4941.0,2,2,2,3.0,Relatively New,769.0,0,0,0,0,0,0,0,425.0
flat,conscient heritage max,sector 102,1.78,9218.0,3,4,3+,5.0,Moderately Old,1748.0,0,1,0,0,0,0,125,643.6666666666666
flat,mvn athens,sohna road,0.25,4259.0,2,2,1,0.0,Relatively New,587.0,0,0,0,0,0,0,38,293.5
flat,paras dews,sector 106,1.25,7102.0,3,4,3+,5.0,Relatively New,1186.0,0,1,0,0,0,0,165,586.6666666666666
flat,sbtl caladium,sector 109,1.26,6542.0,3,2,3,8.0,Relatively New,1701.0,0,0,0,0,0,0,103,642.0
flat,new sathi apartments,sector 54,1.59,7067.0,3,3,3+,3.0,Moderately Old,2250.0,1,0,0,0,0,1,127,750.0
flat,emaar palm gardens,sector 83,1.8,9474.0,3,4,3,4.0,Relatively New,1551.0,1,1,1,1,0,1,174,633.3333333333334
house,independent,sector 14,6.46,18889.0,5,5,2,3.0,Moderately Old,3420.0,1,1,0,1,0,1,27,684.0
flat,godrej aria,sector 79,1.3,8844.0,2,2,2,7.0,Relatively New,1330.0,1,0,0,0,0,1,116,735.0
flat,ss almeria,sector 84,1.5,7500.0,3,3,3,2.0,New Property,1849.0,0,1,0,0,0,0,108,666.6666666666666
flat,birla navya,sector 63a,2.2,17488.0,2,3,3+,4.0,Under Construction,997.0,0,0,0,0,0,0,60,629.0
flat,pyramid urban,sector 67a,0.6,8571.0,2,2,2,14.0,New Property,633.0,0,0,0,0,0,0,15,350.0
flat,ireo the grand arch,sector 58,3.8,17560.0,3,4,1,19.0,Moderately Old,2164.0,0,1,0,0,0,1,167,721.3333333333334
flat,unitech vistas,sector 70,0.99,6326.0,3,4,2,11.0,Under Construction,1416.0,0,0,0,0,0,0,0,521.6666666666666
flat,mapsko mount ville,sector 79,1.3,8025.0,3,3,2,6.0,Relatively New,1215.0,1,0,0,1,0,0,151,540.0
flat,orchid island,sector 51,0.71,7889.0,2,2,1,4.0,Relatively New,1007.0,0,0,0,0,0,0,23,450.0
flat,ramprastha the edge towers,sector 37d,1.0,5650.0,3,3,3+,13.0,Moderately Old,1602.0,0,0,0,0,0,0,38,590.0
flat,smart world orchard,sector 61,1.6,13913.0,2,2,2,4.0,New Property,1278.0,1,0,0,0,1,0,29,575.0
flat,godrej oasis,sector 88a,1.29,7799.0,3,3,3,5.0,New Property,1642.0,1,0,0,0,1,0,65,551.3333333333334
flat,supertech hues,sector 68,1.0,8475.0,2,2,2,12.0,New Property,1311.0,0,0,0,0,0,0,54,590.0
house,independent,sector 8,0.82,10224.0,4,4,0,2.0,Moderately Old,891.0,0,0,0,0,0,0,0,200.5
flat,puri emerald bay,sector 104,2.45,10000.0,3,4,3+,14.0,Relatively New,2131.0,0,1,0,0,0,1,56,816.6666666666666
flat,emaar palm gardens,sector 83,1.76,9263.0,3,3,3,6.0,Relatively New,1500.0,0,1,0,0,0,1,165,633.3333333333334
flat,m3m skywalk,sector 74,1.6,11380.0,2,2,2,28.0,New Property,1272.0,0,0,0,0,0,0,15,703.0
flat,raheja atharva,sector 109,0.79,7932.0,3,2,2,3.0,Relatively New,1213.0,0,0,0,0,0,1,44,332.0
flat,ansal heights 86,sector 86,1.3,4666.0,4,6,2,11.0,New Property,2521.0,0,1,0,0,1,0,86,696.5
flat,m3m skywalk,sector 74,2.25,12500.0,3,3,3,5.0,Relatively New,1900.0,1,0,0,0,0,0,174,600.0
flat,signature global park,sohna road,0.65,7295.0,2,2,3,1.0,New Property,822.0,0,0,0,0,0,0,58,445.5
flat,vipul lavanya,sector 81,0.75,5967.0,2,2,2,7.0,Moderately Old,1397.0,0,0,0,0,0,0,37,628.5
flat,tulip violet,sector 69,3.1,9823.0,4,6,3+,14.0,Relatively New,2817.0,0,1,0,1,0,0,174,789.0
flat,tata primanti,sector 72,4.1,13726.0,3,3,3,8.0,Moderately Old,2308.0,0,1,0,0,0,0,38,995.6666666666666
flat,emaar imperial gardens,sector 102,1.98,9900.0,3,3,3+,9.0,Relatively New,2222.0,0,1,0,0,0,1,72,666.6666666666666
flat,m3m heights,sector 65,2.44,13297.0,3,3,2,7.0,Under Construction,1654.0,0,0,0,0,0,0,31,611.6666666666666
flat,allure homes,sector 12,0.72,7273.0,2,2,1,2.0,Relatively New,1100.0,0,0,0,0,1,1,16,495.0
flat,emaar mgf the palm drive,sector 66,2.99,14950.0,3,3,3,7.0,Relatively New,2000.0,0,1,0,0,0,1,49,666.6666666666666
flat,bptp terra,sector 37d,1.49,8107.0,3,3,3,20.0,Relatively New,1707.0,0,0,0,0,1,0,49,612.6666666666666
flat,tulip purple,sector 69,2.6,10833.0,4,4,3+,4.0,Moderately Old,2172.0,0,1,0,0,0,0,37,600.0
flat,emaar mgf emerald floors premier,sector 65,2.0,12121.0,3,3,3,1.0,Relatively New,1833.0,0,1,0,0,0,1,124,550.0
house,ardee city,sector 52,5.5,20370.0,9,9,3+,3.0,Moderately Old,2700.0,0,1,0,1,1,1,26,300.0
flat,millenia,sector 37,0.4,6667.0,2,2,2,4.0,New Property,667.0,0,0,0,0,0,0,29,300.0
flat,shree vardhman flora,sector 90,0.92,4718.0,3,3,2,6.0,Relatively New,2167.0,1,0,0,0,0,1,49,650.0
flat,suncity vatsal valley,gwal pahari,1.53,10699.0,3,3,3,2.0,New Property,1589.0,0,0,0,0,0,1,117,476.6666666666667
flat,paras dews,sector 106,0.88,6354.0,2,2,3+,3.0,Relatively New,1120.0,0,0,0,0,0,0,49,692.5
flat,bptp amstoria,sector 102,1.9,8444.0,3,3,3+,1.0,Relatively New,2500.0,0,1,0,0,0,0,174,750.0
house,independent,sector 46,5.65,23870.0,8,6,3+,3.0,Moderately Old,2367.0,0,1,0,0,0,1,67,295.875
flat,signature global orchard avenue,sector 93,0.4,5479.0,2,2,0,0.0,Relatively New,730.0,0,0,0,0,0,0,0,365.0
house,independent,sector 24,5.25,38889.0,4,4,3+,2.0,Relatively New,1350.0,0,1,0,1,0,1,72,337.5
flat,ireo victory valley,sector 67,3.05,16267.0,3,4,2,35.0,Relatively New,2200.0,1,1,0,0,0,1,165,625.0
flat,m3m skywalk,sector 74,1.6,9512.0,2,2,2,26.0,Relatively New,1508.0,0,0,0,0,0,1,158,841.0
house,independent,sector 54,3.51,12342.0,4,4,3,4.0,New Property,2844.0,0,1,0,0,0,0,73,711.0
flat,godrej aria,sector 79,1.1,11482.0,2,2,3,9.0,New Property,81.0,0,0,0,0,0,0,62,479.0
flat,m3m woodshire,sector 107,1.02,6649.0,2,2,3,6.0,Relatively New,1388.0,1,0,0,0,0,0,112,767.0
flat,bestech park view ananda,sector 81,0.95,6985.0,2,2,2,14.0,Relatively New,1260.0,0,0,0,0,0,1,165,680.0
flat,signature global park,sohna road,0.55,6691.0,2,2,3,3.0,Relatively New,913.0,0,0,0,0,0,0,58,411.0
flat,smart world gems,sector 89,1.25,8784.0,3,3,3,2.0,Under Construction,1288.0,0,0,0,1,0,0,12,474.3333333333333
house,independent,sector 4,0.92,15257.0,4,4,3,4.0,Moderately Old,603.0,0,0,0,0,1,0,0,150.75
flat,shree vardhman flora,sector 90,0.65,4815.0,2,2,3,3.0,Relatively New,1222.0,1,0,0,0,0,0,106,675.0
flat,shree arihant apartment,sector 54,1.5,8108.0,3,3,3+,4.0,Moderately Old,1700.0,0,0,0,1,0,1,75,616.6666666666666
flat,hcbs sports ville,sohna road,0.22,3143.0,1,1,1,1.0,New Property,778.0,0,0,0,0,0,0,86,700.0
flat,godrej summit,sector 104,0.82,9856.0,2,2,3,12.0,Relatively New,86.0,1,0,0,0,0,0,120,416.0
flat,ats kocoon,sector 109,2.95,10351.0,4,4,3+,7.0,Relatively New,3150.0,0,1,1,0,0,1,158,712.5
flat,ansal heights 86,sector 86,0.87,5367.0,2,2,1,12.0,New Property,1231.0,0,0,0,0,1,1,45,810.5
flat,emaar mgf emerald floors premier,sector 65,2.3,13939.0,3,4,3,3.0,Relatively New,1833.0,1,1,1,1,0,2,174,550.0
flat,m3m heights,sector 65,2.33,18477.0,2,2,3,35.0,Under Construction,1141.0,0,0,0,0,0,1,49,630.5
flat,ats tourmaline,sector 109,1.75,8140.0,3,4,3+,9.0,Relatively New,1946.0,0,1,0,0,0,0,94,716.6666666666666
flat,emaar gurgaon greens,sector 102,1.39,8424.0,3,3,3,7.0,Relatively New,1493.0,0,1,0,0,0,1,21,550.0
flat,valley view estate,gwal pahari,0.38,6090.0,1,1,1,11.0,Moderately Old,565.0,0,0,0,0,0,0,42,624.0
flat,signature global park,sohna road,0.78,6446.0,3,3,3,3.0,Relatively New,1344.0,0,0,0,1,0,0,150,403.3333333333333
flat,dhoot time residency,sector 63,2.2,12813.0,3,4,3+,8.0,Moderately Old,1554.0,1,0,0,0,0,1,61,572.3333333333334
flat,godrej nature plus,sector 33,1.67,10503.0,3,2,2,18.0,Under Construction,1857.0,0,0,0,0,0,0,67,530.0
house,independent,sector 28,12.0,42194.0,4,5,3+,4.0,Relatively New,2844.0,0,1,1,1,0,1,60,711.0
flat,avl 36 gurgaon,sector 36,0.45,9000.0,1,1,1,9.0,Relatively New,452.0,0,0,0,0,0,0,0,500.0
flat,the close north,sector 50,2.35,11358.0,3,3,3,8.0,Moderately Old,1900.0,0,0,0,0,0,1,49,689.6666666666666
flat,parsvnath green ville,sector 48,2.0,7764.0,3,3,0,15.0,Relatively New,1923.0,0,1,0,0,0,0,74,858.6666666666666
flat,valley view estate,gwal pahari,1.5,8278.0,4,4,3+,9.0,Old Property,2013.0,1,1,0,0,1,0,135,453.0
flat,la vida by tata housing,sector 113,1.9,18500.0,3,2,2,10.0,Relatively New,1285.0,0,0,0,1,0,1,174,342.3333333333333
flat,signature global solera,sector 107,0.49,8221.0,2,2,1,8.0,Relatively New,598.0,0,0,0,0,1,2,49,298.0
flat,suncity vatsal valley,gwal pahari,1.45,10140.0,3,3,3,4.0,Under Construction,1430.0,0,0,0,0,0,0,49,476.6666666666667
flat,tulip violet,sector 69,1.43,8888.0,3,3,2,1.0,Relatively New,1305.0,0,0,0,1,0,0,86,536.3333333333334
flat,mapsko mount ville,sector 79,1.4,9396.0,3,3,3,2.0,New Property,1656.0,0,0,0,0,0,1,112,496.6666666666667
flat,krrish provence estate,gwal pahari,5.25,9052.0,4,5,3+,2.0,New Property,5249.0,1,1,0,1,0,0,49,1450.0
flat,tulip violet,sector 69,1.9,9453.0,4,4,2,0.0,Relatively New,1819.0,0,0,0,0,0,0,49,502.5
flat,ats triumph,sector 104,1.75,7642.0,3,4,3+,12.0,Relatively New,2036.0,1,1,0,1,1,1,21,763.3333333333334
house,central park flower valley,sector 33,1.15,9350.0,2,2,3,2.0,Relatively New,1400.0,1,0,0,0,0,1,71,615.0
flat,takshila heights sector 37 c,sector 37,0.67,5583.0,2,2,2,3.0,Relatively New,1086.0,0,0,0,0,0,0,23,600.0
flat,rof ananda,sector 95,0.2,5602.0,1,1,1,2.0,Relatively New,407.0,0,0,0,1,0,0,53,357.0
flat,tulip violet,sector 69,1.68,10072.0,3,3,2,0.0,Relatively New,1510.0,0,0,0,0,0,0,157,556.0
house,dlf city plots phase 2,sector 25,6.3,35000.0,4,4,3+,2.0,Old Property,1800.0,0,1,1,0,0,0,89,450.0
flat,tulip white,sector 69,0.9,6000.0,3,2,3+,1.0,Relatively New,1326.0,0,0,0,0,0,1,149,500.0
flat,mvn athens,sohna road,0.26,5394.0,2,2,1,2.0,Relatively New,535.0,0,0,0,0,0,0,37,241.0
flat,ireo the corridors,sector 67a,1.6,9265.0,3,3,2,3.0,New Property,1346.0,0,0,1,0,0,1,142,575.6666666666666
flat,m3m the tree of life,sector 111,2.35,14551.0,3,3,3+,5.0,Under Construction,1615.0,0,0,0,0,0,0,0,538.3333333333334
flat,ats tourmaline,sector 109,1.45,6744.0,3,4,3+,4.0,Relatively New,1797.0,0,1,0,0,0,0,71,716.6666666666666
house,independent,sector 4,2.35,16319.0,4,4,2,2.0,Old Property,1440.0,0,0,0,1,0,0,43,360.0
flat,smart world gems,sector 89,1.2,8433.0,3,3,2,3.0,New Property,1423.0,1,0,0,0,1,0,37,474.3333333333333
house,independent,sector 45,16.0,35003.0,6,7,3+,3.0,Relatively New,4500.0,1,1,1,1,0,1,105,761.8333333333334
flat,laxmi pareena,sector 99,0.3,6667.0,2,1,0,12.0,New Property,500.0,0,0,0,0,0,0,0,225.0
flat,vatika lifestyle homes,sector 83,1.3,4545.0,3,3,1,6.0,Relatively New,2588.0,0,0,0,0,0,1,79,953.3333333333334
flat,pivotal riddhi siddhi,sector 99,0.4,4444.0,2,2,2,9.0,New Property,733.0,0,0,0,0,0,0,60,450.0
flat,earth copia,sector 112,0.7,4673.0,2,2,2,4.0,Relatively New,1498.0,0,0,0,0,0,0,65,749.0
house,independent,sector 3,0.55,7333.0,1,1,0,1.0,Moderately Old,750.0,0,0,0,0,0,0,0,750.0
house,independent,sector 7,2.0,13889.0,2,2,2,2.0,Old Property,1440.0,0,0,0,0,0,0,22,720.0
flat,palam vihar extension west zone rwa,sector 2,0.2,4000.0,1,1,1,1.0,Moderately Old,556.0,0,0,0,0,1,0,0,500.0
house,international city by sobha phase 1,sector 109,6.0,9634.0,4,5,3,2.0,Moderately Old,6228.0,0,0,0,0,0,0,76,1557.0
flat,orris carnation residency,sector 85,0.88,5954.0,3,3,1,1.0,Relatively New,1344.0,0,0,0,0,0,0,65,492.6666666666667
flat,emaar gurgaon greens,sector 102,1.4,13685.0,3,3,3,7.0,Relatively New,1315.0,0,1,0,0,0,0,67,341.0
flat,sobha city,sector 108,3.35,13267.0,3,4,2,19.0,New Property,2525.0,0,0,0,0,0,0,102,841.6666666666666
flat,shapoorji pallonji joyville gurugram,sector 102,1.76,10227.0,3,3,3,1.0,Relatively New,1531.0,0,0,0,0,0,0,100,573.6666666666666
flat,raheja vanya,sector 99,0.85,6789.0,2,2,2,3.0,New Property,1133.0,0,0,0,0,0,0,43,626.0
flat,not applicable,sector 4,0.42,5600.0,2,2,1,3.0,Relatively New,833.0,0,0,0,0,0,1,26,375.0
house,independent,sector 7,1.55,13889.0,2,2,2,1.0,Moderately Old,1080.0,0,0,0,0,0,1,52,558.0
flat,ansal heights 86,sector 86,0.78,5735.0,2,2,1,8.0,New Property,1231.0,0,0,0,0,0,0,67,680.0
flat,ashiana anmol,sector 33,1.1,8627.0,2,2,2,4.0,Under Construction,1275.0,0,0,0,0,0,0,0,637.5
flat,tulip violet,sector 69,1.42,8999.0,3,3,2,8.0,Relatively New,1428.0,0,0,0,1,0,1,94,526.0
flat,raheja vedaanta,sector 108,0.7,4651.0,2,2,2,12.0,Moderately Old,1362.0,0,0,0,0,0,0,72,752.5
flat,navjyoti apartment,sector 38,2.1,11939.0,4,4,3+,10.0,Old Property,1954.0,0,0,0,0,0,2,22,439.75
house,unitech espace,sector 50,7.5,34722.0,3,3,2,2.0,Moderately Old,2160.0,0,1,0,0,0,1,66,720.0
flat,sare homes,sector 92,0.95,4750.0,4,3,2,17.0,New Property,1983.0,0,0,0,0,0,0,7,500.0
flat,jmd gardens,sector 33,3.25,7509.0,4,4,3+,17.0,Old Property,4809.0,0,1,0,0,0,1,130,1082.0
flat,sukhshanti apartment,sector 56,1.7,7727.0,3,3,3,4.0,Moderately Old,2200.0,1,0,0,0,0,0,49,733.3333333333334
flat,godrej oasis,sector 88a,1.19,10162.0,2,2,3,15.0,Relatively New,1387.0,1,0,0,1,0,1,174,585.5
house,independent,sector 23,1.2,6231.0,3,2,2,3.0,New Property,1500.0,0,0,0,0,0,1,79,642.0
flat,shapoorji pallonji joyville gurugram,sector 102,1.4,10378.0,2,2,2,11.0,New Property,1166.0,0,0,0,0,0,1,49,674.5
flat,bestech park view city,sector 48,1.76,9910.0,3,3,3+,9.0,Moderately Old,1576.0,0,1,0,1,0,1,158,592.0
flat,microtek greenburg,sector 86,1.45,9797.0,3,2,3,8.0,Relatively New,1480.0,0,0,0,0,0,2,72,493.3333333333333
flat,tulip violet,sector 69,1.4,8855.0,3,3,2,9.0,Relatively New,1428.0,0,0,0,1,0,0,120,527.0
flat,pioneer urban presidia,sector 62,7.15,16486.0,4,5,3+,7.0,Relatively New,3925.0,1,1,1,0,0,1,158,1084.25
flat,bestech park view spa next,sector 67,2.72,11574.0,4,4,3+,0.0,Relatively New,2250.0,0,1,0,1,0,1,128,587.5
flat,signature global orchard avenue,sector 93,0.4,7353.0,2,2,2,11.0,New Property,604.0,0,0,0,0,0,0,37,272.0
flat,capital residences 360,sector 70a,1.1,7586.0,2,2,3+,8.0,New Property,1312.0,0,0,0,0,0,0,60,725.0
flat,aipl zen residences,sector 70a,1.34,10276.0,2,2,3+,17.0,New Property,1180.0,0,0,0,0,0,1,110,652.0
flat,eldeco accolade,sohna road,0.95,6177.0,2,2,3+,8.0,Under Construction,1050.0,1,0,0,0,1,0,72,769.0
house,vipul tatvam villa,sector 48,19.5,22222.0,5,6,3,2.0,Moderately Old,8775.0,1,1,1,1,0,1,110,1755.0
flat,experion windchants,sector 112,5.6,11530.0,4,6,3+,15.0,Moderately Old,3662.34,0,1,0,0,0,1,157,1214.25
flat,tarc maceo,sector 91,0.96,5411.0,2,2,3+,8.0,Moderately Old,1271.0,0,0,0,0,0,0,85,887.0
flat,dlf the ultima,sector 81,2.34,11185.0,3,4,3+,14.0,Relatively New,1760.0,0,1,0,0,0,2,174,697.3333333333334
flat,bhawna cghs,sector 43,3.25,10156.0,4,4,3+,12.0,Moderately Old,3115.0,0,0,0,1,0,1,119,800.0
flat,emaar mgf palm hills,sector 77,1.25,8621.0,3,4,3,3.0,Relatively New,1310.0,1,1,0,0,0,0,49,483.3333333333333
flat,smart world orchard,sector 61,1.47,12250.0,2,2,2,2.0,Under Construction,1333.0,1,0,0,0,0,0,76,600.0
house,independent,sector 36,0.75,6938.0,3,1,0,1.0,New Property,1081.0,0,0,0,0,0,0,0,360.3333333333333
house,independent,sector 28,10.5,32407.0,5,6,3+,3.0,New Property,3240.0,1,1,0,1,0,1,153,648.0
flat,bestech park view residency,sector 2,0.98,6262.0,2,2,3,14.0,Moderately Old,1416.0,1,0,0,0,0,0,92,782.5
flat,tulip violet,sector 69,1.66,10134.0,3,3,2,0.0,Relatively New,1482.0,0,0,0,0,0,0,157,546.0
flat,smriti apartment,sector 56,0.52,10656.0,1,1,1,1.0,Old Property,475.0,0,0,0,0,0,0,34,488.0
flat,eldeco accolade,sohna road,0.66,5181.0,2,2,3,12.0,Relatively New,978.0,0,0,0,1,0,0,49,637.0
house,independent,sector 12,0.7,4118.0,4,4,1,2.0,Moderately Old,1700.0,0,0,0,0,0,0,0,425.0
house,ansals palam vihar,sector 2,9.0,19231.0,5,5,2,2.0,Old Property,4680.0,1,1,1,1,0,2,110,936.0
flat,ss the leaf,sector 85,1.2,10453.0,2,2,3+,2.0,Relatively New,1380.0,0,0,1,0,0,0,156,574.0
flat,avl 36 gurgaon,sector 36,0.36,9000.0,1,1,1,7.0,Relatively New,407.0,0,0,0,0,0,0,95,400.0
house,independent,sector 5,3.5,15556.0,6,5,2,3.0,Old Property,2250.0,1,1,0,1,1,2,155,375.0
flat,bestech park view spa next,sector 67,2.35,12145.0,3,4,3+,14.0,Moderately Old,1751.0,0,1,0,0,0,1,156,645.0
flat,capital residences 360,sector 70a,1.51,7642.0,3,3,3,7.0,Relatively New,1788.0,0,1,0,0,0,0,49,658.6666666666666
flat,vatika gurgaon,sector 83,0.85,8947.0,2,2,2,18.0,Moderately Old,1100.0,0,0,0,1,0,1,119,475.0
flat,godrej air,sector 85,1.05,10606.0,2,2,1,15.0,Under Construction,97.0,0,0,0,0,0,0,45,495.0
flat,spaze privy,sector 72,1.9,9620.0,3,3,3,10.0,Moderately Old,1787.0,0,1,0,0,0,1,31,658.3333333333334
house,nul,sector 25,6.25,34722.0,5,5,3,2.0,Moderately Old,1800.0,0,1,0,1,0,1,112,360.0
flat,m3m soulitude,sector 89,1.32,16923.0,3,3,3,1.0,Under Construction,867.0,0,0,0,0,0,0,45,260.0
flat,paras dews,sector 106,0.88,6354.0,2,2,3+,1.0,Relatively New,940.0,0,0,0,0,0,0,49,692.5
flat,bptp park generations,sector 37d,1.5,9868.0,3,2,3+,17.0,Relatively New,1376.0,0,0,0,0,0,0,42,506.6666666666667
flat,ats kocoon,sector 109,1.75,10029.0,3,3,3,10.0,Relatively New,1550.0,0,0,0,1,0,1,49,581.6666666666666
flat,imperia the esfera,sector 37,0.9,6272.0,3,3,3,9.0,Relatively New,1435.0,0,0,0,0,0,0,66,478.3333333333333
flat,m3m merlin,sector 67,3.0,14656.0,3,3,3+,4.0,Relatively New,2047.0,0,0,1,0,0,1,174,682.3333333333334
flat,gls arawali homes,sohna road,0.28,4308.0,2,2,2,12.0,New Property,588.0,0,0,0,0,0,0,0,325.0
flat,signature global park,sohna road,0.56,6813.0,2,2,3,3.0,New Property,913.0,0,0,0,0,0,0,111,411.0
house,independent,sector 12,3.71,19818.0,3,3,1,4.0,Moderately Old,1872.0,0,0,0,1,0,0,0,624.0
flat,la vida by tata housing,sector 113,2.85,12855.0,3,3,3+,10.0,New Property,2006.0,0,1,0,0,0,0,72,739.0
flat,corona optus,sector 37,1.25,8929.0,3,3,3,2.0,Relatively New,1563.0,1,0,0,0,0,0,49,466.6666666666667
flat,ats triumph,sector 104,2.0,8734.0,3,4,3+,4.0,Relatively New,2072.0,0,1,0,0,0,0,60,763.3333333333334
flat,signature global solera,sector 107,0.35,6494.0,2,2,2,8.0,Relatively New,608.0,0,0,0,0,0,0,45,269.5
flat,ats kocoon,sector 109,2.15,10263.0,3,4,3,9.0,Relatively New,1896.0,0,1,0,0,0,0,97,698.3333333333334
flat,emaar mgf palm hills,sector 77,1.64,8410.0,4,3,3,9.0,Relatively New,1765.0,0,1,0,0,0,0,102,487.5
house,independent,sector 4,0.85,7522.0,3,3,0,1.0,Moderately Old,1130.0,0,0,0,0,0,0,0,376.6666666666667
flat,malibu towne,sector 47,2.4,10000.0,3,3,0,0.0,Moderately Old,2667.0,0,0,0,0,0,1,22,800.0
house,independent,sector 13,4.5,9091.0,4,5,2,2.0,Old Property,4950.0,0,0,0,0,0,0,0,1237.5
flat,sidhartha ncr one phase,sector 95,0.43,3152.0,2,2,2,6.0,Relatively New,1300.0,0,0,0,0,0,0,120,682.0
flat,emaar gurgaon greens,sector 102,1.38,13490.0,3,3,3,6.0,Relatively New,1315.0,0,1,0,0,0,1,128,341.0
house,dlf city plots phase 2,sector 25,15.5,34307.0,5,6,3+,3.0,Moderately Old,4518.0,1,1,1,1,0,0,144,903.6
flat,chd avenue,sector 71,1.35,5745.0,4,4,3,8.0,Moderately Old,2127.0,0,1,0,0,0,0,26,587.5
flat,emaar mgf emerald floors premier,sector 65,3.0,15190.0,4,4,3+,2.0,Relatively New,1975.0,0,1,0,0,0,0,87,493.75
flat,breez global hill view,sohna road,0.32,5776.0,2,2,2,19.0,Relatively New,616.0,0,0,0,0,0,1,21,277.0
flat,m3m woodshire,sector 107,0.75,5490.0,2,2,3+,14.0,Relatively New,1201.0,0,0,0,1,0,0,174,683.0
flat,signature global solera,sector 107,0.36,6569.0,2,2,1,9.0,Relatively New,496.0,0,0,0,0,0,0,28,274.0
flat,m3m soulitude,sector 89,1.0,9066.0,2,2,2,2.0,New Property,1226.0,1,0,0,0,0,0,49,551.5
flat,breez global hill view,sohna road,0.35,5319.0,2,2,2,18.0,New Property,658.0,0,0,0,0,0,0,15,329.0
flat,vipul world floors,sector 48,4.3,13871.0,4,5,3+,4.0,New Property,3444.0,1,1,0,1,0,0,88,775.0
flat,ireo the corridors,sector 67a,1.7,9844.0,3,3,2,10.0,New Property,1346.0,0,1,0,0,1,1,44,575.6666666666666
flat,tulip violet,sector 69,1.36,8843.0,3,3,1,12.0,Relatively New,1392.0,0,0,0,1,0,0,86,512.6666666666666
house,ansal sushant lok 2,sector 56,3.4,22222.0,6,6,3+,2.0,Moderately Old,1530.0,0,0,0,0,0,1,29,255.0
house,independent,sector 67,3.0,11905.0,4,4,0,3.0,Moderately Old,2800.0,0,0,0,0,0,0,0,630.0
house,independent,sector 43,14.0,39886.0,9,9,3+,4.0,Moderately Old,3510.0,0,1,0,0,0,0,7,390.0
flat,sobha city,sector 108,3.95,16859.0,3,5,2,15.0,New Property,2343.0,0,1,0,0,0,0,118,781.0
house,dlf the grove,sector 54,5.7,23457.0,4,4,0,1.0,Moderately Old,2430.0,0,0,0,0,0,0,46,607.5
flat,dlf new town heights,sector 90,1.65,5684.0,4,4,3+,7.0,Moderately Old,2468.0,0,0,0,0,0,0,117,725.75
flat,ansals duplex flat,sector 2,0.95,7308.0,2,3,2,1.0,Old Property,1444.0,1,0,0,0,0,1,20,650.0
flat,dlf new town heights,sector 90,1.25,6477.0,3,3,3+,6.0,Relatively New,1929.0,0,1,0,1,0,0,136,643.3333333333334
flat,indiabulls enigma,sector 110,3.79,9896.0,5,5,3,4.0,Relatively New,3466.0,0,1,0,0,1,0,125,766.0
house,my home,sector 110,0.34,12593.0,2,2,2,3.0,Moderately Old,270.0,0,0,0,0,0,0,22,135.0
flat,shapoorji pallonji joyville gurugram,sector 102,1.75,9449.0,3,3,3,10.0,Relatively New,1465.0,1,1,0,1,1,0,49,617.3333333333334
house,bptp pedestal,sector 70a,0.9,7582.0,2,2,3+,3.0,New Property,1319.0,0,1,0,0,1,0,153,593.5
flat,smart world orchard,sector 61,1.58,13739.0,2,2,2,3.0,New Property,1278.0,1,0,0,0,0,0,15,575.0
flat,gls avenue 51,sector 92,0.5,7812.0,3,3,1,0.0,Relatively New,579.0,0,0,0,0,0,0,0,213.33333333333334
house,independent,sector 48,5.5,23504.0,4,4,2,2.0,Relatively New,2340.0,0,1,0,0,0,1,22,585.0
flat,lotus homz,sector 111,0.36,8889.0,1,1,1,10.0,Relatively New,450.0,0,0,0,0,0,0,44,405.0
flat,tulip violet,sector 69,2.0,9583.0,4,4,2,0.0,Relatively New,1889.0,0,0,0,0,0,0,157,521.75
house,ireo victory valley,sector 67,8.0,22222.0,6,7,3+,3.0,Moderately Old,3600.0,1,1,1,1,0,1,151,600.0
flat,malibu towers,sector 47,2.45,10699.0,3,4,2,1.0,Old Property,2544.0,1,0,0,0,0,1,42,763.3333333333334
flat,tulip violet,sector 69,2.05,9951.0,4,4,2,0.0,Relatively New,1889.0,0,0,0,0,0,0,157,515.0
flat,ats triumph,sector 104,4.45,6846.0,4,5,3+,27.0,Relatively New,7222.0,0,0,0,0,0,0,110,1625.0
flat,shapoorji pallonji joyville gurugram,sector 102,1.42,10380.0,2,2,3,14.0,Relatively New,1368.0,0,0,0,0,0,0,0,684.0
flat,la vida by tata housing,sector 113,2.4,10825.0,3,4,3+,5.0,Relatively New,1940.0,0,1,0,0,0,0,49,739.0
house,independent,sector 26,17.0,37627.0,5,5,3+,2.0,Relatively New,4518.0,1,1,1,1,0,1,124,903.6
flat,sobha city,sector 108,2.5,14611.0,3,3,2,19.0,New Property,1480.0,0,0,0,0,0,0,166,570.3333333333334
flat,ardee city,sector 52,1.5,9146.0,4,4,3,3.0,Old Property,1484.0,0,0,0,0,0,0,65,410.0
flat,umang monsoon breeze,sector 78,1.15,5285.0,3,3,3,9.0,Moderately Old,1969.0,0,1,0,0,1,0,22,725.3333333333334
flat,signature global solera,sector 107,0.28,5833.0,2,2,2,0.0,Relatively New,543.0,0,0,0,0,0,0,45,240.0
flat,signature global park 4,sector 36,0.85,11333.0,3,2,3,1.0,New Property,833.0,0,0,0,0,0,0,33,250.0
flat,dlf the ultima,sector 81,3.45,12357.0,4,4,3+,25.0,Moderately Old,2527.0,0,1,0,0,0,0,67,698.0
flat,tata primanti,sector 72,4.25,13077.0,4,4,3+,0.0,Relatively New,2941.0,0,1,0,0,0,1,174,812.5
flat,smart world gems,sector 89,1.2,8433.0,3,3,2,2.0,New Property,1423.0,0,0,0,0,0,0,45,474.3333333333333
flat,signature global grand iva,sector 103,0.5,6250.0,2,2,2,10.0,Relatively New,698.0,0,0,0,0,0,0,8,400.0
flat,godrej oasis,sector 88a,1.45,8367.0,2,2,3+,9.0,Relatively New,133.0,1,0,0,0,0,2,85,866.5
flat,emaar mgf the palm drive,sector 66,2.8,14359.0,3,3,2,12.0,New Property,1950.0,1,1,0,1,0,2,69,650.0
house,independent,sector 23,2.8,17983.0,5,5,3+,2.0,Old Property,1557.0,0,0,0,1,0,1,74,311.4
house,international city by sobha phase 1,sector 109,6.75,10838.0,4,4,3+,2.0,New Property,6228.0,0,1,0,1,0,0,130,1557.0
house,independent,sector 7,1.15,8519.0,5,3,2,2.0,Old Property,1350.0,0,0,0,1,0,0,15,270.0
flat,signature global rosellia,sector 95,0.45,8755.0,2,2,2,14.0,New Property,571.0,0,0,0,0,0,0,24,257.0
flat,dlf new town heights,sector 91,1.75,7403.0,4,4,3+,9.0,Relatively New,2139.0,0,1,0,1,0,0,88,591.0
flat,vatika gurgaon,sector 83,1.1,6162.0,3,3,3+,5.0,Relatively New,1600.0,0,0,0,0,0,1,96,595.0
flat,pareena mi casa,sector 68,1.7,8504.0,4,4,3,2.0,New Property,1809.0,0,0,0,0,0,0,47,499.75
flat,raheja the vedaanta floors,sector 108,0.7,4522.0,2,2,3,1.0,Moderately Old,1720.0,0,0,0,0,0,1,0,774.0
flat,bestech park view residency,sector 2,1.51,7869.0,3,4,3+,7.0,Moderately Old,1738.0,0,1,0,0,0,1,84,639.6666666666666
flat,pyramid urban homes 2,sector 86,0.44,7321.0,2,2,2,6.0,Relatively New,668.0,0,0,0,0,0,1,63,300.5
flat,adani m2k oyster grande,sector 102,2.35,8468.0,3,3,3,14.0,Relatively New,2351.0,1,1,0,0,0,1,165,925.0
flat,godrej summit,sector 104,1.75,7530.0,4,5,3+,1.0,New Property,2582.0,0,1,0,0,0,0,60,581.0
flat,tulip violet,sector 69,1.75,8883.0,4,4,1,12.0,Relatively New,1783.0,0,0,0,0,0,0,86,492.5
flat,ansal heights,sector 92,0.6,4545.0,2,2,3,11.0,Under Construction,1195.0,0,0,0,0,1,0,23,660.0
flat,guru gram haryana cghs,sector 56,1.38,7225.0,3,3,3,5.0,Moderately Old,1910.0,1,0,0,0,0,1,134,636.6666666666666
flat,shree vardhman flora,sector 90,0.9,4615.0,3,4,3,4.0,Relatively New,1765.0,0,1,0,0,0,0,165,650.0
house,independent,sector 26,4.45,35178.0,4,4,3,3.0,Old Property,1265.0,0,0,0,0,0,0,25,316.25
house,independent,sector 31,3.25,22429.0,4,4,3+,3.0,Moderately Old,1449.0,1,1,1,1,0,1,29,362.25
flat,supertech basera,sector 79,0.36,7643.0,2,2,1,4.0,New Property,546.0,0,0,0,0,0,0,60,235.5
flat,dlf the belaire,sector 54,7.0,23333.0,4,6,3+,12.0,Moderately Old,2715.0,0,1,1,1,0,1,108,750.0
flat,emaar palm gardens,sector 83,1.4,9675.0,3,3,3,11.0,Relatively New,1582.0,0,1,0,0,0,2,58,482.3333333333333
flat,the close north,sector 50,2.35,11228.0,3,3,3,8.0,Moderately Old,2000.0,0,0,1,0,0,1,149,697.6666666666666
flat,ss the leaf,sector 85,2.15,10925.0,4,5,3+,6.0,Relatively New,2366.0,0,1,0,0,0,0,156,492.0
flat,sobha city,sector 108,2.95,14728.0,3,4,2,12.0,Relatively New,2003.0,0,0,0,0,0,0,49,667.6666666666666
flat,godrej habitat,sector 3,1.1,10407.0,2,2,2,14.0,Under Construction,956.0,0,0,0,0,0,0,60,528.5
flat,umang monsoon breeze,sector 78,1.25,5000.0,4,4,3,2.0,Relatively New,2300.0,0,1,0,1,1,0,57,625.0
flat,raheja revanta,sector 78,1.2,10017.0,1,2,2,32.0,Under Construction,823.0,0,0,0,0,0,0,39,1198.0
house,independent,sector 105,9.9,49500.0,2,2,2,3.0,Moderately Old,2000.0,0,0,0,0,0,0,0,1000.0
flat,la vida by tata housing,sector 113,3.35,16750.0,3,4,3+,12.0,New Property,2200.0,1,1,0,0,0,0,174,666.6666666666666
flat,bptp astaire gardens,sector 70a,1.8,9351.0,3,3,3,3.0,Relatively New,1925.0,1,0,0,0,0,0,135,641.6666666666666
house,nirvana cedar crest,sector 50,7.1,32870.0,5,4,3,2.0,Moderately Old,2160.0,1,0,1,1,0,1,110,432.0
flat,supertech araville,sector 79,0.71,5521.0,2,2,0,9.0,Under Construction,1295.0,0,0,0,0,0,0,0,643.0
flat,ss almeria,sector 84,1.48,7400.0,3,3,2,1.0,New Property,1624.0,0,1,1,0,0,1,139,666.6666666666666
flat,krrish florence estate,sector 70,1.25,6702.0,3,3,3,18.0,Under Construction,1688.0,0,0,0,0,0,0,51,621.6666666666666
flat,ireo victory valley,sector 67,2.87,11904.0,3,3,3+,16.0,Relatively New,2095.0,0,1,0,0,0,1,174,803.6666666666666
flat,smart world orchard,sector 61,2.2,13497.0,3,3,2,3.0,Under Construction,1811.0,0,0,0,0,0,0,16,543.3333333333334
flat,ats kocoon,sector 109,1.65,10645.0,3,3,3,19.0,Relatively New,1650.0,0,0,1,0,0,1,159,516.6666666666666
flat,emaar palm gardens,sector 83,1.4,8140.0,3,3,3,2.0,Relatively New,1387.0,1,1,1,1,0,1,174,573.3333333333334
flat,umang winter hills,sector 77,1.4,6341.0,3,3,3,10.0,Relatively New,1735.0,0,0,0,0,0,0,28,736.0
house,ansal sushant lok plots,sector 43,5.8,29974.0,6,6,3,2.0,Relatively New,1935.0,0,1,0,0,1,1,49,322.5
flat,tata gurgaon gateway,sector 113,3.21,11823.0,3,3,3,9.0,New Property,2281.0,0,0,0,0,0,0,49,905.0
house,independent,sector 3,0.9,10000.0,3,4,3,3.0,Moderately Old,3500.0,0,0,0,0,1,1,42,300.0
house,tata primanti,sector 72,8.5,13492.0,5,6,3+,10.0,Relatively New,6300.0,1,1,1,1,0,1,145,1260.0
flat,sapphire eighty three,sector 83,0.4,8547.0,1,1,1,6.0,Relatively New,520.0,0,0,0,0,0,2,52,468.0
flat,ireo victory valley,sector 67,2.95,12236.0,3,3,3,10.0,Relatively New,2150.0,0,1,0,0,0,1,174,803.6666666666666
flat,siddhartha apartment,sector 95,1.1,4327.0,4,3,3,9.0,Relatively New,2824.0,0,1,0,0,1,0,22,635.5
flat,ild greens,sector 37,1.0,4724.0,3,3,3,3.0,Under Construction,1629.0,0,0,0,0,0,0,51,705.6666666666666
flat,vatika the seven lamps,sector 82,1.0,5924.0,2,2,2,11.0,Relatively New,1299.0,1,0,0,0,0,1,90,844.0
flat,green campus chs,manesar,0.92,4023.0,3,3,3+,8.0,Moderately Old,1924.0,0,1,0,0,0,0,5,762.3333333333334
flat,ramsons kshitij,sector 95,0.45,4592.0,2,2,1,2.0,Relatively New,887.0,1,0,0,0,0,0,89,490.0
flat,shree vardhman flora,sector 90,1.25,4854.0,4,5,2,8.0,Relatively New,2330.0,1,1,0,0,0,0,165,643.75
flat,emaar mgf emerald floors premier,sector 65,2.35,14242.0,3,3,3,2.0,Relatively New,1493.0,1,1,0,0,0,1,168,550.0
flat,tulip violet,sector 69,1.4,9103.0,3,3,1,12.0,Relatively New,1392.0,0,0,0,0,0,1,157,512.6666666666666
flat,sidhartha ncr one,sector 95,0.55,5556.0,2,2,3,15.0,New Property,990.0,0,0,0,0,0,0,0,495.0
house,independent,sector 105,0.74,7400.0,3,3,0,2.0,Moderately Old,1000.0,0,0,0,0,0,0,0,333.3333333333333
flat,dlf the crest,sector 54,11.0,35223.0,4,6,3,7.0,Relatively New,2826.0,0,1,0,0,0,2,125,780.75
house,independent,sector 39,1.8,21871.0,1,1,2,3.0,Relatively New,800.0,0,0,0,0,0,0,0,823.0
flat,sare crescent parc,sector 92,1.0,5128.0,4,3,2,1.0,Relatively New,2167.0,0,0,0,0,0,0,49,487.5
flat,shree vardhman flora,sector 90,0.65,5000.0,2,2,2,12.0,Old Property,1176.0,1,0,0,0,0,0,103,650.0
flat,godrej,sector 79,1.3,8270.0,2,2,3,3.0,New Property,1423.0,1,0,0,0,0,0,49,786.0
flat,indiabulls enigma,sector 110,3.49,10265.0,4,5,3,7.0,Relatively New,3077.0,0,1,0,0,0,0,165,850.0
house,uppal southend,sector 49,6.75,32328.0,4,4,3,3.0,Relatively New,2088.0,0,1,0,0,0,1,26,522.0
flat,shapoorji pallonji joyville gurugram,sector 102,1.05,11475.0,2,2,2,0.0,Under Construction,1017.0,0,0,0,0,0,0,49,457.5
flat,dlf regency park,sector 28,2.26,13697.0,3,3,2,19.0,Old Property,1700.0,0,1,0,0,0,0,158,550.0
flat,sobha smriti apartments,sector 56,0.5,8333.0,1,1,2,3.0,Old Property,667.0,0,0,0,0,0,0,0,600.0
flat,smart world orchard,sector 61,2.54,15497.0,3,3,3,2.0,Under Construction,1639.0,0,0,1,0,0,0,16,546.3333333333334
flat,godrej,sector 79,2.0,8475.0,3,4,3+,9.0,Relatively New,1963.0,0,1,0,0,0,0,108,786.6666666666666
flat,shree vardhman flora,sector 90,0.95,6333.0,3,3,3,9.0,Relatively New,1667.0,0,1,0,0,0,0,90,500.0
flat,godrej,sector 79,1.12,7147.0,2,2,3,6.0,Relatively New,1325.0,1,0,0,0,0,0,49,783.5
flat,bestech park view residency,sector 2,1.01,7138.0,2,2,3,0.0,Moderately Old,1281.0,0,0,0,0,0,0,92,707.5
flat,puri emerald bay,sector 104,2.3,9388.0,3,4,3+,10.0,Moderately Old,2217.0,0,1,0,0,0,0,101,816.6666666666666
flat,ss hibiscus,sector 50,6.0,12272.0,4,3,3,5.0,Moderately Old,3982.0,0,1,0,0,0,0,31,1222.25
house,emaar mgf marbella,sector 66,12.0,37037.0,5,5,3+,3.0,New Property,3240.0,0,1,1,1,0,1,106,648.0
flat,sare crescent parc,sector 92,0.92,4855.0,4,5,3+,14.0,Moderately Old,1895.0,0,0,0,0,0,1,131,473.75
flat,m3m capital,sector 113,3.25,14143.0,4,4,3+,34.0,Under Construction,2553.0,1,1,0,1,0,0,115,574.5
flat,dlf regal gardens,sector 90,1.76,7946.0,4,4,3+,8.0,Relatively New,2020.0,0,0,0,0,0,1,135,553.75
flat,tulip violet,sector 69,1.75,8706.0,4,4,2,10.0,Relatively New,1819.0,0,0,0,0,0,1,109,502.5
house,independent,sector 43,5.25,27132.0,4,4,2,2.0,Old Property,1935.0,1,1,0,0,0,1,80,483.75
house,independent,sector 43,2.5,2885.0,7,7,3,4.0,Relatively New,963.0,0,0,0,0,1,2,20,1238.142857142857
flat,zara aavaas,sector 104,0.4,7030.0,2,2,1,14.0,Relatively New,515.0,0,0,0,0,0,0,38,284.5
flat,shree vardhman flora,sector 90,0.9,4615.0,3,4,3,4.0,Relatively New,1765.0,0,1,0,0,0,0,165,650.0
flat,shapoorji pallonji joyville gurugram,sector 102,0.95,10383.0,2,2,2,14.0,Relatively New,915.0,0,0,0,0,0,0,0,457.5
flat,bptp astaire gardens,sector 70a,1.7,8947.0,4,3,3,1.0,Relatively New,2111.0,0,0,0,0,0,1,49,475.0
house,independent,sector 4,0.47,10609.0,2,2,1,2.0,New Property,50.0,1,0,0,0,0,1,73,221.5
flat,paras dews,sector 106,0.95,6859.0,2,2,3+,2.0,Relatively New,940.0,0,0,0,0,0,0,49,692.5
flat,tulip violet,sector 69,1.37,8908.0,3,3,1,12.0,Relatively New,1392.0,0,0,0,0,0,0,116,512.6666666666666
flat,breez global hill view,sohna road,0.35,6318.0,2,2,2,14.0,New Property,616.0,0,0,0,0,0,0,53,277.0
flat,dlf the primus,sector 82a,1.8,13846.0,3,3,3+,10.0,Relatively New,1545.0,0,1,0,0,0,2,174,433.3333333333333
house,sneh vihar,sohna road,1.35,10000.0,5,5,3+,4.0,Relatively New,1350.0,0,0,0,0,0,0,0,270.0
flat,the close north,sector 50,2.51,11992.0,3,3,3,11.0,Moderately Old,2093.0,0,0,1,1,0,1,109,697.6666666666666
flat,vidya apartment,sector 5,0.22,4207.0,2,2,1,1.0,Relatively New,570.0,0,0,0,0,1,2,36,261.5
flat,m3m skywalk,sector 74,2.45,12141.0,3,3,3+,25.0,Relatively New,1800.0,1,0,0,0,0,0,137,672.6666666666666
flat,tulip violet,sector 69,1.2,10909.0,2,3,0,0.0,Relatively New,1100.0,0,0,0,0,0,0,54,550.0
flat,ansal heights 86,sector 86,1.25,7396.0,3,2,1,2.0,New Property,1529.0,0,0,0,0,0,0,100,563.3333333333334
house,independent,sector 46,2.2,24202.0,3,3,2,3.0,Old Property,909.0,0,0,1,0,0,1,56,303.0
flat,dlf regency park,sector 28,1.91,16609.0,2,2,2,11.0,New Property,1278.0,0,0,0,0,0,2,98,575.0
flat,eldeco accolade,sohna road,0.95,6543.0,2,2,3+,6.0,New Property,1129.0,1,0,0,0,0,1,56,726.0
flat,smart world gems,sector 89,0.88,7978.0,2,2,0,2.0,New Property,1103.0,0,0,0,0,0,0,45,551.5
house,vipul tatvam villa,sector 48,7.69,24069.0,4,5,3,2.0,Moderately Old,3195.0,1,1,1,1,0,1,110,798.75
flat,umang monsoon breeze,sector 78,1.1,5055.0,3,3,3+,9.0,Old Property,2176.0,0,1,0,0,0,0,80,725.3333333333334
flat,tulip violet,sector 69,1.32,8413.0,3,3,1,12.0,Relatively New,1419.0,0,0,0,1,0,1,86,523.0
flat,shree vardhman victoria,sector 70,1.9,9744.0,3,3,3,10.0,New Property,1765.0,0,1,1,1,1,0,36,650.0
flat,conscient elevate,sector 59,4.25,18519.0,3,4,3,3.0,Under Construction,2077.0,0,0,0,0,0,0,0,765.0
house,independent,sector 26,4.5,33333.0,5,5,3+,2.0,Old Property,1350.0,0,0,0,0,0,0,7,270.0
flat,central park flower valley,sohna road,1.2,6742.0,3,3,0,11.0,Relatively New,1780.0,0,0,0,0,0,0,66,593.3333333333334
flat,dlf the ultima,sector 81,2.2,11190.0,3,4,3+,7.0,Relatively New,1900.0,0,1,0,0,0,2,104,655.3333333333334
house,eros rosewood city,sector 49,4.05,20769.0,3,3,3,2.0,Moderately Old,2000.0,0,1,1,0,0,0,46,650.0
house,independent,sector 55,3.1,20026.0,5,4,3+,2.0,Moderately Old,1548.0,0,1,1,0,0,1,59,309.6
flat,m3m skywalk,sector 74,1.55,13790.0,2,2,3+,18.0,Relatively New,1300.0,0,0,0,0,1,0,137,562.0
flat,nbcc heights,sector 89,1.5,7059.0,3,3,3,8.0,Relatively New,1923.0,1,1,0,0,0,0,105,708.3333333333334
house,not applicable,sector 4,0.65,13000.0,2,1,1,3.0,Moderately Old,500.0,0,0,0,0,0,0,7,250.0
flat,godrej oasis,sector 88a,1.5,8108.0,3,3,3+,11.0,New Property,1674.0,0,0,0,0,0,0,39,616.6666666666666
flat,unitech the residences,sector 33,1.1,9910.0,2,2,3,9.0,Moderately Old,1100.0,0,0,0,0,0,1,44,555.0
house,international city by sobha phase 1,sector 109,5.85,26423.0,4,5,3+,2.0,Relatively New,2214.0,0,1,0,0,0,1,85,553.5
flat,mapsko casa bella,sector 82,1.75,6903.0,4,5,3+,1.0,Relatively New,2535.0,0,0,0,0,0,0,54,633.75
house,independent,sector 28,1.39,11583.0,2,2,1,3.0,Old Property,1450.0,0,0,1,0,0,0,37,600.0
flat,sahara grace,sector 28,5.5,14612.0,4,5,3+,5.0,Moderately Old,3406.0,0,1,0,0,1,1,8,941.0
flat,emaar mgf the palm drive,sector 66,3.2,17778.0,3,3,3,12.0,Relatively New,1800.0,1,1,1,1,0,1,117,600.0
flat,tulip orange,sector 70,1.0,10309.0,3,2,2,3.0,Moderately Old,1078.0,0,0,0,0,0,0,58,323.3333333333333
flat,bestech park view ananda,sector 81,0.88,8044.0,2,2,3,8.0,Relatively New,1223.0,1,0,0,0,0,1,95,547.0
flat,sobha city,sector 108,2.9,14478.0,3,4,2,11.0,Relatively New,2003.0,0,0,0,0,0,0,108,667.6666666666666
flat,sare green parc 2,sector 92,0.75,4744.0,3,3,3,2.0,Relatively New,1415.0,0,0,0,0,1,1,49,527.0
house,independent,sector 56,7.25,29340.0,8,8,3+,0.0,Moderately Old,2471.0,0,0,0,0,0,1,24,308.875
house,independent,sector 13,0.45,4808.0,1,1,0,1.0,Old Property,936.0,0,0,0,0,0,0,0,936.0
flat,godrej icon,sector 88a,1.62,10019.0,3,2,3+,10.0,Relatively New,1463.0,1,0,0,0,0,2,49,539.0
house,unitech espace,sector 50,11.5,35494.0,5,6,0,1.0,Moderately Old,3240.0,0,0,0,0,0,0,0,648.0
house,independent,sector 57,3.6,20833.0,4,4,2,2.0,Old Property,1728.0,1,1,1,1,0,0,110,432.0
house,independent,sector 46,3.6,24845.0,5,5,3+,3.0,Moderately Old,1449.0,0,1,0,0,0,1,75,289.8
flat,m3m heights,sector 65,2.01,13499.0,2,2,3,8.0,New Property,1482.0,1,0,0,0,0,0,44,744.5
flat,gls avenue 51,sector 92,0.21,6954.0,1,1,1,0.0,Relatively New,336.0,0,0,0,0,0,0,63,302.0
flat,ireo skyon,sector 60,2.05,15185.0,2,3,2,2.0,Relatively New,1520.0,0,0,1,0,0,1,174,675.0
flat,smriti apartment,sector 56,0.45,7500.0,1,1,2,3.0,Old Property,543.0,0,0,0,0,0,0,57,600.0
flat,ramprastha the edge towers,sector 37d,0.75,5319.0,2,2,3,19.0,Moderately Old,1410.0,0,0,0,0,0,0,63,705.0
flat,m3m golfestate,sector 65,6.15,18287.0,3,3,3,23.0,Moderately Old,3027.0,1,1,0,0,0,1,60,1121.0
flat,smart world gems,sector 89,1.16,8152.0,3,3,2,3.0,Under Construction,1581.0,1,0,0,0,0,0,68,474.3333333333333
flat,godrej,sector 79,2.03,9046.0,3,4,3+,7.0,Relatively New,2031.0,0,1,0,0,0,0,118,748.0
flat,corona optus,sector 37,1.43,7186.0,3,3,3+,2.0,Relatively New,1845.0,1,1,0,0,1,0,49,663.3333333333334
flat,shree vardhman flora,sector 90,0.92,4907.0,3,4,3,4.0,Relatively New,1493.0,0,1,0,0,0,0,116,625.0
flat,orchid petals,sector 49,4.52,10984.0,5,5,3+,14.0,Moderately Old,3724.0,1,1,0,1,0,0,49,823.0
flat,dlf the icon,sector 43,5.25,20388.0,4,4,3,9.0,Old Property,2570.0,0,1,0,1,1,0,135,643.75
flat,mapsko mount ville,sector 79,1.3,8725.0,3,3,3,19.0,Relatively New,1176.0,0,0,1,0,0,1,102,496.6666666666667
flat,signature global city 63a,sector 63a,1.4,11336.0,2,2,2,3.0,Under Construction,1372.0,0,0,0,0,1,0,0,617.5
flat,sobha city,sector 108,3.25,15685.0,3,3,3,12.0,Relatively New,2072.0,0,0,0,0,0,0,99,690.6666666666666
flat,signature global city 92,sector 92,0.99,9074.0,3,2,3,1.0,Under Construction,1091.0,0,0,0,0,0,0,24,363.6666666666667
flat,godrej aria,sector 79,1.3,9623.0,2,4,2,3.0,Relatively New,1223.0,0,0,0,0,0,0,53,675.5
house,independent,sector 46,5.5,23061.0,8,8,3+,3.0,Moderately Old,2385.0,1,0,0,0,1,1,32,298.125
house,independent,sector 17,7.2,15926.0,4,4,2,1.0,Old Property,4494.0,0,1,1,0,0,0,0,1130.25
flat,dlf regal gardens,sector 90,1.65,7449.0,4,4,3+,15.0,Relatively New,2214.0,0,0,0,0,0,0,158,553.75
flat,piedmont taksila heights,sector 37,0.9,5856.0,3,3,3,9.0,Moderately Old,1537.0,0,0,0,0,0,1,94,512.3333333333334
flat,sobha city,sector 108,1.9,13758.0,2,2,2,8.0,Relatively New,1250.0,0,0,0,0,0,0,85,690.5
house,independent,sector 23,5.5,13095.0,9,9,3+,3.0,Moderately Old,4200.0,0,1,0,0,1,1,0,466.6666666666667
flat,dlf regal gardens,sector 90,1.25,8117.0,3,3,3,8.0,Relatively New,1640.0,0,0,0,1,0,0,158,513.3333333333334
flat,ambience creacions,sector 22,3.2,11498.0,3,4,3+,2.0,New Property,2517.0,0,0,0,0,0,0,42,927.6666666666666
flat,m3m woodshire,sector 107,1.8,7624.0,3,4,3+,2.0,Relatively New,1837.0,0,1,0,0,0,0,129,787.0
flat,ireo the corridors,sector 67a,1.8,9370.0,3,3,2,3.0,New Property,1551.0,1,0,1,0,0,1,150,640.3333333333334
house,independent,sector 82,7.0,21605.0,4,4,3+,1.0,Relatively New,3240.0,1,1,0,1,0,1,49,810.0
flat,signature global solera 2,sector 107,0.5,8929.0,2,2,2,13.0,New Property,622.0,0,0,0,0,0,0,8,280.0
flat,dlf the primus,sector 82a,3.5,13431.0,5,5,3+,14.0,Relatively New,2896.0,1,0,0,0,0,2,49,521.2
house,ansals palam vihar,sector 2,5.0,12500.0,6,4,0,3.0,Old Property,4000.0,0,0,0,0,0,0,0,666.6666666666666
flat,tulip white,sector 69,0.91,6863.0,3,2,2,12.0,Moderately Old,1473.0,0,0,0,0,0,0,43,442.0
house,ansals palam vihar,sector 2,4.0,16667.0,4,4,3+,2.0,Moderately Old,2400.0,0,1,0,0,0,0,0,600.0
flat,emaar mgf the palm drive,sector 66,2.85,14615.0,3,3,3,11.0,Relatively New,1950.0,1,0,0,0,0,1,67,650.0
flat,signature global synera,sector 81,0.5,7886.0,2,2,1,11.0,New Property,704.0,0,0,0,0,0,2,97,317.0
flat,emaar palm heights,sector 77,2.1,10370.0,3,3,3,17.0,New Property,1833.0,1,1,0,0,0,0,8,675.0
house,independent,sector 7,2.0,11111.0,2,2,1,2.0,Relatively New,1800.0,0,0,0,0,0,0,0,900.0
flat,m3m golfestate,sector 65,6.15,15999.0,3,5,3+,1.0,Relatively New,4271.0,0,1,0,0,0,2,49,1281.3333333333333
flat,antriksh heights,sector 84,0.92,5041.0,3,3,3,2.0,Relatively New,1652.0,1,0,0,1,0,0,67,608.3333333333334
house,independent,sector 28,1.45,8002.0,3,2,1,1.0,Relatively New,1800.0,0,0,0,0,0,0,0,604.0
flat,bestech park view residency,sector 2,1.55,8073.0,3,4,3+,10.0,Moderately Old,1738.0,0,1,0,0,0,0,100,640.0
flat,indiabulls centrum park,sector 103,2.36,9183.0,4,6,3+,8.0,Relatively New,2729.0,0,1,0,0,0,1,159,642.5
flat,hero homes,sector 104,1.2,17544.0,2,2,2,22.0,Under Construction,877.0,0,0,0,0,0,0,30,342.0
flat,sare crescent parc,sector 92,0.5,5000.0,2,2,3,2.0,Moderately Old,905.0,0,0,0,0,0,0,38,500.0
flat,indiabulls enigma,sector 110,3.25,9559.0,4,4,3,11.0,Relatively New,3077.0,0,1,0,0,1,0,125,850.0
flat,shapoorji pallonji joyville gurugram,sector 102,1.35,14754.0,2,2,2,10.0,Under Construction,828.0,0,0,0,0,0,0,22,457.5
flat,emaar mgf emerald floors premier,sector 65,2.35,14242.0,3,3,2,4.0,Relatively New,1650.0,1,1,0,0,0,0,165,550.0
flat,apex our homes,sector 37,0.38,4108.0,2,2,1,9.0,Relatively New,925.0,0,0,0,0,0,0,65,462.5
flat,mariners home,sector 56,2.11,8612.0,3,2,3,4.0,Relatively New,2250.0,0,0,0,0,1,1,126,816.6666666666666
flat,m3m skywalk,sector 74,1.48,12333.0,2,2,3,13.0,Relatively New,1300.0,0,0,1,0,0,0,158,600.0
house,dlf city plots,sector 26,17.0,37627.0,5,6,3,2.0,Old Property,4518.0,0,1,1,1,0,1,87,903.6
flat,signature global infinity mall,sector 36,0.41,6269.0,2,2,3,3.0,New Property,654.0,0,0,0,0,0,0,0,327.0
flat,ss the leaf,sector 85,2.05,7290.0,4,4,3+,4.0,Relatively New,2500.0,0,1,0,0,0,1,49,703.0
flat,ats tourmaline,sector 109,2.95,9365.0,4,5,3+,10.0,Relatively New,2851.0,0,1,0,0,0,0,101,787.5
flat,signature global park,sohna road,0.53,6386.0,2,2,2,2.0,Relatively New,913.0,0,0,0,1,0,0,168,415.0
house,independent,sector 7,2.43,14890.0,4,4,2,3.0,Old Property,345.0,1,0,1,1,0,0,38,408.0
flat,sare crescent parc royal greens phase 1,sector 92,0.95,5008.0,4,5,3+,4.0,Moderately Old,1717.0,0,1,0,0,0,0,37,474.25
house,vipul tatvam villa,sector 48,7.25,22377.0,4,4,3,2.0,Relatively New,3240.0,1,1,1,1,0,1,103,810.0
flat,vatika gurgaon,sector 83,1.19,7438.0,3,3,2,10.0,Relatively New,1778.0,0,1,0,0,0,1,35,533.3333333333334
flat,raheja vanya,sector 99,0.59,3976.0,2,2,3,1.0,Under Construction,1133.0,0,0,0,0,1,0,96,742.0
flat,lotus homz,sector 111,0.6,8451.0,2,2,3,9.0,New Property,789.0,0,0,0,0,0,0,52,355.0
flat,smart world orchard,sector 61,1.41,12250.0,2,2,2,2.0,Under Construction,1150.0,1,0,0,0,0,0,76,575.5
flat,parsvnath green ville,sector 48,1.75,7202.0,3,3,3,7.0,Old Property,2200.0,0,1,0,0,0,1,109,810.0
house,emaar mgf marbella,sector 66,15.1,18605.0,5,5,3+,3.0,New Property,8067.799999999999,1,1,1,1,0,0,120,1623.2
flat,gls arawali homes,sohna road,0.35,6076.0,2,2,2,11.0,Relatively New,528.0,0,0,0,0,0,0,64,288.0
flat,kamroon court,sector 43,2.75,13750.0,3,4,3+,5.0,Moderately Old,2222.0,0,1,0,0,1,1,49,666.6666666666666
house,independent,sector 47,5.25,11667.0,9,9,3+,4.0,Relatively New,4650.0,0,1,0,0,0,1,142,500.0
flat,supertech hues,sector 68,1.0,8475.0,2,2,3,23.0,New Property,1311.0,0,0,0,0,0,0,49,590.0
flat,chd avenue,sector 71,0.95,7930.0,2,2,2,5.0,Moderately Old,1084.0,0,0,0,0,0,1,142,599.0
flat,the nav manesar apartment,sector 1,0.85,3953.0,3,3,3+,5.0,Moderately Old,1946.0,0,1,0,0,0,0,5,716.6666666666666
flat,suncity heights,sector 54,3.25,14118.0,3,3,3+,0.0,Old Property,2558.0,0,0,0,1,0,1,120,767.3333333333334
flat,vatika gurgaon,sector 83,1.25,6313.0,3,3,2,2.0,Relatively New,1792.0,0,1,0,0,0,0,119,660.0
house,independent,sector 28,8.4,34568.0,4,4,3+,2.0,Relatively New,2430.0,0,1,1,1,0,1,139,607.5
house,not applicable,sector 4,0.8,6088.0,5,4,3,3.0,Under Construction,146.0,0,0,0,0,0,0,0,262.8
flat,m3m the marina,sector 68,1.0,12500.0,2,2,3,21.0,Relatively New,889.0,0,0,0,0,0,0,31,400.0
flat,puri diplomatic greens,sector 111,3.4,11525.0,4,5,3+,14.0,Relatively New,2670.0,0,1,0,0,0,1,94,737.5
flat,satya the hermitage,sector 103,0.93,6405.0,2,3,3,3.0,Relatively New,1613.0,0,1,0,0,0,1,90,726.0
house,bptp astaire gardens,sector 70a,1.18,8138.0,3,3,3+,2.0,Relatively New,1611.0,0,0,0,0,1,1,153,483.3333333333333
flat,pioneer araya,sector 62,10.75,19499.0,5,7,3,10.0,Relatively New,4990.0,0,1,0,0,0,1,153,1102.6
flat,professors enclave cghs,sector 56,1.55,7750.0,3,3,3+,6.0,Moderately Old,1810.0,0,1,0,0,0,1,49,666.6666666666666
flat,sidhartha ncr one phase,sector 95,0.9,4500.0,3,3,1,15.0,Relatively New,2000.0,0,0,0,0,0,0,60,666.6666666666666
flat,dlf the ultima,sector 81,2.45,11492.0,3,3,2,9.0,Relatively New,1800.0,0,1,0,0,0,1,174,710.6666666666666
flat,pareena mi casa,sector 68,0.92,7390.0,2,2,3,5.0,Under Construction,1127.0,0,0,0,0,1,0,50,622.5
flat,tulip violet,sector 69,1.4,8929.0,3,3,1,12.0,Relatively New,1376.0,0,0,0,1,0,0,174,522.6666666666666
flat,prime habitat,sector 99,0.27,6054.0,2,2,1,10.0,Relatively New,498.0,0,0,0,0,0,0,67,223.0
flat,tulip ivory,sector 70,2.0,8333.0,4,5,3+,6.0,Moderately Old,2114.0,0,1,0,0,0,1,95,600.0
flat,pyramid pride,sector 76,0.5,6579.0,2,2,1,8.0,Under Construction,844.0,0,0,0,0,0,0,76,380.0
flat,zara aavaas,sector 104,0.2,6645.0,1,1,1,3.0,Relatively New,301.0,0,0,0,0,0,0,67,301.0
flat,godrej meridien,sector 106,3.2,16000.0,3,3,3+,6.0,Under Construction,2224.0,0,1,0,0,0,0,49,666.6666666666666
flat,shree vardhman victoria,sector 70,1.63,8359.0,3,5,3,12.0,Relatively New,1527.0,0,1,0,0,0,0,43,650.0
flat,ireo the corridors,sector 67a,2.0,11581.0,3,3,2,6.0,Under Construction,1346.0,0,0,0,0,1,0,15,575.6666666666666
flat,godrej,sector 79,1.29,8206.0,2,2,3,4.0,New Property,1423.0,0,0,0,0,0,0,0,786.0
flat,"godrej 101, sector 79",sector 79,1.25,9038.0,2,2,3,1.0,Relatively New,1383.0,0,0,0,0,0,0,0,691.5
house,indiabulls centrum park,sector 103,3.25,8125.0,4,3,3+,20.0,Under Construction,4000.0,0,0,0,0,0,0,51,1000.0
flat,godrej nature plus,sector 33,1.4,9333.0,2,2,3,14.0,Under Construction,1448.0,0,0,0,0,0,0,67,750.0
flat,kanchanjanga tower,sector 56,1.45,7632.0,3,3,3+,2.0,Moderately Old,1719.0,0,0,0,0,0,1,126,633.3333333333334
flat,orris aster court premier,sector 85,1.25,5896.0,3,4,2,5.0,Relatively New,1900.0,0,1,0,0,0,1,174,706.6666666666666
house,independent,sector 8,0.59,10085.0,2,2,2,2.0,Moderately Old,585.0,0,0,0,0,1,0,7,292.5
flat,bestech park view city,sector 49,2.9,12170.0,4,4,3+,5.0,Moderately Old,2157.0,0,1,0,0,0,0,117,595.75
flat,m3m heights,sector 65,2.15,15003.0,2,2,3+,28.0,Relatively New,1433.0,0,0,0,0,0,0,48,716.5
flat,pioneer araya,sector 62,7.56,18000.0,4,4,3+,23.0,Relatively New,4200.0,0,1,0,1,0,1,87,1050.0
flat,vatika city homes,sector 83,0.75,5660.0,2,2,2,3.0,Relatively New,1199.0,0,0,0,0,0,1,49,662.5
flat,emaar mgf emerald floors premier,sector 65,2.29,13879.0,3,4,3+,2.0,Relatively New,1833.0,1,1,0,0,0,2,174,550.0
flat,assotech blith,sector 99,1.9,6702.0,4,4,3+,2.0,New Property,2835.0,0,0,0,0,0,0,51,708.75
flat,birla navya,sector 63a,3.7,15417.0,3,3,3+,1.0,Under Construction,2667.0,0,0,0,0,0,0,72,800.0
house,unitech palms south city 1,sector 41,9.25,28549.0,9,9,3+,4.0,Moderately Old,5000.0,1,1,1,1,0,1,65,360.0
house,independent,sohna road,1.5,14245.0,2,3,2,1.0,New Property,1053.0,1,0,0,1,0,1,69,526.5
flat,emaar gurgaon greens,sector 102,1.54,9333.0,3,3,3,12.0,Relatively New,1315.0,0,1,0,0,0,0,61,550.0
flat,lord krishna,sector 12,2.7,8571.0,4,3,3,6.0,Old Property,3150.0,0,0,0,0,0,0,0,787.5
house,unitech palms south city 1,sector 41,9.35,28858.0,10,10,3+,4.0,Moderately Old,7500.0,1,1,0,0,0,1,70,324.0
flat,tata primanti,sector 72,3.21,16050.0,3,4,3+,15.0,Relatively New,2140.0,0,1,0,0,0,1,174,666.6666666666666
flat,puri diplomatic greens,sector 111,3.5,11864.0,4,5,3+,10.0,Relatively New,2700.0,0,1,0,0,0,1,49,737.5
flat,dlf new town heights,sector 86,1.3,6736.0,3,3,3,15.0,Relatively New,1715.0,0,1,0,1,0,1,49,643.3333333333334
flat,raheja vedaanta,sector 108,0.7,4667.0,2,2,1,10.0,Moderately Old,1468.0,0,0,0,0,0,0,0,750.0
flat,puri emerald bay,sector 104,2.55,10408.0,4,4,3+,5.0,Relatively New,2303.0,0,1,0,0,0,0,49,612.5
flat,ats tourmaline,sector 109,1.75,10000.0,3,3,3,4.0,New Property,1466.0,0,0,0,0,0,0,31,583.3333333333334
flat,bestech park view grand spa,sector 81,4.7,6786.0,4,4,3+,19.0,Relatively New,6268.0,0,1,0,0,0,1,140,1731.5
flat,om appartments,sector 5,0.4,4444.0,3,2,1,3.0,Relatively New,1000.0,0,0,0,0,0,0,7,300.0
house,ansal sushant lok plots,sector 43,11.5,17692.0,7,8,3+,3.0,Old Property,9000.0,0,1,1,1,0,1,31,928.5714285714286
flat,tata primanti,sector 72,6.75,19286.0,4,4,3+,0.0,New Property,4000.0,0,1,0,0,0,1,174,875.0
flat,unitech the residences,sector 33,1.55,9873.0,3,4,1,1.0,Relatively New,1421.0,0,1,0,0,0,0,37,523.3333333333334
flat,orris aster court,sector 85,0.67,5826.0,2,2,2,5.0,Relatively New,1250.0,0,0,0,0,1,1,174,575.0
flat,signature global solera,sector 107,0.5,7692.0,2,2,1,11.0,Relatively New,494.0,0,0,0,0,0,0,55,325.0
flat,emaar gurgaon greens,sector 102,1.45,8788.0,3,3,3,8.0,Relatively New,1300.0,0,1,0,0,0,0,49,550.0
flat,lavanya apartments,sector 81,0.9,5056.0,3,3,0,7.0,Relatively New,1780.0,0,0,0,0,0,0,0,593.3333333333334
house,ansal api esencia,sector 67,1.85,8222.0,3,3,3,1.0,Moderately Old,278.0,0,0,0,0,0,0,49,750.0
flat,cghs rail vihar,sector 15,1.4,10769.0,4,3,3,3.0,Old Property,1444.0,0,0,0,0,0,1,81,325.0
flat,m3m merlin,sector 67,2.8,13672.0,3,3,3,2.0,Relatively New,2048.0,0,0,1,0,0,2,174,682.6666666666666
flat,ashok vihar phase 2,sector 5,0.28,4308.0,2,2,1,3.0,Relatively New,600.0,0,0,0,0,0,0,64,325.0
flat,dlf regal gardens,sector 90,1.25,5930.0,3,3,3,18.0,Relatively New,1557.0,0,0,0,0,1,0,72,702.6666666666666
flat,puri emerald bay,sector 104,2.49,10163.0,3,3,3+,14.0,Relatively New,2217.0,0,1,0,0,0,1,129,816.6666666666666
flat,shree vardhman flora,sector 90,0.64,4923.0,2,2,3,6.0,Old Property,1199.0,1,0,0,0,0,0,103,650.0
house,independent,sector 11,2.5,17857.0,5,4,3,1.0,Old Property,1850.0,0,0,1,0,0,0,0,280.0
flat,kw royal court,sector 39,2.0,6250.0,5,4,3,9.0,Old Property,3556.0,0,1,0,0,0,2,49,640.0
flat,m3m skywalk,sector 74,1.5,10714.0,2,2,1,8.0,New Property,1556.0,0,0,0,0,0,0,16,700.0
flat,umang winter hills,sector 77,0.75,5589.0,2,2,2,7.0,Relatively New,1180.0,0,0,0,0,0,1,174,671.0
flat,landmark the residency,sector 103,0.9,6667.0,2,2,2,1.0,Relatively New,1222.0,0,0,0,0,0,0,44,675.0
flat,avl 36 gurgaon,sector 36,0.5,8333.0,1,1,1,5.0,New Property,600.0,0,0,0,0,0,0,0,600.0
house,independent,sector 13,9.0,11111.0,10,5,3+,4.0,Old Property,8100.0,0,0,0,0,0,0,0,810.0
flat,m3m urbana,sector 67,1.0,12107.0,1,1,1,17.0,Relatively New,826.0,0,0,0,0,0,0,49,826.0
flat,ambience creacions,sector 22,1.75,12700.0,2,2,2,11.0,Under Construction,1249.0,0,0,0,0,0,0,57,689.0
house,independent,sector 3,1.5,10288.0,3,3,0,2.0,Old Property,210.0,0,0,0,0,0,0,0,486.0
flat,dlf the grove,sector 54,5.7,41245.0,3,3,3,1.0,Moderately Old,1382.0,0,0,0,0,0,0,46,460.6666666666667
house,independent,sector 55,5.6,20741.0,6,4,3,3.0,Old Property,2700.0,0,1,0,0,0,1,41,450.0
flat,experion the heartsong,sector 108,2.0,7197.0,4,4,3+,10.0,Relatively New,2500.0,0,1,0,1,0,1,174,694.75
flat,tarc maceo,sector 91,0.9,6870.0,2,2,2,13.0,Relatively New,1186.0,0,0,0,0,0,2,67,655.0
flat,the close north,sector 50,2.7,10365.0,3,3,3+,6.0,Moderately Old,2400.0,0,1,0,0,0,0,174,868.3333333333334
flat,tulip lemon,sector 69,0.6,10000.0,2,1,1,12.0,Relatively New,667.0,0,0,0,0,0,0,23,300.0
house,nitin vihar,sector 33,0.85,9444.0,3,2,0,1.0,Relatively New,900.0,0,0,0,0,0,0,15,300.0
flat,emaar mgf the palm drive,sector 66,2.8,16471.0,3,4,3,8.0,Relatively New,1700.0,0,1,0,0,0,1,117,566.6666666666666
house,independent,sector 57,6.25,23496.0,9,9,3+,3.0,New Property,2660.0,0,1,0,0,0,1,61,295.55555555555554
house,dlf gardencity enclave,sector 93,1.3,11285.0,3,2,1,3.0,Relatively New,1152.0,0,0,0,0,0,0,50,384.0
house,dlf pink town house,sector 24,1.9,3786.0,10,9,3+,3.0,Relatively New,5018.0,0,0,0,0,1,2,29,501.8
flat,viridian the plaza 106,sector 106,0.39,5571.0,1,1,1,7.0,Relatively New,567.0,0,0,0,0,0,0,130,700.0
flat,hsiidc sidco aravali,manesar,0.81,3129.0,3,3,3+,2.0,Moderately Old,1900.0,0,1,0,0,0,0,74,863.0
flat,ss the leaf,sector 85,1.77,7350.0,3,4,3,6.0,Moderately Old,1450.0,0,1,0,0,0,1,135,802.6666666666666
flat,ats triumph,sector 104,2.65,8413.0,4,4,3+,10.0,Relatively New,2851.0,0,1,0,0,0,0,174,787.5
flat,pivotal devaan,sector 84,0.41,7033.0,2,2,2,10.0,New Property,565.0,0,0,0,0,0,1,23,291.5
flat,bestech park view sanskruti,sector 92,2.0,8333.0,4,5,3+,12.0,Relatively New,2453.0,0,1,0,0,0,1,60,600.0
flat,dlf the ultima,sector 81,2.4,11412.0,3,3,3+,12.0,Relatively New,1650.0,0,1,0,0,0,2,49,701.0
house,independent,sector 4,0.47,8007.0,2,1,1,1.0,Moderately Old,624.0,0,0,1,0,0,0,0,293.5
flat,antriksh heights,sector 84,0.85,5556.0,2,2,3,10.0,New Property,1222.0,1,0,0,0,1,0,24,765.0
flat,bptp terra,sector 37d,1.17,8298.0,2,2,2,0.0,Relatively New,1276.0,0,0,0,0,0,0,107,705.0
flat,m3m merlin,sector 67,3.5,14583.0,3,4,3,17.0,Relatively New,2225.0,0,1,1,0,0,1,167,800.0
flat,aipl zen residences,sector 70a,1.82,10997.0,3,3,3,12.0,Relatively New,1600.0,0,0,0,0,0,0,108,551.6666666666666
house,independent,sector 57,6.21,23000.0,6,6,3+,4.0,Old Property,2700.0,1,1,1,1,0,0,52,450.0
flat,ireo uptown,sector 66,1.5,11219.0,2,3,3,1.0,Relatively New,1330.0,0,1,0,0,1,1,79,668.5
house,ansals palam vihar,sector 2,5.7,14729.0,5,5,2,2.0,Old Property,4550.0,0,0,0,1,0,2,94,774.0
flat,supertech araville,sector 79,0.95,6209.0,2,2,3,7.0,New Property,1385.0,1,0,0,0,0,0,49,765.0
flat,avl 36 gurgaon,sector 36,0.37,10541.0,1,1,1,3.0,Relatively New,319.0,0,0,0,0,0,1,88,351.0
flat,essel towers,sector 14,2.75,12500.0,4,5,3+,8.0,Old Property,2200.0,1,1,0,0,0,2,128,550.0
flat,elevate,sector 50,6.75,19882.0,4,4,0,10.0,Moderately Old,3395.0,0,0,0,0,0,0,0,848.75
flat,experion the heartsong,sector 108,1.25,9259.0,3,3,3,1.0,Relatively New,1500.0,0,1,0,1,0,0,174,450.0
flat,dlf carlton estate,sector 43,2.1,15419.0,3,3,1,2.0,Old Property,1233.0,0,0,1,0,0,1,88,454.0
flat,4s aradhya homes,sector 67a,1.9,8862.0,4,4,3,3.0,New Property,1991.0,0,0,0,0,0,1,62,536.0
house,unitech uniworld resorts,sector 33,9.5,19333.0,6,6,3+,3.0,Moderately Old,4914.0,0,0,0,0,0,1,40,819.0
flat,samadhan shri kamal cghs,sector 1,2.01,11427.0,4,4,3+,10.0,Moderately Old,1956.0,0,0,0,0,0,2,0,439.75
flat,signature andour heights,sector 71,0.37,8222.0,1,1,2,2.0,Relatively New,450.0,0,0,0,0,0,0,65,450.0
flat,m3m woodshire,sector 107,1.4,5930.0,3,4,3+,6.0,Relatively New,2137.0,0,1,0,0,0,0,117,787.0
flat,tulip violet,sector 69,1.76,9514.0,3,4,2,0.0,Relatively New,1674.0,0,0,0,0,0,0,157,616.6666666666666
flat,dlf new town heights,sector 90,1.42,4865.0,4,4,3+,8.0,Moderately Old,2139.0,0,1,1,0,0,0,31,729.75
house,independent,sector 5,1.0,11111.0,3,4,2,2.0,Relatively New,900.0,0,0,0,0,0,0,0,300.0
flat,shapoorji pallonji joyville gurugram,sector 102,1.1,12182.0,2,2,1,8.0,Under Construction,817.0,0,0,0,0,0,0,105,451.5
flat,emaar mgf palm hills,sector 77,1.9,9500.0,3,4,3+,6.0,New Property,1582.0,0,1,0,0,0,1,42,666.6666666666666
flat,bptp pedestal,sector 70a,1.9,9500.0,4,3,3,2.0,New Property,2111.0,0,0,1,0,0,0,133,500.0
flat,sunischit apartments,sector 54,1.75,7955.0,3,3,3+,6.0,Moderately Old,2100.0,0,1,0,0,0,1,126,733.3333333333334
flat,emaar mgf palm hills,sector 77,1.55,7949.0,4,4,3+,2.0,Relatively New,1800.0,1,1,0,0,0,2,49,487.5
flat,alpha corp gurgaonone,sector 84,1.2,9449.0,2,2,1,6.0,Relatively New,1149.0,0,0,0,0,0,0,13,635.0
flat,dlf new town heights,sector 86,1.28,8205.0,3,4,3+,12.0,Moderately Old,1740.0,0,1,0,1,0,0,96,520.0
flat,vatika inxt floors,sector 82a,1.25,8333.0,3,2,3,2.0,Relatively New,1667.0,1,0,0,1,0,1,94,500.0
flat,orris aster court,sector 85,0.69,5219.0,2,2,2,5.0,Relatively New,1075.0,0,0,0,0,0,0,37,661.0
flat,tata primanti,sector 72,3.3,15385.0,3,3,3+,10.0,Relatively New,2000.0,0,1,0,0,0,1,165,715.0
flat,spaze privy at,sector 84,1.2,7453.0,2,2,3,3.0,Relatively New,1457.0,1,0,0,0,0,1,133,805.0
flat,umang winter hills,sector 77,1.2,6586.0,3,3,3,14.0,Relatively New,1822.0,0,0,0,0,0,0,46,607.3333333333334
flat,dlf park place,sector 54,4.85,30180.0,3,4,3+,6.0,Moderately Old,1607.0,0,1,0,0,0,2,158,535.6666666666666
flat,vatika the seven lamps,sector 82,0.86,6022.0,2,2,2,12.0,Relatively New,1294.0,1,0,0,0,0,1,135,714.0
flat,central park flower valley aqua front towers,sector 33,1.7,9450.0,3,3,3+,5.0,New Property,1697.0,0,0,0,0,0,1,44,599.6666666666666
flat,shree vardhman victoria,sector 70,1.15,8519.0,2,2,2,6.0,Relatively New,1500.0,1,0,0,0,0,0,85,675.0
flat,hcbs sports ville,sohna road,0.2,2667.0,2,2,1,4.0,New Property,743.0,0,0,0,0,0,0,15,375.0
flat,mapsko mount ville,sector 79,1.1,12731.0,3,3,3,22.0,Relatively New,1154.0,1,0,0,1,0,1,135,288.0
flat,bestech park view ananda,sector 81,1.45,8011.0,3,3,3,8.0,Relatively New,1650.0,0,0,0,0,1,1,128,603.3333333333334
house,international city by sobha phase 1,sector 109,6.3,9000.0,4,5,3+,2.0,Relatively New,7000.0,0,0,0,0,0,1,122,1750.0
flat,pareena coban residences,sector 99,1.1,7097.0,2,2,3,9.0,New Property,1368.0,1,0,0,0,0,0,88,775.0
flat,dlf the primus,sector 82a,1.87,10395.0,3,3,3,31.0,Moderately Old,1668.0,0,0,0,1,0,0,38,599.6666666666666
flat,m3m merlin,sector 67,2.98,14558.0,3,3,3,0.0,Relatively New,2047.0,0,0,0,0,1,1,49,682.3333333333334
house,independent,sector 53,4.65,17574.0,5,5,3+,1.0,Moderately Old,2646.0,0,0,0,0,0,1,0,529.2
flat,orchid petals,sector 49,4.16,11699.0,5,4,3+,14.0,Relatively New,3219.0,1,1,0,0,0,0,40,711.2
flat,aipl peaceful homes,sector 70a,2.75,12791.0,3,3,3+,14.0,Relatively New,2150.0,0,0,0,0,0,0,0,716.6666666666666
flat,dlf the ultima,sector 81,2.25,10699.0,3,3,3+,11.0,Relatively New,1600.0,1,1,0,1,1,2,49,701.0
flat,breez global hill view,sohna road,0.3,5128.0,2,2,1,11.0,New Property,650.0,0,0,0,0,0,0,91,292.5
house,independent,sector 110,1.0,8795.0,3,2,2,1.0,Old Property,120.0,0,0,0,1,0,0,0,379.0
flat,smartworld one dxp,sector 113,2.0,11074.0,3,3,3,12.0,New Property,1806.0,0,0,0,0,0,0,70,602.0
flat,la vida by tata housing,sector 113,2.7,16364.0,3,4,3+,4.0,Relatively New,2217.0,0,1,0,0,0,1,49,550.0
flat,la vida by tata housing,sector 113,1.38,12000.0,2,2,3,8.0,New Property,1350.0,1,0,0,0,0,0,174,575.0
flat,umang winter hills,sector 77,1.05,5763.0,3,3,3,7.0,Relatively New,1600.0,0,0,0,0,0,0,49,607.3333333333334
flat,ansal estella,sector 103,1.5,8671.0,3,3,3+,6.0,Under Construction,1741.0,0,0,0,0,0,0,58,576.6666666666666
flat,ireo skyon,sector 60,2.5,16129.0,2,3,2,4.0,Relatively New,1403.0,1,0,0,0,0,0,100,775.0
flat,sukhshanti apartment,sector 56,1.65,7006.0,3,3,3+,5.0,Moderately Old,2131.0,1,0,0,0,0,1,134,785.0
flat,puri diplomatic greens,sector 111,3.45,11695.0,4,5,3+,10.0,Relatively New,2670.0,0,1,0,0,0,0,101,737.5
flat,emaar mgf emerald estate,sector 65,1.3,20602.0,2,2,2,7.0,Relatively New,812.0,1,0,0,0,0,0,78,315.5
flat,smart world gems,sector 89,0.95,8903.0,2,2,2,1.0,Under Construction,804.0,1,0,0,0,0,0,122,533.5
flat,shree vardhman victoria,sector 70,1.25,9259.0,2,2,3,3.0,Relatively New,1222.0,1,0,0,0,0,0,43,675.0
flat,orchid petals,sector 49,2.23,10969.0,3,3,3,14.0,Relatively New,1840.0,0,0,0,0,1,0,40,677.6666666666666
flat,vatika gurgaon,sector 83,1.25,7812.0,4,4,3,12.0,Moderately Old,1970.0,0,1,0,0,0,0,103,400.0
flat,godrej,sector 79,2.0,8453.0,3,4,3+,2.0,Relatively New,2629.0,0,1,0,0,0,1,156,788.6666666666666
flat,parsvnath green ville,sector 48,2.5,12821.0,4,5,3,1.0,Moderately Old,2167.0,0,0,0,0,1,1,49,487.5
flat,m3m merlin,sector 67,3.4,14419.0,3,4,3,15.0,Relatively New,2123.0,0,1,0,0,0,1,110,786.0
house,independent,sector 5,0.4,8000.0,2,1,0,1.0,Moderately Old,500.0,0,0,0,0,0,0,0,250.0
flat,signature global city 92,sector 92,0.99,6622.0,3,2,3,1.0,New Property,1661.0,0,0,0,0,1,0,37,498.3333333333333
flat,godrej air,sector 85,1.75,9589.0,3,3,2,27.0,Relatively New,1825.0,0,0,0,0,0,0,44,608.3333333333334
flat,la vida by tata housing,sector 113,2.78,11347.0,3,3,3,3.0,New Property,2599.0,1,1,0,0,0,0,174,816.6666666666666
flat,umang monsoon breeze,sector 78,0.62,5004.0,2,2,1,7.0,Moderately Old,1115.0,0,0,1,0,0,0,111,619.5
flat,tulip purple,sector 69,1.92,8000.0,4,5,3+,5.0,Relatively New,2172.0,0,1,0,0,0,1,158,600.0
flat,orchid petals,sector 49,2.38,11498.0,3,4,3,1.0,Relatively New,2061.0,1,0,0,0,0,0,49,690.0
house,independent,sector 2,2.5,16057.0,4,4,2,4.0,Old Property,1557.0,0,0,0,0,0,0,17,389.25
flat,m3m woodshire,sector 107,1.7,6142.0,4,5,3+,9.0,Relatively New,2505.0,0,1,0,0,0,0,79,692.0
flat,shree arihant apartment,sector 54,1.55,8611.0,3,3,3,3.0,Moderately Old,1900.0,0,1,0,0,0,1,109,600.0
flat,vatika sovereign next sector-82 a gurgaon,sector 82a,2.91,6700.0,4,4,3,6.0,Under Construction,3902.0,1,1,1,0,0,1,79,1085.75
house,independent,sector 57,4.75,28788.0,3,3,3,2.0,Moderately Old,1650.0,0,0,1,0,0,1,96,550.0
flat,eldeco accolade,sohna road,0.73,5753.0,2,2,3,9.0,Relatively New,1148.0,0,0,0,1,0,0,103,634.5
flat,shapoorji pallonji joyville gurugram,sector 102,2.04,14069.0,3,3,3+,1.0,Relatively New,1644.0,0,0,0,0,0,0,72,483.3333333333333
flat,sobha city,sector 108,2.45,14040.0,3,3,3,15.0,Relatively New,1460.0,0,0,0,0,0,0,49,581.6666666666666
flat,signature global city 37d ph 2,sector 37d,1.07,8237.0,3,3,2,2.0,Under Construction,1450.0,0,0,0,0,0,0,86,433.0
flat,bestech park view city,sector 48,2.7,11714.0,3,3,3+,7.0,Relatively New,2000.0,1,1,0,0,0,1,174,768.3333333333334
flat,ace palm floors,sector 89,0.97,7861.0,2,2,2,1.0,New Property,1371.0,1,0,0,0,0,0,28,617.0
flat,central park flower valley aqua front towers,sector 33,1.7,9503.0,3,3,3,12.0,Under Construction,1619.0,0,0,0,0,0,0,24,596.3333333333334
flat,railway officers rpf society,sector 9,1.25,6921.0,4,3,3,1.0,Old Property,2007.0,0,1,0,0,0,1,12,451.5
house,ss hibiscus,sector 50,12.5,40850.0,4,4,3+,2.0,Relatively New,3060.0,1,1,0,0,0,2,160,765.0
flat,chd avenue,sector 71,1.25,6596.0,3,4,2,14.0,Relatively New,1577.0,1,1,0,1,1,2,128,631.6666666666666
flat,godrej,sector 79,1.34,8524.0,3,3,3,7.0,Relatively New,1423.0,0,0,0,0,0,0,158,524.0
flat,signature global synera,sector 81,0.5,6803.0,2,2,3,6.0,Relatively New,700.0,0,0,0,0,0,0,117,367.5
house,independent,sector 3,0.92,15257.0,4,1,0,1.0,Moderately Old,603.0,0,0,0,0,0,0,0,150.75
house,independent,sector 25,9.0,33333.0,5,5,3,3.0,Old Property,2700.0,1,1,1,1,0,0,56,540.0
flat,emaar palm heights,sector 77,2.25,11250.0,3,3,3,22.0,New Property,1810.0,0,1,0,0,0,1,42,666.6666666666666
flat,signature global park,sohna road,0.95,7845.0,3,2,3+,1.0,Relatively New,1210.723472,0,0,0,0,0,0,46,403.6666666666667
flat,the close north,sector 50,2.97,11401.0,3,3,3+,8.0,Moderately Old,2600.0,0,1,0,0,0,1,174,868.3333333333334
flat,mahindra luminare,sector 59,5.5,18182.0,3,3,1,26.0,Under Construction,2738.0,0,1,0,0,0,0,24,1008.3333333333334
flat,m3m golfestate,sector 65,6.15,18331.0,3,4,2,20.0,Relatively New,3355.0,0,0,0,0,0,0,34,1118.3333333333333
house,eros rosewood villas,sector 49,2.5,13514.0,3,3,2,2.0,Moderately Old,1900.0,0,0,1,1,0,0,59,616.6666666666666
flat,pyramid urban,sector 67a,0.62,11855.0,2,2,2,2.0,Relatively New,581.0,0,0,0,0,0,0,64,261.5
flat,antriksh heights,sector 84,0.9,4932.0,3,3,3,11.0,Relatively New,1652.0,0,0,0,0,0,0,87,608.3333333333334
flat,dlf new town heights,sector 90,1.55,6557.0,4,4,3+,1.0,Relatively New,2139.0,0,1,0,1,0,0,81,591.0
house,independent,sector 9,3.2,13519.0,3,3,2,1.0,Old Property,2367.0,0,0,0,0,0,1,36,789.0
flat,sobha city,sector 108,3.95,16859.0,4,5,3,25.0,Relatively New,2343.0,0,0,0,0,0,0,59,585.75
house,independent,sector 105,0.37,8222.0,2,2,1,1.0,Moderately Old,450.0,0,0,0,0,1,0,0,225.0
flat,emaar mgf emerald floors premier,sector 65,2.7,16364.0,3,3,3,5.0,Relatively New,1650.0,0,1,1,0,0,1,108,550.0
flat,ireo the grand arch,sector 58,2.2,13480.0,2,2,1,5.0,Relatively New,1432.0,1,0,0,0,0,1,94,816.0
flat,signature global synera,sector 81,0.38,9500.0,1,1,2,3.0,Relatively New,444.0,0,0,0,0,0,0,43,400.0
flat,mvn athens,sohna road,0.24,7059.0,1,1,1,12.0,Relatively New,378.0,0,0,0,0,0,0,66,340.0
flat,supertech araville,sector 79,1.35,6941.0,3,3,3,4.0,Relatively New,2161.0,0,0,0,0,0,0,0,648.3333333333334
flat,vatika city,sector 49,1.85,10577.0,3,3,1,7.0,Moderately Old,1471.12,0,0,1,1,0,0,158,583.0
flat,hero homes,sector 104,1.9,11249.0,3,3,3,16.0,Under Construction,1365.0,0,0,0,1,0,1,103,563.0
flat,signature global solera 2,sector 107,0.37,6679.0,2,2,2,9.0,New Property,615.0,0,0,0,0,0,0,23,277.0
flat,shapoorji pallonji joyville gurugram,sector 102,1.35,9934.0,2,2,2,9.0,Relatively New,1230.0,0,0,0,0,0,0,100,679.5
house,independent,sector 6,0.66,10784.0,3,2,1,2.0,Old Property,612.0,0,0,0,0,0,0,36,204.0
house,independent,sector 67,1.5,8641.0,5,3,2,2.0,New Property,200.0,0,0,0,0,0,0,0,347.2
flat,tulip monsella,sector 53,7.4,33199.0,4,4,3,21.0,Under Construction,2477.0,0,0,0,0,0,0,35,557.25
flat,ashiana mulberry,sohna road,0.74,6016.0,2,2,3+,12.0,Relatively New,1367.0,0,0,0,0,0,0,71,615.0
flat,ss the leaf,sector 85,1.14,6951.0,2,2,3,4.0,Relatively New,1484.0,0,0,0,0,0,0,109,820.0
house,independent,sector 2,3.0,19268.0,6,4,3+,3.0,Old Property,1557.0,0,0,0,0,0,1,28,259.5
flat,godrej,sector 79,2.01,8495.0,3,4,3+,6.0,Relatively New,2141.0,0,1,0,0,0,0,158,788.6666666666666
flat,sare homes,sector 92,0.58,4099.0,3,3,3,3.0,New Property,1281.0,0,0,0,0,0,0,54,471.6666666666667
flat,eldeco accolade,sohna road,0.96,6571.0,2,2,3+,14.0,Relatively New,1131.0,1,0,0,0,0,0,151,730.5
flat,experion the heartsong,sector 108,1.7,8487.0,3,4,3+,14.0,Relatively New,1500.29,0,1,0,0,0,0,119,667.6666666666666
flat,bptp terra,sector 37d,1.79,8981.0,4,3,3,15.0,Relatively New,1808.0,0,0,0,0,1,1,37,498.25
flat,sobha city,sector 108,2.4,17379.0,2,2,2,14.0,New Property,1250.0,0,0,0,0,0,1,113,690.5
flat,emaar emerald hills,sector 65,1.95,13929.0,3,3,3+,1.0,New Property,1556.0,0,0,1,0,0,1,117,466.6666666666667
flat,experion windchants,sector 112,2.8,11471.0,2,3,2,9.0,Relatively New,2441.0,1,1,0,0,0,0,137,1220.5
flat,microtek greenburg,sector 86,1.23,8311.0,2,2,3,13.0,Relatively New,1339.0,1,0,0,0,0,0,6,740.0
flat,sare green parc phase 3,sector 92,0.95,4857.0,4,3,3,4.0,Moderately Old,1770.0,0,0,0,0,0,0,67,489.0
flat,godrej oasis,sector 88a,1.5,8108.0,3,3,2,3.0,Relatively New,2056.0,0,0,0,0,0,0,47,616.6666666666666
house,dlf city plots,sector 26,19.0,42054.0,6,6,3,2.0,Relatively New,4518.0,1,1,0,0,0,1,121,753.0
flat,vatika the seven lamps,sector 82,0.94,6532.0,2,2,3+,9.0,Relatively New,1299.0,1,0,0,0,0,1,117,719.5
house,vipul tatvam villa,sector 48,8.5,26235.0,4,4,1,2.0,Relatively New,3240.0,0,0,0,0,0,0,21,810.0
flat,prime habitat,sector 99,0.27,5433.0,2,2,1,4.0,New Property,552.0,0,0,0,0,0,0,7,248.5
flat,sidhivinayak apartments,sector 55,1.9,10556.0,4,3,3+,9.0,Moderately Old,2000.0,0,0,0,1,0,2,35,450.0
flat,shree vardhman flora,sector 90,0.65,4815.0,2,2,3,10.0,Moderately Old,1222.0,1,0,0,0,0,1,83,675.0
house,independent,sohna road,1.2,22305.0,4,4,3+,4.0,Old Property,535.0,0,0,0,0,0,0,8,134.5
flat,sare petioles,sector 92,1.22,5250.0,4,3,3,9.0,Under Construction,2093.0,0,1,0,0,0,0,99,581.0
flat,espire south,sector 68,1.32,9047.0,2,2,2,9.0,New Property,1460.0,0,0,0,0,0,0,0,729.5
flat,puri emerald bay,sector 104,1.32,8516.0,2,2,2,10.0,Relatively New,1403.0,0,0,0,0,0,0,128,775.0
flat,dlf new town heights,sector 90,1.9,6967.0,4,4,3+,19.0,Relatively New,2512.0,0,1,1,0,0,1,174,681.75
house,independent,sector 8,0.82,9111.0,4,3,3,2.0,Moderately Old,900.0,0,0,0,0,0,0,12,225.0
flat,smart world orchard,sector 61,1.57,13652.0,2,2,2,3.0,New Property,1150.0,1,0,0,0,1,0,71,575.0
flat,shapoorji pallonji joyville gurugram,sector 102,2.0,10799.0,3,3,3,9.0,Relatively New,1676.0,0,0,0,0,0,0,49,617.3333333333334
flat,supertech araville,sector 79,0.9,5882.0,2,2,3,5.0,Relatively New,1450.0,1,0,0,0,0,0,53,765.0
house,ansal sushant lok plots,sector 43,3.3,26570.0,1,1,0,2.0,Under Construction,1242.0,0,0,0,0,0,0,0,1242.0
flat,ats triumph,sector 104,2.55,13077.0,4,4,3+,21.0,Relatively New,2509.0,0,1,0,0,0,0,150,487.5
house,international city by sobha phase 2,sector 109,6.8,12593.0,4,5,3,2.0,Relatively New,5400.0,0,1,0,0,0,0,49,1350.0
flat,chd avenue,sector 71,1.25,7172.0,3,4,2,7.0,Relatively New,1577.0,0,1,0,0,0,1,160,581.0
flat,dlf the ultima,sector 81,3.25,11805.0,4,4,3+,11.0,Moderately Old,2491.0,0,1,0,0,0,0,28,688.25
flat,puri the aravallis,sector 61,3.87,17200.0,3,4,3+,21.0,Under Construction,2250.0,0,1,0,0,0,0,58,750.0
house,independent,sector 9,1.1,6111.0,4,3,1,2.0,Old Property,200.0,0,0,0,0,0,0,0,450.0
flat,vatika sovereign next,sector 82a,3.85,7500.0,5,6,3+,6.0,New Property,5711.0,0,1,0,1,0,0,148,1026.6
flat,eldeco accolade,sohna road,1.1,7550.0,3,2,3,13.0,Relatively New,1319.0,0,0,0,0,0,0,56,485.6666666666667
house,unitech espace,sector 50,11.0,40741.0,4,4,3+,2.0,Moderately Old,2700.0,0,1,0,0,0,1,88,675.0
flat,ireo skyon,sector 60,3.75,13393.0,4,5,3,15.0,Relatively New,2534.0,0,1,0,0,0,0,167,700.0
flat,supertech araville,sector 79,0.8,6178.0,2,2,3+,9.0,New Property,1172.0,0,0,0,0,1,0,24,647.5
house,international city by sobha phase 2,sector 109,7.0,11240.0,5,5,3+,2.0,Relatively New,6228.0,0,1,0,0,0,0,129,1245.6
flat,bestech park view residency,sector 2,1.26,8051.0,2,2,3,7.0,Moderately Old,1416.0,1,0,0,0,0,0,84,782.5
flat,dlf new town heights,sector 90,1.3,6736.0,3,3,3+,10.0,Relatively New,1929.0,0,1,0,1,0,1,129,643.3333333333334
flat,unitech sunbreeze,sector 69,0.74,5502.0,3,3,1,10.0,Under Construction,1210.0,0,1,0,0,0,0,60,448.3333333333333
flat,aipl the peaceful homes,sector 70a,2.8,11915.0,3,4,3,22.0,Relatively New,2350.0,0,1,0,0,0,0,49,783.3333333333334
house,independent,manesar,2.0,14959.0,3,1,0,3.0,Moderately Old,1337.4,0,0,0,0,0,0,16,445.6666666666667
flat,m3m skywalk,sector 74,1.4,9831.0,2,2,2,17.0,New Property,1289.0,0,0,0,0,0,1,167,712.0
flat,smart world gems,sector 89,0.88,7964.0,2,2,3,2.0,New Property,1228.0,1,0,0,0,0,0,44,552.5
flat,dlf regal gardens,sector 90,1.25,6460.0,3,3,3,10.0,Relatively New,1650.0,0,0,0,0,1,1,38,645.0
flat,emaar palm gardens,sector 83,1.6,8649.0,3,3,3+,6.0,Relatively New,1674.0,1,1,1,1,0,1,167,616.6666666666666
house,dlf city plots phase 2,sector 25,10.55,39074.0,5,6,3+,3.0,Moderately Old,2700.0,1,1,1,1,0,0,131,540.0
flat,m3m golfestate,sector 65,6.1,18139.0,3,3,3,19.0,Moderately Old,3027.0,1,1,0,0,0,1,174,1121.0
flat,tulip violet,sector 69,1.8,8955.0,4,4,2,9.0,Relatively New,1819.0,0,0,0,1,0,1,165,502.5
flat,dnha cghs,sector 1,0.85,3864.0,3,3,0,5.0,Moderately Old,2200.0,0,0,0,0,0,0,0,733.3333333333334
flat,emaar palm gardens,sector 83,1.75,9211.0,3,3,3,6.0,Relatively New,1600.0,0,1,0,0,0,1,174,633.3333333333334
flat,ss,sector 85,1.18,7169.0,2,2,3,4.0,Relatively New,1630.0,0,0,0,0,0,0,49,823.0
flat,antriksh heights,sector 84,1.02,4869.0,4,4,3+,11.0,Relatively New,1896.0,0,1,0,1,0,0,99,523.75
flat,sidhartha ncr one,sector 95,0.56,4106.0,2,2,2,10.0,New Property,1364.0,0,0,0,0,0,0,0,682.0
house,independent,sector 70a,2.1,3889.0,3,2,1,3.0,New Property,667.0,0,0,0,0,0,0,0,1800.0
flat,aipl the peaceful homes,sector 70a,2.6,12009.0,3,2,2,12.0,Moderately Old,2406.0,0,1,0,0,0,0,52,721.6666666666666
flat,pyramid urban,sector 67a,0.7,11844.0,2,2,1,14.0,New Property,657.0,0,0,0,0,0,0,44,295.5
flat,m3m crown,sector 111,4.67,17000.0,4,4,3+,8.0,Under Construction,3056.0,0,0,0,0,0,0,73,686.75
flat,sare green parc phase 3,sector 92,0.75,7143.0,3,2,2,3.0,New Property,1298.0,0,0,0,0,0,0,121,350.0
flat,m3m the marina,sector 68,1.02,8095.0,2,2,2,11.0,Relatively New,1250.0,0,0,0,0,1,1,49,630.0
flat,tata primanti,sector 72,3.9,13425.0,4,4,3+,39.0,Relatively New,2509.0,0,1,0,0,1,0,49,726.25
flat,microtek greenburg,sector 86,1.93,8446.0,3,4,3,12.0,Relatively New,2068.0,0,1,0,0,0,0,72,761.6666666666666
flat,emaar digihomes,sector 62,4.0,14870.0,3,3,3,18.0,New Property,2343.0,0,1,0,0,0,1,38,896.6666666666666
flat,emaar mgf emerald floors premier,sector 65,2.85,14430.0,4,4,3,2.0,Relatively New,1975.0,1,1,0,0,0,0,21,493.75
flat,sare crescent parc,sector 92,0.49,4910.0,2,2,2,2.0,Relatively New,1109.0,0,0,0,0,0,0,96,499.0
flat,umang winter hills,sector 77,1.1,5296.0,3,4,3+,9.0,Relatively New,1829.0,0,1,0,0,0,0,49,692.3333333333334
flat,dlf the ultima,sector 81,2.12,10081.0,3,3,3+,9.0,Relatively New,1650.0,1,1,0,1,1,2,49,701.0
house,independent,sector 7,1.0,8818.0,2,2,0,0.0,Old Property,126.0,1,0,0,0,0,0,7,567.0
flat,mapsko royale ville,sector 82,1.22,7176.0,3,5,3+,10.0,Relatively New,2000.0,0,1,0,1,0,1,76,566.6666666666666
flat,ireo skyon,sector 60,2.85,13936.0,3,4,3+,5.0,Relatively New,2045.0,0,1,0,0,0,1,174,681.6666666666666
flat,godrej air,sector 85,1.4,10000.0,2,2,3,23.0,Relatively New,1400.0,0,0,0,0,0,0,44,700.0
flat,shree vardhman victoria,sector 70,1.1,8462.0,2,2,2,0.0,New Property,1026.0,1,0,0,0,0,0,49,650.0
flat,aipl the peaceful homes,sector 70a,2.5,10638.0,3,4,3,8.0,Relatively New,2127.0,0,1,1,0,0,1,174,783.3333333333334
flat,rof ananda,sector 95,0.38,6922.0,2,2,1,4.0,New Property,610.0,0,0,0,0,0,0,0,274.5
house,independent,sector 50,11.58,35741.0,5,5,3,2.0,Moderately Old,3240.0,0,1,0,0,0,0,20,648.0
house,huda flats,sector 7,2.3,17037.0,5,3,3+,3.0,Old Property,1350.0,1,1,0,1,0,0,27,270.0
house,vipul tatvam villa,sector 48,6.4,24691.0,3,4,3,2.0,Relatively New,2592.0,1,1,1,0,0,1,148,864.0
flat,m3m skywalk,sector 74,2.25,13636.0,3,3,2,9.0,Relatively New,1938.0,0,1,0,0,0,1,174,550.0
house,independent,sector 13,2.25,6944.0,10,10,2,1.0,Old Property,400.0,0,0,0,0,0,0,0,324.0
flat,ramprastha primera,sector 37d,1.08,6000.0,3,3,3,9.0,Relatively New,1700.0,0,0,0,0,0,0,158,600.0
flat,shree vardhman victoria,sector 70,1.5,7692.0,3,5,3,7.0,Relatively New,1527.0,0,1,0,0,0,1,174,650.0
flat,indiabulls centrum park,sector 103,2.45,8522.0,4,6,3,5.0,Relatively New,2602.0,0,1,0,0,0,0,38,718.75
house,bptp visionnaire,sector 70a,5.35,8917.0,4,4,3+,3.0,Relatively New,6000.0,1,1,1,1,0,1,160,1500.0
flat,apex builders,sector 37,0.42,5600.0,2,2,2,4.0,Relatively New,833.0,0,0,0,0,0,0,42,375.0
flat,raheja atlantis,sector 31,5.5,18688.0,4,5,3+,1.0,Relatively New,2663.0,1,1,0,1,0,0,81,735.75
house,independent,sector 26,5.8,32222.0,5,5,3+,2.0,Old Property,1800.0,1,1,1,1,0,0,53,360.0
flat,mapsko paradise,sector 83,0.95,6300.0,3,3,3,1.0,Moderately Old,1489.0,0,0,0,0,0,0,0,502.6666666666667
flat,pareena coban residences,sector 99,1.16,5809.0,3,3,3,3.0,Relatively New,1790.0,0,1,0,0,1,0,49,665.6666666666666
flat,ats marigold,sector 89,1.5,8499.0,3,3,3,5.0,Under Construction,1480.0,0,0,0,0,0,0,96,588.3333333333334
flat,m3m heights,sector 65,2.8,14997.0,3,3,3,20.0,Under Construction,1867.0,0,0,0,0,0,0,91,622.3333333333334
flat,aipl the peaceful homes,sector 70a,2.4,11163.0,3,3,3,11.0,Relatively New,1946.0,0,1,0,0,0,0,108,716.6666666666666
flat,emaar digihomes,sector 62,2.1,13926.0,2,2,3,12.0,New Property,1500.0,0,0,0,0,1,1,49,754.0
flat,shree vardhman flora,sector 90,0.65,4815.0,2,2,3,6.0,Relatively New,1222.0,1,0,0,0,0,0,174,675.0
flat,m3m golfestate,sector 65,5.9,17481.0,3,3,3,18.0,Relatively New,3043.0,1,1,0,0,0,0,76,1125.0
flat,ild greens,sector 37,0.95,5067.0,3,3,3+,0.0,New Property,1697.0,0,0,0,0,0,0,51,625.0
flat,bptp astaire gardens,sector 70a,1.2,7059.0,3,3,3+,2.0,Relatively New,1450.0,0,0,0,0,0,2,38,566.6666666666666
flat,la vida by tata housing,sector 113,1.85,11716.0,3,2,2,7.0,New Property,1429.0,0,0,0,0,0,0,13,526.3333333333334
flat,m3m antalya hills,sector 79,1.15,7497.0,3,3,3+,1.0,Under Construction,1200.0,1,0,0,0,0,0,51,511.3333333333333
flat,orchid petals,sector 49,2.45,11887.0,3,3,3,0.0,Relatively New,1865.0,1,0,0,0,0,0,49,687.0
flat,vatika gurgaon,sector 83,1.25,6313.0,3,3,2,12.0,Moderately Old,1700.0,0,1,0,0,0,0,95,660.0
flat,pyramid elite,sector 86,0.45,7745.0,2,2,1,4.0,Under Construction,646.0,0,0,0,0,0,0,66,290.5
house,ansals florence villa,sector 57,6.0,22222.0,4,5,2,2.0,Old Property,2700.0,0,1,0,1,0,1,20,675.0
flat,ireo skyon,sector 60,3.6,12816.0,4,5,3,24.0,Relatively New,2604.0,0,1,0,0,0,1,49,702.25
flat,ss the leaf,sector 85,1.17,6720.0,2,3,3,10.0,Relatively New,1550.0,0,0,0,0,1,0,49,870.5
house,independent,sector 105,0.55,10913.0,4,4,0,2.0,Moderately Old,56.0,0,0,0,0,0,0,0,126.0
house,eros rosewood villas,sector 49,2.75,19841.0,3,3,1,2.0,Old Property,1386.0,0,0,0,0,1,1,80,462.0
flat,gls avenue 51,sector 92,0.45,6000.0,3,3,1,10.0,Relatively New,833.0,0,0,0,0,0,0,0,250.0
flat,ambience creacions,sector 22,4.78,15469.0,3,4,3,7.0,Relatively New,2500.0,0,1,0,0,1,2,111,1030.0
flat,antriksh heights,sector 84,0.9,6207.0,3,3,3+,12.0,Relatively New,1525.0,0,0,0,0,0,0,166,483.3333333333333
flat,pivotal devaan,sector 84,0.27,7965.0,1,1,1,13.0,Relatively New,387.0,0,0,0,0,0,2,45,339.0
flat,godrej nature plus,sector 33,1.62,13978.0,3,4,3+,3.0,New Property,129.42,0,1,0,0,0,0,100,386.3333333333333
house,ss aaron ville,sector 49,6.5,18808.0,5,5,2,2.0,Relatively New,3456.0,1,1,0,1,0,1,28,691.2
flat,m3m soulitude,sector 89,1.25,8784.0,3,3,0,4.0,New Property,1423.0,0,0,0,0,0,0,61,474.3333333333333
house,ardee city,sector 52,2.25,16071.0,3,3,3,4.0,New Property,1800.0,0,1,0,0,0,1,22,466.6666666666667
flat,indiabulls enigma,sector 110,3.4,10000.0,4,5,3,3.0,Relatively New,3077.0,0,1,1,0,0,0,90,850.0
flat,emaar gurgaon greens,sector 102,1.35,8182.0,3,3,3,5.0,Relatively New,1315.0,0,1,0,0,0,0,119,550.0
flat,la vida by tata housing,sector 113,1.32,10345.0,2,2,2,3.0,Relatively New,1199.0,0,0,0,0,0,0,49,638.0
house,eros rosewood city,sector 49,1.6,3500.0,4,4,3,4.0,New Property,60.0,0,0,0,0,0,1,27,1143.0
house,independent,sector 25,6.5,36111.0,4,3,3,3.0,Moderately Old,1800.0,1,0,0,1,0,0,19,450.0
flat,ats kocoon,sector 109,2.2,10023.0,3,4,3,8.0,Relatively New,1860.0,0,1,0,0,0,0,156,731.6666666666666
flat,mapsko royale ville,sector 82,0.97,5419.0,3,4,2,16.0,Relatively New,1620.0,0,1,0,0,0,0,95,596.6666666666666
house,u block dlf phase 3 road no 21,sector 24,1.6,3292.0,7,5,3+,4.0,Old Property,540.0,0,0,0,0,0,0,0,694.2857142857143
house,independent,sector 39,5.15,14071.0,5,5,0,1.0,Relatively New,3660.0,0,0,0,0,0,0,0,732.0
house,vipul tatvam villa,sector 48,8.4,21000.0,4,5,3+,2.0,Moderately Old,4000.0,1,1,0,1,0,1,49,1000.0
flat,ramprastha skyz,sector 37d,1.1,6377.0,3,3,3+,7.0,Under Construction,1561.0,0,0,0,0,0,0,109,575.0
flat,ambience creacions,sector 22,4.1,28101.0,3,3,3+,2.0,New Property,2069.0,0,0,0,0,0,2,119,486.3333333333333
flat,chd avenue,sector 71,1.16,6655.0,3,3,3,5.0,Moderately Old,1577.0,0,1,0,0,0,1,73,581.0
flat,shree vardhman flora,sector 90,0.8,5926.0,2,3,2,0.0,Relatively New,1350.0,0,0,0,0,0,0,60,675.0
flat,sare homes,sector 92,1.19,5219.0,4,3,3,14.0,Relatively New,2533.0,0,1,0,0,0,0,100,570.0
flat,hsiidc sidco shivalik apartments,manesar,0.6,4000.0,3,2,2,5.0,Moderately Old,1277.0,0,0,0,0,0,0,80,500.0
flat,smart world gems,sector 89,1.05,9519.0,2,2,2,4.0,Under Construction,1103.0,1,0,0,0,1,0,38,551.5
flat,corona optus,sector 37,1.43,7186.0,3,3,3+,2.0,Relatively New,1834.0,0,1,0,0,1,0,49,663.3333333333334
flat,m3m woodshire,sector 107,1.35,5718.0,3,4,3+,8.0,Relatively New,1950.0,0,1,0,0,0,1,74,787.0
flat,orris aster court premier,sector 85,1.45,6840.0,3,4,2,3.0,New Property,1616.0,0,1,0,0,0,0,16,706.6666666666666
flat,spaze privvy the address,sector 93,1.25,6898.0,3,4,2,12.0,Relatively New,1350.0,0,0,0,0,0,1,96,604.0
flat,m3m golf hills phase 1,sector 79,1.7,10828.0,3,2,3,10.0,Relatively New,1570.0,0,0,0,0,0,0,0,523.3333333333334
flat,puri emerald bay,sector 104,2.25,10465.0,3,4,3+,4.0,Relatively New,2303.0,0,1,0,0,0,1,159,716.6666666666666
flat,parsvnath green ville,sector 48,1.6,8377.0,3,3,3+,8.0,Old Property,1895.0,0,0,0,0,1,1,49,636.6666666666666
house,independent,sector 12,1.4,8701.0,2,2,1,2.0,Old Property,166.0,0,0,0,0,0,0,0,804.5
flat,today callidora,sector 73,0.9,5549.0,3,3,3,3.0,Under Construction,1622.0,0,1,0,0,0,0,63,540.6666666666666
house,house number b-34,sector 5,0.8,8889.0,2,2,1,1.0,Old Property,900.0,0,0,0,0,0,0,0,450.0
flat,dlf new town heights,sector 90,1.95,7151.0,4,4,3+,24.0,Relatively New,2456.0,0,1,1,0,0,0,174,681.75
flat,the center court,sector 88a,2.1,12174.0,4,4,3,0.0,New Property,1745.0,1,1,0,0,0,0,142,431.25
flat,shapoorji pallonji joyville gurugram,sector 102,1.24,10206.0,2,2,2,10.0,Relatively New,1100.0,0,0,0,0,0,0,141,607.5
flat,vatika gurgaon,sector 83,0.84,6747.0,2,2,2,7.0,Moderately Old,1127.0,0,0,0,0,0,1,157,622.5
flat,vatika sovereign park,sector 99,2.45,8813.0,3,4,3,1.0,New Property,2516.0,0,1,0,0,0,1,165,926.6666666666666
flat,ss the leaf,sector 85,1.87,7779.0,3,4,3,7.0,Relatively New,2225.0,0,0,0,0,0,0,49,801.3333333333334
house,"nirmal enclave, maruti kunj road",sector 11,0.24,5333.0,2,2,0,2.0,Relatively New,450.0,0,0,0,0,0,0,0,225.0
flat,gls arawali homes,sohna road,0.32,6723.0,2,1,0,0.0,Relatively New,476.0,0,0,0,0,0,0,0,238.0
house,independent,sector 43,5.75,29716.0,4,4,2,2.0,Old Property,1935.0,0,1,1,1,0,0,34,483.75
house,independent,sector 105,0.7,5833.0,3,2,2,1.0,Moderately Old,1200.0,0,0,0,0,0,0,0,400.0
house,independent,sector 24,2.75,7667.0,7,7,3+,3.0,Moderately Old,3000.0,0,0,0,0,1,1,0,512.4285714285714
flat,the pearl apartmen,sector 15,0.43,5584.0,2,2,1,2.0,Relatively New,856.0,0,0,0,0,0,1,28,385.0
flat,the close north,sector 50,2.92,11209.0,3,3,3,10.0,Moderately Old,2600.0,0,1,0,0,0,1,174,868.3333333333334
flat,emaar palm gardens,sector 83,1.8,12000.0,3,4,3+,6.0,Relatively New,1667.0,0,1,0,0,0,1,96,500.0
house,independent,sector 25,8.0,8000.0,3,9,2,3.0,New Property,11111.0,0,0,0,0,0,0,0,3333.3333333333335
flat,hcbs sports ville,sohna road,0.29,5588.0,2,2,1,4.0,Relatively New,577.0,0,0,0,0,0,0,44,259.5
flat,experion the heartsong,sector 108,1.55,7738.0,3,3,3+,7.0,Relatively New,1750.0,0,1,0,1,0,1,174,667.6666666666666
house,suncity township,sector 54,25.0,31110.0,4,4,3+,2.0,Moderately Old,8036.0,1,1,1,1,0,0,0,2009.0
house,independent,sector 2,19.5,27083.0,8,9,3+,2.0,New Property,7200.0,1,1,0,1,0,0,122,900.0
flat,ss the leaf,sector 85,1.05,6402.0,2,2,3,6.0,Relatively New,1484.0,0,0,0,0,1,0,49,820.0
flat,tulip violet,sector 69,1.7,8625.0,4,4,1,12.0,Relatively New,1783.0,0,0,0,0,0,0,88,492.75
flat,dhoot time residency,sector 63,3.0,18270.0,3,3,3+,14.0,Relatively New,1642.0,0,1,0,0,0,1,0,547.3333333333334
flat,raheja vedaanta,sector 108,0.8,4080.0,3,3,3,9.0,Relatively New,1663.0,0,0,0,1,0,0,174,653.6666666666666
flat,m3m golfestate,sector 65,4.94,16234.0,3,4,3,15.0,Moderately Old,2754.0,0,1,0,0,0,0,165,1014.3333333333334
house,international city by sobha phase 2,sector 109,9.4,26111.0,5,6,3+,2.0,Relatively New,3600.0,1,1,1,1,0,1,147,720.0
flat,shree vardhman victoria,sector 70,1.63,8359.0,3,3,3,5.0,New Property,1527.0,0,1,0,0,1,0,49,650.0
flat,laxmi apartment sector 99a gurgaon,sector 99,0.3,4615.0,2,2,1,4.0,New Property,600.0,0,0,0,0,0,0,44,325.0
flat,sare crescent parc,sector 92,0.51,4080.0,3,2,2,2.0,Relatively New,1131.0,0,0,0,0,0,0,72,416.6666666666667
flat,shapoorji pallonji joyville gurugram,sector 102,1.28,10535.0,2,2,3,10.0,Relatively New,1100.0,0,0,0,0,0,0,49,607.5
flat,signature global park,sohna road,0.54,7200.0,2,2,2,4.0,Under Construction,833.0,0,0,0,0,0,0,111,375.0
flat,ramprastha the atrium,sector 37d,1.0,7782.0,3,3,2,4.0,Relatively New,1163.0,0,0,0,0,0,0,13,428.3333333333333
flat,umang monsoon breeze,sector 78,0.9,4615.0,3,3,2,1.0,Moderately Old,1900.0,0,1,0,1,0,0,65,650.0
flat,sare crescent parc,sector 92,1.0,4778.0,4,4,3,9.0,Relatively New,2093.0,0,0,0,0,0,0,0,523.25
flat,green court,sector 90,0.45,7188.0,2,2,1,2.0,New Property,696.0,0,0,0,0,0,1,42,313.0
flat,bestech park view sanskruti,sector 92,1.83,7871.0,4,3,3,8.0,New Property,2104.0,0,1,0,0,0,0,128,581.25
house,vatika india next,sector 82,6.8,20988.0,4,4,3+,3.0,Relatively New,3240.0,0,1,0,0,0,2,110,810.0
flat,m3m merlin,sector 67,3.4,14419.0,3,4,3,16.0,Relatively New,2016.0,0,1,0,0,0,1,174,786.0
flat,emaar gurgaon greens,sector 102,1.4,8485.0,3,3,3,3.0,Relatively New,1315.0,0,1,0,0,0,0,60,550.0
flat,bptp pedestal,sector 70a,1.6,10159.0,3,3,3,2.0,New Property,1750.0,0,1,0,0,1,0,77,525.0
flat,m3m woodshire,sector 107,0.8,5857.0,2,2,3+,14.0,New Property,1236.0,0,0,0,0,0,0,67,683.0
flat,vatika the seven lamps,sector 82,1.28,6819.0,3,3,3,3.0,Relatively New,1800.0,1,0,0,0,0,1,165,625.6666666666666
flat,orris carnation residency,sector 85,0.8,4857.0,3,4,3,4.0,Relatively New,1390.0,0,1,0,0,0,1,40,549.0
flat,tulip violet,sector 69,1.4,8861.0,3,3,2,2.0,Relatively New,1428.0,0,0,0,1,0,0,102,526.6666666666666
flat,m3m woodshire,sector 107,1.39,5887.0,3,4,3+,6.0,Relatively New,2057.0,0,1,0,1,0,1,174,787.0
flat,tarc maceo,sector 91,1.8,7759.0,4,3,3+,0.0,Relatively New,2578.0,1,0,0,1,0,2,45,580.0
flat,pgr shree kripaluji apartment,sector 52,1.4,6087.0,3,3,3+,8.0,Relatively New,2556.0,0,0,0,0,0,1,80,766.6666666666666
flat,dlf regency park,sector 28,2.35,13225.0,3,4,3,8.0,Old Property,1700.0,0,1,0,0,0,1,109,592.3333333333334
flat,dlf new town heights,sector 86,1.25,6477.0,3,4,3+,2.0,Relatively New,1747.0,0,1,0,1,0,0,65,643.3333333333334
flat,capital residences 360,sector 70a,1.55,7844.0,3,3,3,8.0,Relatively New,1600.0,1,1,0,1,1,0,42,658.6666666666666
flat,siddhartha apartment,sector 95,0.72,3664.0,3,3,2,4.0,Relatively New,1800.0,0,0,0,0,1,0,21,655.0
house,independent,sector 8,0.62,11273.0,3,1,0,2.0,Moderately Old,550.0,0,0,0,0,0,0,0,183.33333333333334
flat,signature global solera,sector 107,0.36,6581.0,2,2,2,8.0,Relatively New,608.0,0,0,0,0,0,0,45,273.5
flat,imperia the esfera,sector 37,0.98,5399.0,3,4,3,9.0,Relatively New,1660.0,0,1,0,0,1,0,49,605.0
flat,signature global orchard avenue,sector 93,0.38,6387.0,2,2,2,7.0,Relatively New,661.0,0,0,0,0,0,0,16,297.5
flat,ats triumph,sector 104,2.3,10000.0,3,4,3+,15.0,New Property,2544.0,0,1,0,0,0,0,117,766.6666666666666
flat,signature global orchard avenue,sector 93,0.36,6716.0,2,2,2,6.0,Relatively New,604.0,0,0,0,0,0,0,16,268.0
house,independent,sector 9,0.22,7407.0,2,2,2,1.0,Old Property,37.0,0,0,0,0,0,0,0,148.5
house,independent,sector 4,3.25,14444.0,3,3,2,2.0,Old Property,2250.0,0,0,0,0,0,0,27,750.0
flat,adani brahma samsara vilasa,sector 63,3.4,10000.0,3,3,3+,1.0,New Property,3077.0,0,0,0,0,0,0,99,1133.3333333333333
flat,la vida by tata housing,sector 113,1.75,10492.0,2,2,3,10.0,Relatively New,1424.0,1,0,0,0,0,0,93,834.0
house,independent,sector 31,3.5,24155.0,4,4,3,2.0,Old Property,1449.0,0,0,1,0,0,1,70,362.25
flat,tulip violet,sector 69,1.46,9252.0,3,3,2,0.0,Relatively New,1428.0,0,0,0,1,0,1,174,526.0
flat,zara aavaas,sector 104,0.26,7808.0,1,1,2,0.0,Relatively New,301.0,0,0,0,0,0,0,91,333.0
flat,ireo skyon,sector 60,2.65,13125.0,3,4,3+,7.0,Moderately Old,2037.0,0,1,0,0,0,1,152,673.0
flat,shapoorji pallonji joyville,sector 102,1.1,12022.0,2,2,1,7.0,Relatively New,915.0,0,0,0,0,0,0,0,457.5
flat,whiteland blissville,sector 76,1.92,11497.0,3,3,2,2.0,Under Construction,1672.0,0,0,0,0,0,0,61,556.6666666666666
flat,central park flower valley,sohna road,1.65,17442.0,3,3,0,1.0,Relatively New,1051.0,0,0,0,0,0,0,66,315.3333333333333
flat,eldeco accolade,sohna road,0.71,4907.0,2,2,3+,10.0,Relatively New,1131.0,1,0,0,0,0,0,49,723.5
house,independent,sector 3,0.9,8929.0,3,1,0,1.0,Moderately Old,1008.0,0,0,0,0,0,0,0,336.0
flat,conscient elevate,sector 59,6.75,19882.0,4,4,2,10.0,New Property,2567.0,0,1,0,0,0,0,31,848.75
flat,ss the coralwood,sector 84,1.01,5771.0,3,3,2,18.0,Relatively New,1475.0,0,0,0,0,0,0,40,583.3333333333334
flat,ss the leaf,sector 85,1.1,6318.0,2,2,3+,3.0,Relatively New,1464.0,0,0,1,0,0,0,143,870.5
flat,mvn athens,sohna road,0.25,5187.0,2,2,1,3.0,Relatively New,535.0,0,0,0,0,0,0,51,241.0
house,nirvana country,sector 50,10.0,14286.0,5,7,2,4.0,Moderately Old,7000.0,0,1,0,0,0,2,0,1400.0
house,independent,sector 13,0.62,3588.0,6,6,0,3.0,Old Property,192.0,0,0,0,0,0,0,0,288.0
flat,kamal residence,sohna road,0.4,7634.0,2,2,1,0.0,New Property,582.0,0,0,0,0,1,1,16,262.0
house,independent,sector 4,0.47,3518.0,3,4,0,3.0,Moderately Old,1350.0,0,0,0,0,0,0,0,445.3333333333333
flat,sare green parc phase 3,sector 92,1.08,5150.0,4,4,2,16.0,New Property,1891.0,0,1,0,0,0,0,107,524.25
flat,ats triumph,sector 104,2.6,8254.0,4,4,3+,12.0,Relatively New,2851.0,0,1,0,0,0,0,118,787.5
flat,dlf the belaire,sector 54,10.0,24558.0,4,5,3+,17.0,Moderately Old,3000.0,0,1,0,0,0,2,167,1018.0
flat,tulip leaf,sector 69,2.07,11424.0,3,3,3,16.0,Relatively New,1640.0,0,0,0,0,0,0,49,604.0
flat,ramprastha city,dwarka expressway,1.3,9028.0,3,3,2,3.0,Under Construction,1303.0,0,0,0,0,0,0,0,480.0
flat,smart world orchard,sector 61,2.6,14723.0,3,3,2,2.0,New Property,1766.0,0,0,0,0,0,0,47,588.6666666666666
house,independent,sector 43,2.15,13030.0,1,1,0,1.0,Moderately Old,1650.0,0,0,0,0,0,0,0,1650.0
flat,smart world orchard,sector 61,1.55,13478.0,2,2,1,3.0,Under Construction,1041.0,1,0,0,0,0,0,43,575.0
flat,godrej nature plus,sector 33,1.35,8671.0,3,2,3+,17.0,New Property,1409.0,0,0,0,0,0,0,38,519.0
flat,godrej nature plus,sector 33,1.35,8232.0,3,2,3+,7.0,Under Construction,1484.0,0,0,0,1,0,0,49,546.6666666666666
flat,shapoorji pallonji joyville gurugram,sector 102,1.8,10638.0,3,3,3,5.0,Relatively New,1531.0,0,0,0,0,0,0,49,564.0
flat,emaar gurgaon greens,sector 102,1.3,7879.0,3,3,3,7.0,Relatively New,1388.0,0,1,0,0,0,0,93,550.0
flat,bestech altura,sector 79,1.72,8000.0,3,4,3+,5.0,Relatively New,1695.0,0,1,0,0,0,1,174,716.6666666666666
flat,signature global solera,sector 107,0.27,5521.0,2,2,2,0.0,Relatively New,543.0,0,0,0,0,0,0,45,244.5
flat,dlf park place,sector 54,6.75,24963.0,4,4,2,8.0,Moderately Old,2076.0,0,1,0,0,0,2,135,676.0
flat,indiabulls centrum park,sector 103,1.34,7486.0,3,3,3+,13.0,Relatively New,1560.0,1,0,0,0,0,0,93,596.6666666666666
flat,supertech new soft launch,sector 68,0.84,7119.0,2,2,2,7.0,New Property,1180.0,0,0,0,0,0,0,0,590.0
flat,emaar mgf the palm drive,sector 66,3.0,15385.0,3,3,2,12.0,Relatively New,1950.0,0,1,0,0,0,0,96,650.0
house,ansal sushant lok plots,sector 43,7.0,25926.0,5,5,3+,3.0,Relatively New,2700.0,1,1,0,1,0,1,41,540.0
flat,orchid petals,sector 49,4.79,11629.0,5,5,3+,14.0,Relatively New,3724.0,1,1,0,1,0,0,49,823.8
house,ansal api esencia,sector 67,5.46,24170.0,4,5,3+,2.0,Relatively New,2259.0,1,0,1,1,0,1,103,564.75
flat,godrej nature plus,sector 33,1.45,15659.0,3,2,3+,20.0,Under Construction,118.0,1,0,0,0,0,0,144,308.6666666666667
flat,smart world gems,sector 89,0.85,7706.0,2,2,2,2.0,Under Construction,1226.0,1,0,0,0,0,0,45,551.5
flat,adani brahma samsara vilasa,sector 63,4.49,14254.0,4,4,3+,3.0,New Property,3150.0,0,0,0,0,0,1,96,787.5
house,independent,sector 25,13.5,37313.0,5,6,3+,4.0,Old Property,3618.0,0,0,0,0,1,1,79,723.6
flat,la vida by tata housing,sector 113,2.33,12534.0,3,3,3,3.0,New Property,2098.0,0,1,0,0,0,0,174,619.6666666666666
flat,ireo the grand arch,sector 58,4.0,18484.0,3,4,3,5.0,Old Property,2164.0,0,1,0,0,0,1,49,721.3333333333334
flat,emaar mgf emerald floors premier,sector 65,2.9,14684.0,4,4,3+,4.0,Relatively New,1975.0,1,1,0,0,0,1,152,493.75
house,independent,sector 56,3.25,21495.0,5,6,3+,4.0,Relatively New,1512.0,0,0,0,1,1,1,27,302.4
flat,gls arawali homes,sohna road,0.3,5291.0,2,2,2,10.0,Relatively New,516.0,0,0,0,0,0,0,42,283.5
flat,suncity avenue,sector 102,0.47,8935.0,2,2,1,5.0,Relatively New,582.0,0,0,1,0,0,0,142,263.0
flat,sidhartha ncr greens,sector 95,0.96,6202.0,3,3,3,8.0,New Property,1720.0,0,0,1,1,0,0,8,516.0
flat,dlf regal gardens,sector 90,1.27,5498.0,3,3,3+,2.0,Relatively New,1500.0,0,0,0,0,1,0,72,770.0
flat,smart world gems,sector 89,1.01,9157.0,2,2,2,4.0,Under Construction,1226.0,1,0,0,0,0,0,38,551.5
house,independent,sector 105,1.3,11556.0,3,3,1,1.0,Moderately Old,1125.0,0,0,0,0,0,0,0,375.0
flat,signature global solera,sector 107,0.5,7752.0,3,2,2,6.0,Relatively New,717.0,0,0,0,0,1,0,15,215.0
flat,shree vardhman flora,sector 90,1.27,4951.0,4,5,2,9.0,New Property,2248.0,1,1,0,0,0,0,83,641.25
flat,lotus elise,sector 99,0.95,6552.0,2,3,3,7.0,Relatively New,1611.0,0,1,0,0,0,0,0,725.0
flat,godrej summit,sector 104,1.16,6388.0,3,4,3+,8.0,Relatively New,2018.0,0,1,0,0,0,1,96,605.3333333333334
flat,bestech park view residency,sector 2,1.4,7865.0,3,3,3+,8.0,Moderately Old,1611.0,0,0,0,0,0,0,92,593.3333333333334
flat,pareena coban residences,sector 99,1.02,8793.0,2,2,3,3.0,Relatively New,1430.0,1,0,0,0,0,0,174,580.0
flat,breez global hill view,sohna road,0.42,7179.0,2,2,1,18.0,Relatively New,650.0,0,0,0,0,0,0,44,292.5
flat,experion the heartsong,sector 108,0.98,13351.0,2,3,3,12.0,Relatively New,978.223232,1,1,1,1,0,0,31,367.0
flat,godrej air,sector 85,1.83,10005.0,3,3,3+,18.0,Under Construction,2032.0,0,0,0,0,0,0,110,609.6666666666666
flat,dlf ridgewood estate,sector 28,2.0,14599.0,3,3,1,12.0,Old Property,1240.0,0,0,0,0,0,1,96,456.6666666666667
house,independent,sector 46,2.25,2723.0,4,3,3,3.0,Relatively New,90.0,1,0,0,0,0,1,35,2065.5
flat,umang winter hills,sector 77,1.0,7502.0,2,2,2,3.0,New Property,1489.0,0,0,0,0,0,0,74,666.5
house,independent,sector 11,1.35,3857.0,10,6,3+,3.0,Old Property,3500.0,0,0,0,0,0,0,0,350.0
flat,the lions cghs,sector 56,2.05,7885.0,4,4,3+,7.0,Old Property,2600.0,0,0,1,0,0,1,120,650.0
flat,hcbs sports ville,sohna road,0.25,4167.0,1,1,1,12.0,Relatively New,600.0,0,0,0,0,0,0,37,600.0
flat,ss the leaf,sector 85,1.85,6579.0,4,5,3+,1.0,Relatively New,2545.0,0,0,0,0,0,0,95,703.0
flat,nagata group housing society,sector 1,0.85,3696.0,3,3,3+,4.0,Relatively New,2081.0,0,1,0,0,0,0,5,766.6666666666666
flat,tata primanti,sector 72,4.0,13769.0,4,5,3+,9.0,Relatively New,2800.0,0,1,0,0,0,1,165,726.25
flat,aipl zen residences,sector 70a,1.4,11094.0,2,2,2,16.0,Relatively New,1262.0,0,0,0,0,0,0,0,631.0
flat,m3m woodshire,sector 107,0.9,6589.0,2,2,3+,4.0,Relatively New,1236.0,0,0,0,0,0,0,21,683.0
flat,sare green parc,sector 92,0.85,6538.0,3,2,2,20.0,Relatively New,1300.0,0,0,0,0,0,0,0,433.3333333333333
flat,ats tourmaline,sector 109,1.65,7674.0,3,3,3+,16.0,Relatively New,1946.0,0,1,0,0,0,1,49,716.6666666666666
flat,ansal housing highland park,sector 103,1.25,6443.0,3,3,3+,2.0,New Property,1464.0,0,0,0,1,0,0,105,646.6666666666666
flat,godrej oasis,sector 88a,0.95,7269.0,2,2,2,6.0,Relatively New,1452.0,0,0,0,0,0,0,79,653.5
flat,dlf beverly park,sector 25,8.0,15385.0,5,5,3+,2.0,Old Property,5778.0,1,1,0,1,1,2,26,1040.0
flat,sobha city,sector 108,3.75,14940.0,3,3,2,16.0,New Property,2120.0,0,1,0,0,0,0,77,836.6666666666666
flat,shree vardhman victoria,sector 70,1.07,7926.0,2,2,3,8.0,Relatively New,1222.0,1,0,0,0,0,0,108,675.0
flat,aipl the peaceful homes,sector 70a,2.52,10723.0,3,4,3,8.0,Relatively New,2127.0,0,1,0,0,0,0,174,783.3333333333334
flat,ss the leaf,sector 85,1.93,8075.0,3,4,3,7.0,Relatively New,2400.0,0,1,0,0,0,0,174,796.6666666666666
flat,ambience creacions,sector 22,2.79,15000.0,3,3,3,13.0,New Property,1860.0,0,0,0,0,0,2,158,620.0
flat,sbr apartment,manesar,0.68,4456.0,3,3,3,2.0,Moderately Old,1526.0,0,0,0,0,0,0,0,508.6666666666667
house,independent,sector 2,5.0,15385.0,6,6,2,1.0,Old Property,3611.0,0,0,0,0,0,0,0,541.6666666666666
flat,vatika gurgaon,sector 83,0.95,6574.0,2,2,3,5.0,Relatively New,1300.0,0,0,0,0,0,1,96,722.5
flat,mrg skyline,sector 106,1.82,13392.0,3,2,2,4.0,Relatively New,1359.0,0,0,0,0,0,0,0,453.0
flat,m3m skywalk,sector 74,1.54,10815.0,2,2,3+,15.0,Relatively New,1200.0,0,0,0,0,1,0,137,712.0
flat,greenopolis,sector 89,0.9,4700.0,3,3,0,14.0,Under Construction,1910.0,0,0,0,0,0,0,67,638.3333333333334
flat,emaar palm gardens,sector 83,1.38,8023.0,3,3,3,5.0,Relatively New,1350.0,0,1,0,0,0,1,8,573.3333333333334
flat,godrej summit,sector 104,1.35,5000.0,4,5,3+,0.0,Relatively New,3000.0,1,1,1,1,0,0,112,675.0
flat,tashee capital gateway,sector 111,0.96,6500.0,2,2,1,4.0,Under Construction,1338.0,1,0,0,0,0,0,53,738.5
flat,godrej summit,sector 104,0.75,5910.0,2,2,3,6.0,Relatively New,1148.0,0,0,0,0,1,0,79,634.5
flat,emaar palm gardens,sector 83,1.72,9053.0,3,3,3,4.0,Relatively New,1600.0,0,1,0,0,0,1,165,633.3333333333334
flat,signature global solera,sector 107,0.38,6333.0,2,2,2,3.0,Relatively New,627.0,0,0,0,0,0,2,23,300.0
flat,hsiidc sidco aravali,manesar,0.9,3478.0,3,3,3+,8.0,Moderately Old,1900.0,0,1,0,0,0,0,23,862.6666666666666
flat,godrej aria,sector 79,0.96,13296.0,2,2,3,8.0,Relatively New,1012.0,0,0,0,0,0,0,49,361.0
flat,m3m woodshire,sector 107,1.49,6311.0,3,4,3+,5.0,Relatively New,2137.0,0,1,1,0,0,1,174,787.0
flat,shree vardhman victoria,sector 70,1.6,8205.0,3,3,3,10.0,Relatively New,1527.0,1,1,0,1,1,0,43,650.0
flat,conscient heritage max,sector 102,3.0,10490.0,4,4,3+,7.0,Relatively New,3178.0,0,0,0,0,1,1,65,715.0
flat,m3m sierra 68,sector 68,1.13,9076.0,2,2,3,9.0,Relatively New,1130.0,0,0,0,0,0,1,149,622.5
flat,sbr minda sec 1 imt manesar,manesar,0.65,4260.0,3,2,3+,6.0,Moderately Old,1696.0,0,0,0,0,0,0,5,508.6666666666667
flat,ireo victory valley,sector 67,3.05,12650.0,3,3,3+,21.0,Relatively New,2029.0,0,1,0,0,0,1,157,803.6666666666666
flat,friends apartment,sector 52,2.0,8511.0,4,3,3,5.0,Moderately Old,2091.0,0,1,0,0,0,2,111,587.5
flat,sobha city,sector 108,2.9,14478.0,3,4,2,8.0,New Property,2003.0,0,0,0,0,0,0,109,667.6666666666666
house,independent,sector 25,10.5,29022.0,5,5,3,3.0,Moderately Old,3618.0,1,1,0,1,0,0,42,723.6
flat,tulip petals,sector 89,1.55,10000.0,3,2,3,6.0,Moderately Old,1403.0,0,0,1,0,0,1,111,516.6666666666666
flat,shri ram apartments,sector 4,0.32,3368.0,2,2,1,4.0,Relatively New,1056.0,0,0,0,0,0,1,7,475.0
flat,sidhartha ncr one phase,sector 95,0.46,4646.0,2,2,0,6.0,New Property,990.0,0,0,0,0,0,0,0,495.0
flat,mapsko mount ville,sector 79,1.2,13841.0,3,3,3,18.0,Relatively New,1165.0,1,0,0,1,0,1,160,289.0
flat,conscient one,sector 109,1.7,17617.0,1,1,2,9.0,Relatively New,965.0,0,0,0,0,0,0,0,965.0
house,independent,sector 47,0.99,17188.0,4,4,3,4.0,Relatively New,576.0,0,0,0,0,0,0,13,144.0
flat,silverglades hightown residences,sector 43,4.2,19765.0,3,4,2,7.0,Under Construction,2125.0,0,0,0,0,0,0,42,708.3333333333334
flat,experion windchants,sector 112,3.0,11538.0,3,3,2,2.0,Relatively New,2600.0,0,0,0,0,1,1,49,866.6666666666666
house,ss aaron ville,sector 49,6.75,19737.0,5,4,2,2.0,Old Property,3420.0,1,1,1,0,0,0,78,684.0
flat,emaar mgf palm hills,sector 77,1.25,8621.0,3,4,3,1.0,Relatively New,1611.0,0,1,0,0,0,1,104,483.3333333333333
flat,ss the leaf,sector 85,1.99,8660.0,3,4,3+,17.0,Relatively New,2398.0,0,1,0,0,0,1,174,766.0
flat,experion the heartsong,sector 108,1.68,8387.0,3,3,3+,4.0,Relatively New,1338.29,1,1,0,0,0,1,86,667.6666666666666
flat,eldeco accolade,sohna road,0.78,6171.0,2,2,2,3.0,Relatively New,1144.0,0,0,0,0,0,0,72,632.0
flat,alpha corp gurgaonone,sector 84,1.49,7590.0,3,3,3,6.0,Relatively New,1833.0,0,1,0,0,0,0,28,654.3333333333334
flat,unitech greenwood city,sector 45,2.4,12346.0,3,3,2,1.0,New Property,195.0,0,1,0,0,0,1,19,648.0
flat,emaar mgf emerald floors premier,sector 65,2.9,14684.0,4,4,0,0.0,Relatively New,2194.0,0,0,1,0,0,0,50,493.75
flat,experion the heartsong,sector 108,2.29,8240.0,4,5,3+,8.0,Relatively New,2779.0,0,1,0,0,0,1,95,694.75
flat,emaar mgf emerald floors premier,sector 65,2.4,14545.0,3,3,3,3.0,Relatively New,1600.0,1,1,0,0,0,1,49,550.0
flat,trisara our homes 3,sohna road,0.34,5405.0,2,2,1,0.0,New Property,699.0,0,0,0,0,0,0,0,314.5
flat,imperia the esfera,sector 37,0.86,4886.0,3,3,2,0.0,New Property,1593.0,0,0,0,0,1,0,35,586.6666666666666
flat,pioneer park,sector 61,1.6,11594.0,2,2,2,21.0,Relatively New,1533.0,0,1,0,0,0,0,105,690.0
flat,vatika xpressions,sector 88,1.1,8148.0,2,4,3+,2.0,Under Construction,1350.0,1,0,0,0,0,0,58,675.0
flat,ireo skyon,sector 60,3.05,12788.0,3,3,3,9.0,Relatively New,2300.0,0,1,0,0,0,1,165,795.0
flat,signature andour heights,sector 71,0.6,10000.0,2,2,1,5.0,Relatively New,557.0,0,0,0,1,0,0,59,300.0
house,vipul tatvam villa,sector 48,8.5,21250.0,4,5,3+,2.0,Moderately Old,4000.0,1,1,0,1,1,1,49,1000.0
house,independent,sector 9,3.5,13410.0,9,9,3+,3.0,Relatively New,2610.0,1,0,0,0,0,0,23,290.0
flat,indiabulls enigma,sector 110,3.6,10588.0,4,5,3,7.0,Relatively New,3077.0,0,1,0,0,0,0,165,850.0
house,sector 15 part 2 rwa,sector 15,10.0,22222.0,5,5,2,2.0,Old Property,4518.0,0,0,0,0,0,0,49,900.0
flat,shree vardhman victoria,sector 70,1.6,8205.0,3,5,3,6.0,Relatively New,2167.0,0,1,0,0,0,0,174,650.0
house,independent,sector 10,1.7,18889.0,2,1,2,2.0,Old Property,900.0,0,0,0,0,1,0,8,450.0
house,mian wali,sector 12,1.7,9444.0,1,1,1,1.0,Old Property,1800.0,0,1,0,0,0,0,7,1800.0
flat,dlf the ultima,sector 81,2.35,11175.0,3,3,3+,14.0,Relatively New,1550.0,1,1,0,1,1,2,49,701.0
house,international city by sobha phase 2,sector 109,7.0,12963.0,5,6,2,2.0,Relatively New,5400.0,0,1,0,0,0,0,154,1080.0
flat,ramsons kshitij,sector 95,0.19,591.0,1,1,1,14.0,Relatively New,3569.0,0,0,0,0,0,0,49,3215.0
flat,adani brahma samsara vilasa,sector 63,3.35,16470.0,3,3,3+,3.0,New Property,2034.0,0,0,0,0,0,1,16,678.0
flat,spaze privy,sector 72,3.1,6693.0,4,5,3+,8.0,Moderately Old,3374.0,1,1,1,1,0,0,136,1158.0
flat,paras dews,sector 106,1.1,9735.0,3,4,3+,8.0,Relatively New,1186.0,0,1,0,0,0,1,174,376.6666666666667
house,dlf city plots,sector 26,4.0,4531.0,4,3,2,2.0,Relatively New,8829.0,0,0,0,0,0,1,0,2207.25
flat,adani m2k oyster grande,sector 102,2.5,7817.0,4,5,3+,10.0,Relatively New,2600.0,0,1,0,1,0,1,174,799.5
flat,orchid petals,sector 49,2.09,11579.0,3,3,3,0.0,Relatively New,1633.0,0,0,0,0,0,0,49,601.6666666666666
flat,orchid petals,sector 49,2.35,11559.0,3,3,3,15.0,Relatively New,2030.0,0,0,0,0,1,0,49,677.6666666666666
flat,signature global park,sohna road,0.67,5537.0,2,2,3,4.0,Relatively New,1095.0,0,0,0,1,0,0,127,605.0
flat,m3m heights,sector 65,1.9,14996.0,2,2,3,4.0,Under Construction,1141.0,0,0,0,0,0,0,54,633.5
flat,signature global park,sohna road,0.7,6071.0,3,3,3,2.0,Relatively New,1281.0,0,0,0,1,0,0,152,384.3333333333333
flat,ild greens,sector 37,0.78,5714.0,2,2,3,1.0,Moderately Old,1068.1,0,0,0,0,0,1,103,682.5
house,eros rosewood city,sector 49,3.75,22046.0,3,3,1,2.0,Old Property,1701.0,0,0,0,1,0,1,6,567.0
flat,godrej habitat,sector 3,1.35,12784.0,2,2,0,4.0,Old Property,1056.0,0,0,0,0,0,0,60,528.0
flat,krrish provence estate,gwal pahari,5.5,9483.0,4,5,3+,11.0,New Property,5249.0,1,1,0,1,0,0,151,1450.0
flat,ireo uptown,sector 66,1.85,12568.0,2,3,3,16.0,Relatively New,1470.0,0,1,0,0,1,1,79,736.0
flat,godrej aria,sector 79,0.95,6552.0,2,2,3,5.0,Relatively New,1611.0,0,0,0,0,0,1,174,725.0
flat,kendriya vihar,sector 56,0.47,7769.0,1,1,1,3.0,Old Property,672.0,0,0,0,0,0,1,52,605.0
flat,m3m heights,sector 65,1.99,15794.0,2,2,2,26.0,Under Construction,1140.0,0,0,0,0,0,0,48,630.0
flat,corona optus,sector 37,1.25,7090.0,3,3,3,4.0,Relatively New,1350.0,0,0,0,0,1,0,49,587.6666666666666
flat,umang winter hills,sector 77,0.75,5589.0,2,2,2,8.0,Relatively New,1140.0,0,0,1,0,0,1,102,671.0
house,birla navya,sector 63a,3.85,15437.0,3,3,3+,4.0,New Property,2771.0,0,1,0,0,0,1,160,831.3333333333334
flat,shree vardhman flora,sector 90,0.96,5120.0,3,4,3,3.0,New Property,1697.0,0,1,0,0,0,0,106,625.0
flat,sunischit apartments,sector 54,1.69,7953.0,3,3,3+,5.0,Old Property,1991.0,0,1,0,0,0,1,65,708.3333333333334
flat,godrej oasis,sector 88a,1.45,8082.0,3,3,3,12.0,Relatively New,1993.0,0,0,0,0,0,0,49,598.0
house,international city by sobha phase 2,sector 109,6.25,11574.0,4,4,3+,2.0,Relatively New,5400.0,0,1,0,0,0,0,138,1350.0
flat,g l s arawali homes,sohna road,0.26,4514.0,2,2,2,1.0,Moderately Old,521.0,0,0,0,0,0,0,0,288.0
flat,ats triumph,sector 104,1.73,7555.0,3,4,3+,15.0,Relatively New,2072.0,0,1,0,0,0,0,159,763.3333333333334
flat,central park resort belgravia residences,sector 48,6.25,24300.0,3,5,3+,5.0,Moderately Old,3200.0,0,1,0,0,0,1,49,857.3333333333334
flat,m3m capital,sector 113,2.87,12489.0,4,4,3+,3.0,Under Construction,2553.0,0,1,0,0,0,0,65,574.5
flat,puri diplomatic greens,sector 111,2.65,13590.0,3,4,2,7.0,Relatively New,2086.0,0,1,0,0,0,1,159,650.0
flat,ambience creacions,sector 22,1.65,11957.0,2,2,2,9.0,Relatively New,1200.0,0,0,0,1,1,2,133,690.0
flat,dlf regal gardens,sector 90,1.2,6838.0,3,3,3+,15.0,Relatively New,1572.0,0,0,0,0,0,0,118,585.0
house,independent,sector 14,5.0,22222.0,3,3,3,1.0,Moderately Old,2250.0,0,0,0,0,0,0,25,750.0
flat,tata primanti,sector 72,3.19,12152.0,4,5,3+,20.0,Relatively New,2376.0,0,1,0,0,0,1,159,656.25
flat,dlf the ultima,sector 81,2.3,14375.0,3,4,3+,18.0,Relatively New,1854.0,0,1,0,0,0,2,174,533.3333333333334
flat,dlf the ultima,sector 81,2.3,14603.0,3,4,3+,27.0,Relatively New,1825.0,0,1,0,0,0,1,119,525.0
flat,dlf new town heights,sector 90,1.75,5721.0,4,4,3+,17.0,Relatively New,2468.0,0,1,0,1,0,0,88,764.75
flat,uphaar homes,sector 105,0.45,4737.0,3,2,1,1.0,Relatively New,1056.0,0,0,0,0,0,1,44,316.6666666666667
flat,orchid petals,sector 49,2.55,12319.0,3,4,3,8.0,Relatively New,2060.0,1,0,0,0,0,1,49,690.0
flat,belgravia resort residences,sector 48,3.45,18459.0,3,3,3,14.0,Moderately Old,1869.0,0,0,0,0,0,0,0,623.0
flat,signature signum 95a,sector 95,0.4,7782.0,2,2,2,3.0,New Property,571.0,0,0,0,0,0,1,44,257.0
flat,dlf the ultima,sector 81,2.21,10366.0,3,3,3+,3.0,Relatively New,1881.0,0,1,0,0,0,2,149,710.6666666666666
flat,hero homes,dwarka expressway,1.6,7824.0,3,3,3,1.0,New Property,1529.0,0,0,0,0,0,0,49,681.6666666666666
house,independent,sector 4,0.6,11696.0,3,3,1,2.0,Old Property,57.0,0,0,0,0,1,0,0,171.0
flat,godrej,sector 33,0.95,6859.0,2,2,3+,3.0,Under Construction,1253.0,0,0,0,0,0,0,0,692.5
house,dlf new town heights,sector 86,2.5,7827.0,4,5,3+,4.0,Moderately Old,3194.0,0,1,0,1,1,1,49,798.5
flat,shapoorji pallonji joyville gurugram,sector 102,1.77,9195.0,3,3,3,1.0,Relatively New,1653.0,0,0,0,0,0,0,151,641.6666666666666
flat,tulip ivory,sector 70,2.0,8333.0,4,5,3+,7.0,Moderately Old,2169.0,0,1,0,0,0,1,174,600.0
flat,sobha city,sector 108,4.1,23402.0,4,5,3,25.0,New Property,2343.0,1,1,0,0,0,2,97,438.0
flat,mapsko mount ville,sector 79,1.85,9640.0,3,4,3,21.0,New Property,1643.0,0,1,0,1,0,0,49,639.6666666666666
flat,sidhartha ncr one phase,sector 95,0.56,4106.0,2,2,2,10.0,Relatively New,1234.0,0,0,0,0,0,1,60,682.0
flat,the close north,sector 50,3.0,11516.0,3,3,3+,14.0,Old Property,2357.0,0,1,0,0,0,1,121,868.3333333333334
flat,pareena laxmi apartments,sector 99,0.32,5517.0,2,2,1,2.0,New Property,577.0,0,0,0,0,0,0,43,290.0
flat,pareena coban residences,sector 99,1.56,7812.0,3,5,3,4.0,New Property,1807.0,0,1,0,0,1,0,49,665.6666666666666
flat,godrej,sector 79,2.5,11141.0,3,3,3+,5.0,Relatively New,2244.0,0,0,0,0,0,0,0,748.0
flat,city shri ram apartments 1,sector 110,0.22,3667.0,2,1,1,1.0,Relatively New,543.0,0,0,0,0,0,0,0,300.0
flat,gls arawali homes,sohna road,0.3,4688.0,2,2,2,4.0,Relatively New,711.0,0,0,0,0,0,0,42,320.0
flat,m3m soulitude,sector 89,1.25,8784.0,3,3,3,3.0,New Property,1288.0,1,0,0,0,1,0,61,474.3333333333333
house,dlf city plots,sector 26,13.5,29880.0,5,5,3,2.0,Old Property,4518.0,1,1,1,1,0,1,110,903.6
house,dlf new town heights,sector 91,2.5,7058.0,4,4,3+,3.0,Moderately Old,3400.0,1,1,1,1,0,1,80,885.5
house,independent,sector 43,6.5,35403.0,5,4,3+,3.0,Moderately Old,1836.0,0,1,0,1,0,1,54,367.2
flat,dlf exclusive floors,sector 43,2.35,14242.0,3,3,2,1.0,Old Property,1527.0,0,0,1,0,0,1,102,550.0
flat,parsvnath exotica,sector 53,5.0,17241.0,3,4,3,7.0,Old Property,3222.0,0,1,0,0,0,1,24,966.6666666666666
flat,la vida by tata housing,sector 113,2.35,10600.0,3,3,3,11.0,New Property,2210.0,0,1,0,0,0,0,174,739.0
flat,emaar palm gardens,sector 83,1.35,12329.0,3,3,3,7.0,Relatively New,1387.0,0,1,0,0,0,0,24,365.0
flat,shree vardhman victoria,sector 70,1.8,9231.0,3,4,3,2.0,New Property,1527.0,0,1,0,0,1,0,45,650.0
flat,conscient heritage max,sector 102,2.15,9307.0,3,4,3,13.0,Relatively New,1945.0,1,1,0,0,0,0,101,770.0
flat,dlf icon,sector 43,5.8,20707.0,4,4,3+,18.0,Old Property,2801.0,0,0,0,0,0,0,0,700.25
house,independent,sector 57,4.7,21759.0,3,3,2,2.0,Old Property,2160.0,0,1,0,0,1,0,43,720.0
flat,supertech hues,sector 68,0.9,7627.0,2,2,2,1.0,New Property,1311.0,0,0,0,0,0,0,44,590.0
flat,zara aavaas,sector 104,0.4,7030.0,2,2,1,4.0,Relatively New,514.0,0,0,0,0,0,0,52,284.5
flat,ats tourmaline,sector 109,1.72,8000.0,3,4,3+,7.0,Relatively New,1797.0,0,1,0,0,0,0,167,716.6666666666666
house,not applicable,sector 4,0.4,9259.0,1,1,1,1.0,Moderately Old,432.0,0,0,0,0,0,0,0,432.0
flat,bestech park view sanskruti,sector 92,1.55,7769.0,3,4,3,8.0,Relatively New,1805.0,0,1,0,0,0,0,49,665.0
house,nirvana cedar crest,sector 50,3.99,8867.0,4,5,3+,4.0,New Property,4500.0,0,1,0,1,0,1,112,1125.0
flat,bestech park view grand spa,sector 81,2.3,8647.0,3,4,3+,7.0,Relatively New,2280.0,0,1,0,0,0,1,49,886.6666666666666
flat,ireo victory valley,sector 67,2.99,11832.0,3,3,3,4.0,Relatively New,2200.0,0,1,0,0,0,1,37,842.3333333333334
flat,emaar mgf emerald floors premier,sector 65,2.8,16970.0,3,3,2,3.0,Relatively New,1650.0,0,1,0,0,0,0,105,550.0
flat,residency grand,sector 52,5.0,9615.0,5,5,3+,2.0,Moderately Old,5200.0,0,0,0,0,0,0,0,1040.0
flat,ashiana mulberry,sohna road,1.07,6185.0,3,3,3+,7.0,Relatively New,1600.0,0,0,0,0,0,0,167,576.6666666666666
flat,bestech park view ananda,sector 81,1.45,8735.0,3,2,3+,3.0,Relatively New,1352.0,0,0,0,0,1,0,45,553.3333333333334
flat,silverglades the melia,sohna road,1.01,6999.0,2,2,3,12.0,Under Construction,1184.0,1,0,0,0,0,0,80,721.5
house,dlf alameda,sector 73,17.0,35109.0,5,8,3,3.0,Relatively New,9000.0,1,1,1,1,0,2,87,968.4
flat,parsvnath green ville,sector 48,1.6,8377.0,3,3,3,13.0,Old Property,1700.0,0,0,0,0,1,1,119,636.6666666666666
house,independent,sector 105,0.6,13333.0,3,3,0,3.0,Moderately Old,450.0,0,0,0,0,0,0,0,150.0
flat,la vida by tata housing,sector 113,3.05,11338.0,3,4,3,15.0,New Property,2600.0,0,1,0,0,0,0,174,896.6666666666666
flat,emaar mgf the palm drive,sector 66,3.98,18091.0,3,4,3+,2.0,Moderately Old,2200.0,0,1,0,0,0,1,123,733.3333333333334
flat,tulip violet,sector 69,1.75,9459.0,3,4,2,0.0,Relatively New,2056.0,0,0,0,0,0,1,174,616.6666666666666
flat,pioneer urban presidia,sector 62,6.5,14987.0,4,4,3+,3.0,Moderately Old,3925.0,1,0,0,0,0,0,86,1084.25
flat,tulip violet,sector 69,1.43,9039.0,3,3,2,1.0,Relatively New,1428.0,0,0,0,1,0,0,102,527.3333333333334
house,bhim nagar society,sector 6,0.4,2500.0,4,2,2,1.0,Moderately Old,1600.0,0,0,0,0,0,0,0,400.0
flat,whiteland  the aspen,sector 76,3.5,11917.0,3,4,3,8.0,Under Construction,2937.0,0,0,0,0,0,0,0,979.0
flat,emaar imperial gardens,sector 102,1.92,9600.0,3,3,3,12.0,Relatively New,2222.0,1,1,1,1,0,0,95,666.6666666666666
flat,the new crpf apartments,sector 9,0.75,5814.0,3,3,3,6.0,Old Property,1433.0,0,0,0,1,0,0,31,430.0
flat,breez global heights,sohna road,0.39,4105.0,2,2,2,3.0,Relatively New,720.0,0,0,0,0,0,0,0,475.0
flat,signature global park,sohna road,0.54,6331.0,2,2,2,4.0,Relatively New,939.0,0,0,0,1,0,0,159,426.5
flat,dlf the ultima,sector 81,2.5,11726.0,3,3,2,20.0,Relatively New,1700.0,0,1,0,0,0,2,174,710.6666666666666
flat,godrej habitat,sector 3,1.25,8657.0,2,2,3,14.0,Under Construction,1161.0,0,0,0,0,0,0,36,722.0
flat,oriental valley chs,sector 9,1.5,9091.0,4,3,3+,8.0,Relatively New,1833.0,0,0,0,0,0,1,8,412.5
flat,emaar gurgaon greens,sector 102,1.52,9212.0,3,3,3,7.0,Relatively New,1315.0,0,1,0,0,0,1,137,550.0
flat,vatika gurgaon,sector 83,0.83,6667.0,2,2,2,12.0,Relatively New,1154.0,0,0,0,1,0,0,165,622.5
flat,experion the heartsong,sector 108,3.0,18394.0,4,5,3+,2.0,Relatively New,2204.25,0,1,0,0,0,2,149,407.75
flat,sare crescent parc,sector 92,0.95,5013.0,4,5,3+,13.0,Relatively New,1895.0,0,0,0,0,0,0,0,473.75
flat,pyramid urban homes 2,sector 86,0.5,9690.0,2,2,2,6.0,Old Property,573.0,0,0,0,0,0,0,15,258.0
house,independent,sector 46,3.55,24500.0,5,4,3+,3.0,Moderately Old,1449.0,0,1,0,0,0,1,73,289.8
flat,housing board colony,sector 51,0.3,4630.0,1,1,0,0.0,Moderately Old,80.0,1,0,0,0,0,0,15,648.0
house,independent,sector 57,3.5,21605.0,4,4,3+,3.0,Old Property,1620.0,0,0,1,0,0,1,67,405.0
flat,godrej aria,sector 79,1.7,7427.0,3,4,3+,6.0,New Property,1659.0,0,1,0,0,0,0,81,763.0
flat,dlf park place,sector 54,4.86,25920.0,3,4,3+,7.0,Relatively New,1875.0,0,1,0,0,0,1,49,625.0
flat,sare crescent parc royal greens phase 1,sector 92,0.5,5000.0,2,2,3,2.0,Relatively New,1000.0,0,0,0,0,0,0,0,500.0
flat,adani m2k oyster grande,sector 102,2.6,10008.0,3,3,3,2.0,Relatively New,2351.0,1,1,1,0,0,0,118,866.0
flat,emaar gurgaon greens,sector 102,1.4,8485.0,3,3,3,9.0,Relatively New,1413.0,0,1,0,0,0,0,49,550.0
house,independent,sector 26,18.9,41833.0,6,8,2,3.0,Relatively New,4518.0,1,1,1,1,0,1,120,753.0
flat,adani m2k oyster grande,sector 102,2.5,7817.0,4,5,3+,5.0,Relatively New,2894.0,0,1,0,0,0,0,76,799.5
flat,"new colony, gurgaon",sector 7,0.8,8097.0,3,2,1,4.0,Relatively New,1100.0,0,0,0,0,0,1,69,329.3333333333333
flat,hero homes,sector 104,1.75,10361.0,3,3,3,2.0,Under Construction,1529.0,0,0,0,0,0,0,30,563.0
flat,mahindra luminare,sector 59,5.8,19174.0,3,4,3,16.0,New Property,3361.0,0,1,0,0,0,1,49,1008.3333333333334
flat,awho sispal vihar,sector 49,2.0,7262.0,4,3,3+,4.0,Old Property,2492.0,0,0,0,0,0,0,65,688.5
flat,ireo the grand arch,sector 58,2.2,16000.0,2,2,1,5.0,Relatively New,1528.0,0,0,0,1,0,1,49,687.5
flat,dlf the ultima,sector 81,3.5,11686.0,4,5,3+,7.0,Relatively New,2577.0,0,1,0,0,0,2,174,748.75
flat,dlf express greens,manesar,1.6,6809.0,4,6,3+,4.0,Relatively New,2611.0,1,1,0,1,0,0,49,587.5
flat,ss the leaf,sector 85,2.15,8929.0,3,5,3,2.0,New Property,2179.0,0,0,0,0,0,0,53,802.6666666666666
flat,rof ananda,sector 95,0.2,5464.0,1,1,1,9.0,Relatively New,407.0,0,0,0,1,0,0,52,366.0
flat,bestech park view grand spa,sector 81,3.0,9419.0,4,5,2,6.0,Relatively New,2882.0,0,1,0,0,0,1,110,796.25
flat,signature global park,sohna road,0.58,7056.0,2,2,2,3.0,Relatively New,822.0,0,0,0,0,0,0,58,411.0
flat,m3m skycity,sector 65,2.85,15591.0,3,3,3,43.0,Under Construction,1828.0,0,0,0,0,0,1,115,609.3333333333334
flat,adani m2k oyster grande,sector 102,2.4,9306.0,3,4,3+,3.0,Relatively New,2334.0,1,0,0,0,0,1,49,859.6666666666666
flat,tata primanti,sector 72,6.5,15294.0,4,4,3+,0.0,Relatively New,3846.0,1,1,0,1,0,0,67,1062.5
flat,mapsko mount ville,sector 79,1.28,8556.0,3,3,3,16.0,Relatively New,1265.0,1,0,0,0,0,1,128,498.6666666666667
flat,hsiidc sidco shivalik apartments,manesar,0.85,5102.0,3,2,2,5.0,Moderately Old,1508.0,0,0,0,0,0,0,0,555.3333333333334
flat,indiabulls enigma,sector 110,4.25,10954.0,5,5,3+,4.0,Relatively New,3511.0,0,1,0,0,0,0,101,776.0
flat,ansal housing highland park,sector 103,0.8,5878.0,2,2,3,3.0,New Property,1089.0,0,0,0,1,0,0,174,680.5
flat,m3m heights,sector 65,2.25,13612.0,2,2,3,5.0,Under Construction,1592.0,0,0,0,0,0,0,48,826.5
house,international city by sobha phase 2,sector 109,10.0,27778.0,4,5,3+,2.0,New Property,3600.0,1,1,0,1,1,1,49,900.0
flat,signature global city,sector 37d,0.8,8421.0,2,2,2,2.0,Under Construction,860.0,0,0,0,0,0,0,42,475.0
flat,conscient elevate,sector 59,4.02,17501.0,3,3,1,3.0,Under Construction,2550.0,0,0,0,0,0,0,31,765.6666666666666
flat,indiabulls centrum park,sector 103,2.4,8348.0,4,6,3+,15.0,Relatively New,2456.0,0,1,0,0,0,0,156,718.75
flat,vatika gurgaon,sector 83,1.12,6455.0,3,3,2,17.0,Moderately Old,1500.0,0,0,0,0,0,1,111,578.3333333333334
flat,antriksh heights,sector 84,1.05,5012.0,4,4,3+,3.0,New Property,1896.0,1,0,0,0,0,0,66,523.75
flat,cghs vidya enclave,sector 56,1.7,10968.0,3,2,3,6.0,Old Property,1585.0,0,0,1,0,0,0,101,516.6666666666666
flat,ss,sector 85,2.1,7468.0,4,4,3,2.0,Relatively New,2600.0,0,0,0,0,0,0,49,703.0
flat,ambience lagoon,sector 24,4.25,13281.0,3,4,3+,3.0,Old Property,3201.0,0,1,0,1,0,1,143,1066.6666666666667
flat,conscient heritage max,sector 102,2.22,13875.0,3,4,3+,15.0,Relatively New,2000.0,1,1,0,0,0,0,82,533.3333333333334
house,shivaji nagar residential,sector 11,3.08,11407.0,6,4,2,1.0,Moderately Old,2700.0,0,0,0,0,0,0,0,450.0
flat,shapoorji pallonji joyville gurugram,sector 102,2.5,13998.0,3,3,3,15.0,Under Construction,1653.0,0,0,0,0,0,0,151,595.3333333333334
flat,aipl club residences,sector 70a,0.95,10215.0,2,2,1,11.0,New Property,930.0,0,0,0,0,0,1,103,465.0
house,independent,sector 43,9.5,42222.0,5,5,3+,2.0,Relatively New,2250.0,0,1,0,1,0,1,88,450.0
flat,imperia the esfera,sector 37,0.87,5513.0,2,3,3+,5.0,Relatively New,1300.0,1,0,0,0,0,0,109,789.0
flat,divya apartments,sector 6,0.6,7595.0,2,2,0,2.0,Relatively New,790.0,0,0,0,0,0,1,15,395.0
flat,tulip violet,sector 69,1.2,8889.0,2,3,1,0.0,Relatively New,1222.0,0,0,0,0,0,0,150,675.0
flat,m3m woodshire,sector 107,1.3,8922.0,3,3,3+,4.0,Relatively New,1554.0,0,0,0,1,0,1,174,485.6666666666667
flat,signature global park,sohna road,0.9,8036.0,3,2,0,2.0,Under Construction,1120.0,0,0,0,0,0,0,58,373.3333333333333
flat,emaar mgf emerald floors premier,sector 65,2.36,14303.0,3,3,3,0.0,Relatively New,1493.0,1,1,0,0,0,1,159,550.0
flat,central park flower valley cerise floors,sector 33,1.3,10744.0,2,2,2,3.0,New Property,1095.0,1,0,0,0,0,0,22,605.0
flat,shree balaji appartment,sector 33,0.4,5000.0,2,2,2,1.0,Relatively New,724.0,0,0,0,0,0,2,0,400.0
flat,ild greens,sector 37,0.9,5614.0,3,3,3,0.0,Under Construction,1500.0,0,0,0,0,0,0,66,534.3333333333334
flat,dlf park place,sector 54,4.85,25867.0,3,4,3+,25.0,Relatively New,1875.0,0,1,0,0,0,1,26,625.0
flat,signature global park,sohna road,0.54,6506.0,2,2,1,2.0,Relatively New,922.0,0,0,0,0,0,0,16,415.0
flat,orris aster court premier,sector 85,1.5,5859.0,4,5,3+,6.0,New Property,2017.0,0,1,0,0,0,1,28,640.0
flat,m3m woodshire,sector 107,1.29,8836.0,3,3,3+,1.0,Relatively New,1690.0,0,0,0,1,0,1,174,486.6666666666667
flat,breez global hill view,sohna road,2.6,5215.0,2,2,2,6.0,New Property,4986.0,0,0,0,0,0,0,42,2493.0
house,independent,sector 26,4.5,33333.0,3,3,2,2.0,Old Property,1350.0,0,0,0,1,0,1,58,450.0
house,jacob pura,sector 12,0.35,9722.0,2,1,0,2.0,Old Property,360.0,0,0,0,0,0,0,0,180.0
flat,shree vardhman victoria,sector 70,1.62,8308.0,3,5,3,9.0,Relatively New,1527.0,0,1,0,0,0,0,43,650.0
flat,ss the leaf,sector 85,1.3,10484.0,2,2,3+,10.0,Relatively New,1491.0,0,0,1,0,0,0,148,620.0
flat,sbtl caladium,sector 109,1.88,6154.0,4,5,3,10.0,Relatively New,2765.0,0,0,0,0,0,0,110,763.75
flat,ats kocoon,sector 109,1.7,9742.0,3,3,3,22.0,Relatively New,1550.0,0,0,0,0,0,0,74,581.6666666666666
flat,ss the leaf,sector 85,2.15,7646.0,4,5,3+,1.0,Relatively New,2545.0,0,1,0,0,0,0,165,703.0
flat,m3m the marina,sector 68,1.45,9615.0,3,2,3+,9.0,New Property,1365.0,0,0,0,0,0,0,0,502.6666666666667
flat,ansal heights 86,sector 86,0.78,5735.0,2,2,2,8.0,New Property,1360.0,0,0,0,0,0,0,72,680.0
flat,ireo the grand arch,sector 58,3.83,21577.0,3,4,2,10.0,Relatively New,2000.0,1,1,0,0,0,1,174,591.6666666666666
flat,raheja navodaya,sector 92,0.62,4806.0,2,2,2,5.0,New Property,1498.0,0,0,0,0,0,0,0,645.0
flat,paras dews,sector 106,1.4,9979.0,4,6,3+,10.0,Relatively New,1535.0,0,1,0,0,0,0,174,350.75
flat,satya element one,sector 49,0.94,14009.0,1,2,2,2.0,Moderately Old,746.0,0,0,0,0,0,0,0,671.0
flat,chintels paradiso,sector 109,2.0,7605.0,4,4,2,11.0,Relatively New,2380.0,0,1,0,1,0,0,64,657.5
flat,.,gwal pahari,7.0,10999.0,4,4,3+,6.0,Relatively New,5430.0,0,1,0,0,0,0,52,1591.0
flat,satya element one,sector 49,0.8,11111.0,1,1,1,0.0,Moderately Old,720.0,0,0,0,0,0,0,0,720.0
house,tata primanti,sector 72,8.6,12286.0,4,5,3+,3.0,Relatively New,7000.0,0,0,0,0,0,1,30,1750.0
flat,indiabulls enigma,sector 110,3.45,10147.0,4,4,3,9.0,Moderately Old,3077.0,0,1,0,0,0,1,125,850.0
house,independent,sector 50,7.0,32407.0,3,2,0,1.0,Moderately Old,2160.0,0,0,0,0,0,0,0,720.0
flat,dlf regal gardens,sector 90,1.8,7223.0,4,4,3+,7.0,Moderately Old,2005.0,0,0,0,0,0,0,38,623.0
flat,orris aster court premier,sector 85,1.49,5820.0,4,5,3+,10.0,Relatively New,2017.0,0,1,0,0,0,1,84,640.0
flat,ashiana anmol,sohna road,0.88,11125.0,2,2,2,13.0,Relatively New,1016.0,0,0,0,0,0,2,127,395.5
house,independent,sector 14,7.5,16600.0,3,3,2,1.0,Old Property,4518.0,1,1,0,1,0,1,27,1506.0
house,bptp visionnaire,sector 70a,4.0,6666.0,4,4,3+,2.0,Relatively New,6000.0,0,1,0,0,0,0,154,1500.25
flat,microtek greenburg,sector 86,1.25,8446.0,2,2,3,13.0,Moderately Old,1339.0,1,0,0,0,0,0,6,740.0
house,independent,sector 43,8.5,31481.0,5,5,3,3.0,Moderately Old,2700.0,0,1,0,0,0,1,113,540.0
flat,millenium bajrang society,sector 43,2.5,9434.0,4,4,3+,2.0,Relatively New,2398.0,0,0,0,0,0,1,94,662.5
flat,signature global park,sohna road,0.78,6404.0,3,3,3,1.0,Relatively New,1344.0,0,0,0,1,0,0,150,406.0
house,independent,sector 12,3.5,14787.0,8,8,3+,3.0,Relatively New,4800.0,1,1,0,1,0,2,77,295.875
flat,signature global park,sohna road,0.68,8252.0,2,2,2,3.0,New Property,916.0,0,0,0,0,0,0,113,412.0
flat,silverglades the melia,sohna road,0.75,5556.0,2,2,2,4.0,Moderately Old,1350.0,0,0,0,0,0,0,70,675.0
flat,smart world gems,sector 89,1.13,8503.0,3,3,2,4.0,Under Construction,1473.0,1,0,0,0,0,0,115,443.0
flat,godrej summit,sector 104,0.98,5950.0,3,3,3,12.0,Relatively New,1490.0,0,0,0,0,1,0,79,549.0
flat,dlf regal gardens,sector 90,1.29,9021.0,3,3,3,7.0,Relatively New,1540.0,1,0,0,0,0,0,174,476.6666666666667
flat,gls arawali homes,sohna road,0.3,6237.0,2,2,2,4.0,Relatively New,524.0,0,0,0,0,0,2,120,240.5
flat,alpha corp gurgaonone,sector 84,2.24,6523.0,4,4,3,12.0,Relatively New,3165.0,0,1,0,0,0,0,20,858.5
flat,central park flower valley,sector 33,2.15,13522.0,3,3,3+,1.0,New Property,1439.0,0,0,0,0,0,0,31,530.0
flat,ats triumph,sector 104,2.52,8000.0,4,4,3+,19.0,Relatively New,2800.0,0,1,1,0,0,1,156,787.5
house,independent,sector 2,0.7,7778.0,1,1,0,1.0,Old Property,900.0,0,0,0,0,0,0,0,900.0
flat,conscient heritage max,sector 102,1.75,9063.0,3,4,3+,16.0,Relatively New,1748.0,0,1,0,0,0,1,134,643.6666666666666
house,independent,sector 5,3.75,11029.0,5,5,3+,3.0,Moderately Old,3400.0,0,0,0,0,0,0,0,680.0
house,unitech deerwood chase,sector 50,15.0,33333.0,4,4,2,2.0,Moderately Old,4500.0,0,1,0,0,0,0,160,1125.0
house,vatika independent floors,sector 82,1.4,8235.0,3,3,2,3.0,New Property,1700.0,0,0,0,1,0,0,61,566.6666666666666
house,shivpuri,sector 7,2.4,8889.0,10,5,3,2.0,Old Property,2700.0,1,1,0,1,0,0,8,270.0
flat,experion windchants,sector 112,2.6,10651.0,2,2,3,8.0,Relatively New,2441.0,0,0,0,0,0,0,168,1220.5
flat,emaar digihomes,sector 62,2.1,14257.0,2,2,2,30.0,New Property,1365.0,0,1,0,0,0,0,52,736.5
flat,pyramid urban homes 2,sector 86,0.43,8583.0,2,2,1,6.0,New Property,557.0,0,0,0,0,1,0,72,250.5
flat,the close south,sector 50,3.25,12810.0,3,4,3+,4.0,Old Property,2819.0,0,1,0,0,0,1,135,845.6666666666666
house,malibu towne,sector 47,8.81,27191.0,8,6,3+,3.0,Moderately Old,3240.0,1,1,0,0,1,1,27,405.0
flat,avl 36 gurgaon,sector 36,0.4,10204.0,1,1,1,4.0,Relatively New,436.0,0,0,0,0,0,0,35,392.0
flat,emaar mgf emerald floors premier,sector 65,2.85,14430.0,4,4,3,3.0,Relatively New,2194.0,1,1,0,0,0,0,28,493.75
house,independent,sector 43,9.85,29642.0,5,5,2,3.0,Old Property,3323.0,1,1,0,1,0,0,21,664.6
flat,dlf new town heights,sector 90,1.25,8639.0,3,4,3+,0.0,Old Property,1608.0,0,1,0,0,0,2,31,482.3333333333333
flat,emaar digihomes,sector 62,3.95,15263.0,3,3,3,33.0,New Property,2876.0,0,1,0,0,0,1,49,862.6666666666666
flat,dlf regency park,sector 28,1.24,12400.0,2,2,3+,19.0,Moderately Old,1050.0,0,0,0,1,0,1,157,500.0
flat,railway officers rpf society,sector 9,1.3,5039.0,4,4,3+,9.0,Moderately Old,2580.0,0,0,0,0,0,0,0,645.0
house,independent,sector 25,4.31,31926.0,5,4,3,3.0,Old Property,1350.0,0,0,0,0,0,0,40,270.0
flat,sare homes,sector 92,0.6,5000.0,3,2,3,4.0,Moderately Old,1333.0,0,0,0,0,0,1,49,400.0
flat,m3m heights,sector 65,3.29,17998.0,3,3,3,33.0,New Property,1828.0,0,0,0,0,0,0,49,609.3333333333334
house,independent,sector 12,2.75,12343.0,6,6,2,2.0,Old Property,2228.0,0,0,0,0,0,0,0,371.3333333333333
flat,the close north,sector 50,2.7,9982.0,3,3,3+,3.0,Moderately Old,2357.0,0,1,0,0,0,0,117,901.6666666666666
flat,tulip violet,sector 69,1.51,9569.0,3,3,2,0.0,Relatively New,1325.0,0,0,0,1,0,2,165,526.0
flat,bestech altura,sector 79,2.55,9533.0,4,5,2,4.0,New Property,2675.0,0,1,0,0,0,0,44,668.75
flat,the lions cghs,sector 56,2.09,8708.0,4,4,3+,7.0,Relatively New,2300.0,0,0,0,0,1,1,125,600.0
flat,shri banke bihari society,sector 56,1.37,9133.0,3,3,3+,2.0,Old Property,1450.0,0,0,0,0,1,0,174,500.0
flat,raheja maheshwara,sohna road,0.48,4368.0,2,2,2,11.0,Under Construction,995.0,0,0,0,0,0,0,45,549.5
house,independent,sector 40,2.15,23889.0,3,3,3,3.0,Moderately Old,900.0,1,0,1,1,0,0,45,300.0
flat,dlf the ultima,sector 81,3.46,12047.0,4,4,3+,10.0,New Property,2599.0,0,1,0,0,0,2,161,718.0
house,independent,sector 26,19.0,42222.0,6,8,3+,3.0,Moderately Old,4500.0,1,1,1,1,0,1,103,750.0
flat,godrej air,sector 85,2.5,13797.0,4,5,3+,16.0,Under Construction,2013.0,1,0,0,1,1,1,44,453.0
flat,signature global park,sohna road,0.75,6938.0,2,2,0,1.0,Relatively New,1081.0,0,0,0,0,0,0,58,540.5
flat,m3m heights,sector 65,3.0,17996.0,3,3,3,20.0,Under Construction,1667.0,0,0,0,0,0,0,60,555.6666666666666
flat,vatika gurgaon,sector 83,1.12,6455.0,3,3,2,4.0,Relatively New,1200.0,1,1,1,1,0,1,165,578.3333333333334
flat,bestech park view sanskruti,sector 92,1.42,7760.0,3,3,2,10.0,Relatively New,1738.0,0,0,0,0,0,0,117,610.0
flat,tarc maceo,sector 91,1.9,6975.0,4,4,3,9.0,Relatively New,2465.0,0,1,0,0,0,0,120,681.0
house,unitech espace,sector 50,7.42,34352.0,4,4,3,2.0,Old Property,3200.0,0,0,0,0,0,1,88,540.0
flat,mapsko casa bella,sector 82,1.25,6378.0,3,4,3+,8.0,Under Construction,1774.0,0,0,0,0,0,0,54,653.3333333333334
flat,shapoorji pallonji joyville gurugram,sector 102,2.12,16960.0,3,3,3,9.0,Relatively New,1852.0,0,0,0,0,0,0,72,416.6666666666667
flat,godrej nature plus,sector 33,1.7,12593.0,3,3,3+,6.0,New Property,1500.0,0,1,0,0,0,0,38,450.0
flat,smart world orchard,sector 61,1.47,12783.0,2,2,2,4.0,New Property,1278.0,1,0,0,1,0,0,53,575.0
flat,vatika the seven lamps,sector 82,1.39,6411.0,3,3,3+,11.0,Relatively New,1955.0,1,1,0,0,0,1,117,722.6666666666666
flat,emaar palm gardens,sector 83,1.75,9211.0,3,3,3,6.0,Relatively New,1600.0,0,1,0,0,0,1,150,633.3333333333334
flat,emaar digihomes,sector 62,2.45,16003.0,2,2,2,7.0,New Property,1200.0,1,0,0,0,0,2,174,765.5
house,ireo victory valley,sector 67,8.0,22222.0,6,7,3+,51.0,Moderately Old,3600.0,1,1,0,1,0,1,49,600.0
flat,paras dews,sector 106,1.32,5605.0,4,5,3+,11.0,Relatively New,1535.0,0,1,0,0,0,0,49,588.75
flat,signature global solera,sector 107,0.52,8062.0,3,2,2,5.0,Relatively New,717.0,0,0,0,0,1,0,15,215.0
flat,la vida by tata housing,sector 113,1.45,11364.0,2,2,2,6.0,Relatively New,1080.0,0,0,0,0,0,0,80,638.0
flat,signature global solera,sector 107,0.28,5680.0,2,2,2,6.0,Relatively New,543.0,0,0,0,0,0,0,45,246.5
flat,bestech park view ananda,sector 81,1.15,6928.0,3,2,3+,12.0,Relatively New,1352.0,0,0,0,0,0,0,101,553.3333333333334
house,independent,sector 43,2.1,4250.0,10,10,3+,5.0,New Property,549.0,0,1,0,0,0,0,20,494.1
house,independent,sector 105,0.65,9028.0,3,2,1,1.0,Relatively New,720.0,0,0,0,1,1,0,14,240.0
flat,godrej icon,sector 88a,1.31,8101.0,2,2,3+,3.0,Relatively New,1463.0,1,0,0,0,0,0,102,808.5
flat,vatika gurgaon,sector 83,0.75,6024.0,2,2,2,19.0,Relatively New,1150.0,0,0,0,0,1,1,105,622.5
flat,ats triumph,sector 104,1.8,7860.0,3,4,3,14.0,New Property,2544.0,0,0,0,0,0,0,60,763.3333333333334
flat,ats kocoon,sector 109,2.22,10597.0,3,4,3,14.0,Relatively New,1860.0,1,1,1,1,0,0,45,698.3333333333334
flat,emaar gurgaon greens,sector 102,1.4,8485.0,3,3,3,10.0,Relatively New,1300.0,0,1,0,0,0,0,46,550.0
house,independent,sector 2,2.55,16378.0,3,3,2,2.0,Old Property,1557.0,0,0,0,0,0,0,8,519.0
house,dlf city plots phase 2,sector 25,10.5,29022.0,4,4,2,2.0,Old Property,3618.0,0,1,0,1,0,1,91,904.5
flat,imperia the esfera,sector 37,1.4,5385.0,4,5,3,9.0,Relatively New,2343.0,1,1,0,1,1,0,49,650.0
flat,signature global park,sohna road,0.52,6326.0,2,2,2,3.0,Relatively New,913.0,0,0,0,1,0,0,161,411.0
flat,breez global hill view,sohna road,0.3,5405.0,2,2,2,6.0,New Property,605.0,0,0,0,0,0,0,109,277.5
flat,conscient heritage max,sector 102,1.9,9784.0,3,4,3+,20.0,Relatively New,1757.0,0,1,0,0,0,0,165,647.3333333333334
house,vipul tatvam villa,sector 48,8.5,26235.0,4,4,2,2.0,Moderately Old,3240.0,0,1,1,1,0,0,88,810.0
house,suncity township,sector 54,2.0,3440.0,9,9,3,11.0,Relatively New,60.0,0,1,0,0,0,2,7,646.0
flat,emaar mgf emerald floors premier,sector 65,2.79,14127.0,4,4,3+,2.0,Relatively New,2194.0,1,1,0,0,0,2,174,493.75
house,independent,sector 25,11.0,35530.0,5,5,3+,2.0,Relatively New,3096.0,1,1,1,1,0,0,29,619.2
flat,antriksh heights,sector 84,0.85,4928.0,3,3,3+,10.0,Relatively New,1561.0,1,0,0,0,0,0,52,575.0
flat,suncity avenue 76,sector 76,0.55,7422.0,2,2,2,9.0,Under Construction,823.0,0,0,0,0,0,0,26,370.5
flat,central park 2 bellevue,sector 48,2.75,10755.0,3,4,3+,3.0,Moderately Old,2574.0,0,0,0,0,0,0,32,852.3333333333334
house,independent,sector 23,2.4,12000.0,3,3,2,2.0,Moderately Old,2000.0,0,0,1,1,0,0,28,666.6666666666666
flat,ashiana mulberry,sohna road,0.9,6143.0,2,2,3+,7.0,Moderately Old,1100.0,1,0,0,0,0,1,156,732.5
flat,signature global city,sector 37d,1.25,6083.0,3,3,3,4.0,Under Construction,2283.0,0,0,0,0,0,0,16,685.0
house,emaar emerald hills,sector 65,12.5,34722.0,4,4,3+,2.0,Relatively New,3600.0,1,1,0,0,0,0,56,900.0
flat,ramsons kshitij,sector 95,0.28,3651.0,2,2,2,5.0,New Property,694.0,0,0,0,0,1,0,0,383.5
house,dlf city phase 1,sector 26,5.5,30556.0,4,4,3+,2.0,Moderately Old,1800.0,0,0,1,1,0,0,49,450.0
house,naman residency,sector 4,0.5,11111.0,2,2,2,2.0,New Property,450.0,1,1,0,1,1,0,14,225.0
flat,orris carnation residency,sector 85,0.72,4881.0,3,3,2,9.0,Moderately Old,1350.0,0,0,0,0,1,0,49,491.6666666666667
flat,tulip violet,sector 69,1.36,8619.0,3,3,1,12.0,Relatively New,1291.0,0,0,0,1,0,0,95,526.0
flat,godrej frontier,sector 80,1.1,5705.0,3,3,3,8.0,Moderately Old,1580.0,0,1,0,0,0,0,111,642.6666666666666
flat,tulip violet,sector 69,1.95,9701.0,4,4,2,0.0,Relatively New,1819.0,0,0,0,0,0,0,157,502.5
flat,dlf new town heights,sector 86,1.27,6580.0,3,4,3,19.0,Relatively New,1800.0,0,1,0,1,0,0,126,643.3333333333334
flat,ss,sector 85,1.19,7121.0,2,2,3,11.0,Relatively New,1670.0,0,0,0,0,0,0,49,835.5
flat,bptp terra,sector 37d,2.08,10000.0,4,4,3,0.0,New Property,2211.0,1,1,0,1,0,0,121,520.0
flat,shapoorji pallonji joyville gurugram,sector 102,1.2,14563.0,2,2,3,0.0,Relatively New,1073.0,0,0,0,0,0,0,49,412.0
house,independent,sohna road,0.07,2527.0,1,1,0,1.0,Relatively New,33.0,0,0,0,0,0,0,0,277.0
house,international city by sobha phase 1,sector 109,5.7,10556.0,4,4,3+,4.0,Relatively New,5400.0,1,1,0,0,0,0,98,1350.0
house,nul,sector 25,9.5,33404.0,9,9,3+,3.0,Old Property,2844.0,0,0,0,0,1,0,81,316.0
flat,signature global city 81,sector 81,0.96,9766.0,2,2,2,1.0,Under Construction,1194.0,0,0,0,0,0,0,49,491.5
flat,dlf the ultima,sector 81,2.35,11233.0,3,4,3+,18.0,Relatively New,1558.0,0,1,0,0,0,0,106,697.3333333333334
flat,smart world orchard,sector 61,2.2,14203.0,3,3,2,4.0,New Property,1721.0,0,0,0,0,0,0,152,516.3333333333334
house,eldeco mansionz,sector 48,5.15,18885.0,5,7,3,2.0,Moderately Old,2727.0,0,1,0,1,0,1,145,545.4
flat,smart world orchard,sector 61,1.65,13750.0,2,2,2,1.0,Under Construction,1333.0,1,0,0,0,0,0,16,600.0
flat,unitech the residences,sector 33,1.35,8738.0,3,4,2,8.0,Moderately Old,1398.0,0,1,0,0,0,0,49,515.0
flat,signature global the millennia 3,sector 37d,0.5,7143.0,3,3,2,2.0,Under Construction,778.0,0,0,0,0,0,0,31,233.33333333333334
house,bptp visionnaire,sector 70a,6.0,22222.0,5,4,3,3.0,New Property,2700.0,1,0,0,0,0,0,40,540.0
flat,ats tourmaline,sector 109,2.1,8124.0,3,4,3+,11.0,Relatively New,2100.0,0,1,0,0,0,1,165,861.6666666666666
flat,tulip orange,sector 70,1.1,8148.0,3,2,2,5.0,Relatively New,1350.0,0,0,0,0,0,0,0,450.0
flat,huda ashok vihar phase,sector 4,0.43,6615.0,2,2,1,2.0,Relatively New,722.0,0,0,0,0,0,0,7,325.0
flat,deepak minda,manesar,1.25,4715.0,4,4,3+,6.0,Moderately Old,2946.0,0,0,0,0,0,1,44,662.75
flat,vatika seven elements,sector 89,1.6,8163.0,3,3,3,5.0,New Property,1774.0,0,0,0,0,0,0,58,653.3333333333334
flat,dlf the primus,sector 82a,2.6,11439.0,4,4,3+,2.0,Relatively New,2273.0,0,0,0,0,1,0,38,568.25
flat,vatika gurgaon,sector 83,1.4,7179.0,4,4,3,10.0,Relatively New,2167.0,0,1,0,0,0,0,35,487.5
flat,m3m merlin,sector 67,2.78,13581.0,3,3,3+,4.0,Relatively New,2047.0,0,0,0,1,0,1,157,682.3333333333334
flat,bestech park view residency,sector 2,0.56,8550.0,1,1,2,7.0,Moderately Old,722.0,0,0,0,0,0,0,92,655.0
flat,emaar palm premier,sector 77,2.1,10500.0,3,4,3+,11.0,New Property,1600.0,0,1,0,0,0,1,129,666.6666666666666
house,huda plots,sector 56,2.95,20359.0,2,2,2,1.0,Moderately Old,1449.0,0,0,0,0,0,0,31,724.5
flat,emaar mgf emerald floors,sector 65,2.6,15758.0,3,3,3+,3.0,Relatively New,1650.0,0,0,0,0,0,0,0,550.0
flat,imperia the esfera,sector 37,0.7,4878.0,2,3,3+,12.0,Under Construction,1299.0,1,0,0,0,1,0,58,717.5
house,independent,sector 25,10.85,38150.0,6,6,1,3.0,Relatively New,2844.0,0,0,1,0,0,1,136,474.0
flat,aditya apartment,manesar,1.0,4032.0,3,4,0,3.0,New Property,2480.0,0,0,0,0,0,0,0,826.6666666666666
house,independent,sector 4,0.55,6815.0,2,1,1,1.0,Moderately Old,75.0,0,0,0,0,0,0,0,403.5
house,independent,sector 31,3.69,23699.0,4,4,2,2.0,Moderately Old,1557.0,1,1,0,1,0,1,75,389.25
flat,ss the leaf,sector 85,2.0,8306.0,3,4,3,8.0,Relatively New,2179.0,0,1,0,0,0,0,21,802.6666666666666
flat,paras dews,sector 106,1.17,6648.0,3,4,3+,12.0,Relatively New,1186.0,0,1,0,0,0,0,49,586.6666666666666
house,independent,sector 12,1.5,11111.0,5,5,2,3.0,Old Property,1350.0,0,0,0,0,0,0,16,270.0
flat,aipl zen residences,sector 70a,1.25,9905.0,2,2,3,19.0,Relatively New,1402.0,0,0,0,0,0,0,0,631.0
flat,ansal api esencia,sector 67,1.2,7407.0,3,3,2,1.0,Relatively New,200.0,0,0,0,0,0,0,49,540.0
flat,bestech park view ananda,sector 81,0.9,6618.0,2,2,3,8.0,New Property,1231.0,0,0,0,0,1,0,60,680.0
flat,emaar mgf emerald estate,sector 65,1.7,21014.0,3,3,3,7.0,Relatively New,1081.0,1,0,0,0,0,1,116,269.6666666666667
flat,the close north,sector 50,2.65,11277.0,3,3,3+,3.0,Moderately Old,2491.0,0,1,0,0,0,0,174,783.3333333333334
flat,ashiana mulberry,sohna road,1.05,5412.0,2,2,3,1.0,New Property,1175.97,1,0,0,0,0,0,49,970.0
flat,ireo skyon,sector 60,3.7,13214.0,4,5,3,10.0,Relatively New,2534.0,0,1,0,0,0,1,165,700.0
house,independent,sector 57,3.49,20197.0,4,4,2,3.0,Moderately Old,1728.0,1,1,0,1,0,1,49,432.0
flat,bptp terra,sector 37d,1.65,8791.0,3,3,2,15.0,Relatively New,1699.0,0,0,0,0,0,0,116,625.6666666666666
flat,m3m ikonic,sector 68,1.8,9231.0,3,3,3+,18.0,Relatively New,1845.0,0,0,0,0,0,1,126,650.0
flat,m3m woodshire,sector 107,0.8,5857.0,2,2,3+,6.0,Relatively New,1204.0,0,0,0,1,0,1,174,683.0
house,project mianwali colony,sector 12,1.7,9444.0,1,1,2,1.0,Old Property,2000.0,0,0,0,0,0,0,0,1800.0
flat,hcbs sports ville,sohna road,0.27,4348.0,2,2,2,10.0,Relatively New,619.0,0,0,0,0,0,0,43,310.5
house,independent,sector 8,0.45,9000.0,1,1,1,3.0,Moderately Old,556.0,0,0,0,0,0,0,0,500.0
flat,paras dews,sector 106,0.87,9255.0,2,2,3+,1.0,New Property,1120.0,0,0,0,0,0,0,174,470.0
flat,m3m woodshire,sector 107,0.88,6442.0,2,2,3+,3.0,Relatively New,1236.0,0,0,0,0,0,0,99,683.0
flat,aardhya homesh,sector 67a,1.85,8043.0,4,4,0,4.0,New Property,2556.0,0,0,0,0,0,0,0,575.0
flat,pioneer park,sector 61,2.04,14624.0,3,3,3+,16.0,Moderately Old,1595.0,0,1,0,0,0,1,165,465.0
flat,dlf the ultima,sector 81,2.25,10553.0,3,3,3+,15.0,Relatively New,1929.0,0,1,0,0,0,2,165,710.6666666666666
flat,ireo the grand arch,sector 58,2.2,16000.0,2,2,2,6.0,Relatively New,1244.0,0,0,0,0,0,0,42,687.5
flat,signature andour heights,sector 71,0.39,9848.0,1,1,2,1.0,New Property,294.0,0,0,0,0,0,0,0,396.0
flat,ambience lagoon,sector 24,5.8,12500.0,3,4,3+,9.0,Old Property,3700.0,1,1,0,1,1,2,68,1546.6666666666667
flat,bestech park view ananda,sector 81,0.95,6985.0,2,2,2,13.0,Relatively New,1150.0,0,0,0,0,0,1,167,680.0
flat,shree vardhman flora,sector 90,0.7,5178.0,2,3,2,7.0,Relatively New,1502.0,1,0,0,0,0,1,49,676.0
flat,corona optus,sector 37,1.27,7204.0,3,3,3,2.0,Relatively New,1581.0,1,0,0,0,1,0,49,587.6666666666666
flat,raheja vedaanta,sector 108,1.25,5682.0,3,2,0,0.0,Relatively New,1991.0,0,0,0,0,0,1,65,733.3333333333334
flat,dlf the primus,sector 82a,2.85,10936.0,4,4,3+,2.0,New Property,2179.0,0,1,0,0,0,2,174,651.5
house,vipul tatvam villa,sector 48,7.25,27971.0,3,4,2,2.0,Moderately Old,2592.0,1,1,1,1,0,1,115,864.0
flat,signature global park,sohna road,0.75,6938.0,3,2,3+,4.0,New Property,1201.0,0,0,0,0,0,0,101,360.3333333333333
flat,indiabulls centrum park,sector 103,2.14,7443.0,4,6,3+,7.0,Relatively New,2718.0,0,1,0,0,0,0,142,718.75
flat,godrej nature plus,sector 33,1.07,7726.0,2,2,2,14.0,Under Construction,1253.0,0,0,0,0,0,0,68,692.5
flat,godrej air,sector 85,2.6,12212.0,3,3,3,17.0,Under Construction,2129.0,0,1,0,0,0,0,44,709.6666666666666
house,experion windchants,sector 112,9.5,23457.0,5,5,3,2.0,Relatively New,7450.0,0,1,0,0,0,0,45,810.0
flat,m3m woodshire,sector 107,1.3,10815.0,3,3,3,7.0,Relatively New,1547.0,0,0,0,1,0,0,89,400.6666666666667
flat,hsiidc sidco aravali,manesar,0.91,3516.0,3,3,3+,8.0,Moderately Old,1900.0,0,1,0,0,0,0,23,862.6666666666666
flat,paras dews,sector 106,1.14,6000.0,3,4,3,8.0,Relatively New,1305.0,1,1,0,0,0,0,49,633.3333333333334
house,independent,sector 9,0.6,10753.0,2,2,1,1.0,Moderately Old,558.0,0,0,0,0,0,0,8,279.0
flat,ramsons kshitij,sector 95,0.17,544.0,1,1,1,12.0,Relatively New,3569.0,0,0,0,0,0,0,56,3125.0
flat,rose apartment,sector 28,3.0,10482.0,3,5,3+,8.0,Old Property,2590.0,0,0,0,0,0,0,0,954.0
flat,ss the leaf,sector 85,1.31,7988.0,2,2,2,5.0,Relatively New,1822.0,0,1,0,0,0,0,89,820.0
flat,vatika sovereign park,sector 99,3.2,9922.0,4,4,0,5.0,Under Construction,3225.0,0,0,0,0,0,0,23,806.25
flat,paras dews,sector 106,1.0,7220.0,2,2,3+,2.0,New Property,940.0,0,0,0,0,0,1,21,692.5
flat,pareena mi casa,sector 68,1.85,9311.0,3,3,3+,13.0,Under Construction,1798.0,0,0,0,0,0,0,47,662.3333333333334
flat,satya the hermitage,sector 103,0.8,5517.0,2,2,0,10.0,Relatively New,1450.0,0,0,0,0,0,0,61,725.0
flat,signature global synera,sector 81,0.39,6500.0,2,2,2,6.0,Relatively New,667.0,0,0,0,0,0,0,37,300.0
house,independent,sector 49,4.45,15451.0,6,6,3,3.0,Moderately Old,2880.0,1,1,1,1,0,2,152,480.0
flat,signature global solera,sector 107,0.5,7752.0,3,2,2,6.0,Relatively New,717.0,0,0,0,0,1,0,49,215.0
house,independent,sector 55,1.45,26852.0,4,4,3+,4.0,Relatively New,60.0,0,0,1,0,0,0,70,135.0
flat,signature the serenas,sohna road,0.5,9398.0,2,2,2,6.0,New Property,591.0,0,0,0,0,0,0,37,266.0
flat,unitech uniworld city,sector 30,3.55,14992.0,3,5,3+,16.0,Old Property,2367.0,0,1,0,0,0,1,141,789.3333333333334
house,unitech uniworld resorts,sector 33,8.0,11429.0,4,4,3+,2.0,Old Property,7000.0,1,1,1,1,0,0,77,1750.0
house,independent,sector 4,4.12,8889.0,2,1,3+,2.0,Moderately Old,4635.0,0,0,0,0,0,0,0,2317.5
house,ansal heights,sector 92,2.75,9793.0,4,4,3+,3.0,Relatively New,5000.0,1,0,0,1,0,0,0,702.0
flat,sare green parc phase 3,sector 92,1.1,6875.0,4,3,2,12.0,New Property,1778.0,0,0,0,0,0,0,15,400.0
flat,bestech park view sanskruti,sector 92,1.6,7547.0,3,3,3,10.0,Relatively New,1765.0,0,1,0,0,0,1,60,706.6666666666666
house,smart world gems,sector 89,1.25,8784.0,3,3,2,1.0,Under Construction,1423.0,1,0,0,0,1,0,45,474.3333333333333
flat,ss the coralwood,sector 84,1.1,4857.0,3,3,2,9.0,Relatively New,1584.0,0,0,0,0,0,0,75,755.0
flat,tarc maceo,sector 91,0.89,6339.0,2,2,3+,9.0,Relatively New,1302.0,0,0,0,0,1,1,13,702.0
flat,emaar mgf the palm drive,sector 66,3.4,15455.0,3,4,3,9.0,Relatively New,2200.0,0,1,1,0,0,1,96,733.3333333333334
house,independent,sector 17,3.0,11111.0,4,4,0,1.0,Old Property,3000.0,0,0,0,0,0,0,0,675.0
house,sector 14 rwa,sector 14,5.51,16990.0,3,3,2,4.0,Moderately Old,3249.0,0,0,0,0,0,0,14,1081.0
flat,on request,sector 103,1.69,9145.0,3,3,3+,8.0,Relatively New,1670.0,0,0,0,0,0,0,49,616.0
flat,the close north,sector 50,2.75,12500.0,3,3,3,3.0,Moderately Old,2400.0,0,1,0,0,0,0,110,733.3333333333334
house,unitech espace,sector 50,10.3,31790.0,5,6,3+,3.0,Moderately Old,3240.0,1,1,1,1,0,1,160,648.0
flat,sidhartha ncr greens,sector 95,0.56,5657.0,2,2,3,13.0,New Property,896.0,0,0,0,0,0,0,8,495.0
flat,lig flat,sector 40,1.5,5556.0,1,1,0,0.0,Relatively New,300.0,0,0,0,0,0,0,0,2700.0
flat,godrej nature plus,sector 33,1.27,9183.0,2,2,3+,9.0,Under Construction,1252.0,0,0,0,0,0,0,38,691.5
flat,spire woods now ananda by alpha corp,sector 103,1.25,6902.0,3,4,3,11.0,Under Construction,2012.0,1,1,0,0,0,0,105,603.6666666666666
flat,emaar mgf palm terraces,sector 66,4.5,10598.0,5,5,3+,11.0,New Property,3321.0,0,1,0,0,0,0,105,849.2
flat,mittal surya vihar,sector 21,1.4,5833.0,5,4,2,2.0,Moderately Old,2172.0,0,0,0,0,0,0,0,480.0
flat,green court,sector 90,0.4,6390.0,2,2,1,8.0,New Property,575.0,0,0,0,0,0,0,20,313.0
flat,maruti vihar,sector 28,1.0,9091.0,1,1,1,1.0,Old Property,995.0,1,0,0,1,0,1,80,1100.0
flat,tulip violet,sector 69,3.25,10106.0,4,5,3+,14.0,Relatively New,2910.0,0,0,0,1,1,0,20,804.0
flat,smart world gems,sector 89,1.3,9136.0,3,3,2,2.0,New Property,1581.0,1,0,0,0,0,0,44,474.3333333333333
flat,park view apartment,sector 56,1.74,7565.0,3,3,3+,2.0,Old Property,2400.0,0,1,0,1,0,1,104,766.6666666666666
flat,apna enclave,sector 3,0.55,5789.0,2,2,2,2.0,Old Property,900.0,0,0,0,0,0,0,66,475.0
flat,godrej air,sector 85,1.3,14541.0,2,2,3,30.0,Under Construction,1130.0,0,0,0,0,0,0,111,447.0
house,independent,sector 17,0.29,3255.0,2,1,0,0.0,Old Property,891.0,0,0,0,0,0,0,0,445.5
house,independent,sector 41,7.25,29293.0,9,8,3,4.0,Old Property,2475.0,0,1,0,0,0,1,94,275.0
house,smart world orchard,sector 61,2.01,13001.0,3,3,3,4.0,Under Construction,1549.0,0,0,0,0,0,0,145,515.3333333333334
flat,vatika city,sector 49,1.79,12786.0,3,3,3,9.0,Old Property,1556.0,0,1,0,0,0,0,38,466.6666666666667
flat,ramprastha primera,sector 37d,1.2,13333.0,3,3,3,5.0,Relatively New,1000.0,0,0,1,0,0,0,50,300.0
house,independent,sector 108,1.7,5667.0,4,4,3+,1.0,Moderately Old,3000.0,0,0,0,0,0,0,0,750.0
flat,aipl the peaceful homes,sector 70a,1.6,9587.0,2,2,2,22.0,Moderately Old,1416.0,0,0,0,0,0,0,86,834.5
flat,raheja sampada,sector 92,0.9,6569.0,3,2,3,11.0,Relatively New,1240.0,0,0,0,0,0,0,88,456.6666666666667
flat,sbtl caladium,sector 109,1.9,6219.0,4,4,3,8.0,Relatively New,2765.0,0,1,0,0,0,0,151,763.75
flat,adani oyster greens,sector 102,1.9,10058.0,3,3,3+,9.0,Relatively New,2099.0,1,0,1,1,0,0,0,629.6666666666666
flat,microtek greenburg,sector 86,1.25,8446.0,3,4,3,0.0,Relatively New,1339.0,1,0,0,0,0,0,49,493.3333333333333
flat,bestech spa signature,sector 81,4.45,10595.0,4,4,3+,8.0,Relatively New,3850.0,1,1,0,1,1,1,49,1050.0
flat,dlf the arbour,sector 63,7.9,20000.0,4,4,3+,34.0,Under Construction,3950.0,0,0,0,0,0,0,61,987.5
house,aindependentt raj estates,sector 63a,8.5,27139.0,6,6,3+,3.0,Under Construction,3132.0,0,0,1,1,0,0,29,522.0
flat,ireo uptown,sector 66,2.4,13065.0,3,2,3,5.0,Relatively New,1700.0,0,1,0,0,0,1,156,612.3333333333334
flat,la vida by tata housing,sector 113,1.5,11755.0,2,2,2,13.0,New Property,1155.0,0,0,0,0,0,0,60,638.0
flat,ramprastha the edge towers,sector 37d,0.98,5537.0,3,3,3+,5.0,Relatively New,1675.0,0,0,0,1,0,0,174,590.0
flat,m3m heights,sector 65,2.29,15980.0,2,2,3,8.0,Under Construction,1592.0,1,0,0,0,0,0,15,716.5
flat,chd avenue,sector 71,1.3,5532.0,4,4,3,5.0,Moderately Old,2127.0,0,1,0,0,0,0,126,587.5
flat,birla navya,sector 63a,3.15,14631.0,3,3,3,4.0,Under Construction,2153.0,0,0,0,0,1,0,44,717.6666666666666
flat,assotech blith,sector 99,1.6,6667.0,3,4,0,15.0,New Property,2400.0,0,0,0,0,0,0,51,800.0
flat,dlf park place,sector 54,5.75,24689.0,3,4,3,12.0,Relatively New,2329.0,0,1,0,0,0,2,174,776.3333333333334
house,dlf floors phase 3,sector 24,3.51,12342.0,4,4,3,4.0,Under Construction,2844.0,1,1,1,1,0,1,160,711.0
flat,pyramid urban homes 2,sector 86,0.41,6902.0,2,2,1,3.0,Relatively New,668.0,0,0,0,0,0,0,63,297.0
flat,bestech park view grand spa,sector 81,2.29,8609.0,3,4,3+,10.0,Relatively New,2315.0,1,1,0,0,0,2,174,886.6666666666666
house,emaar mgf marbella,sector 66,9.01,16066.0,4,4,3+,3.0,Relatively New,5574.7,0,1,1,0,0,0,122,1402.0
flat,m3m soulitude,sector 89,1.25,8784.0,3,3,2,3.0,New Property,1581.0,1,0,0,0,0,0,49,474.3333333333333
flat,m3m golfestate,sector 65,13.2,12000.0,4,4,3,13.0,Moderately Old,12222.0,0,1,0,0,0,0,60,2750.0
flat,rof ananda,sector 95,0.55,8527.0,3,2,2,14.0,New Property,811.0,1,0,0,0,0,1,81,215.0
flat,indiabulls centrum park,sector 103,1.05,5859.0,2,2,3,1.0,Relatively New,1365.0,0,0,0,0,0,1,51,896.0
flat,ss the leaf,sector 85,1.2,7317.0,2,2,3,6.0,Relatively New,1300.0,0,0,0,0,0,1,174,820.0
flat,shree vardhman victoria,sector 70,1.1,8462.0,2,2,2,8.0,Relatively New,1444.0,0,0,0,0,0,0,101,650.0
flat,ats triumph,sector 104,1.85,8079.0,3,3,3+,24.0,Relatively New,2072.0,0,1,0,0,0,0,174,763.3333333333334
flat,sanskriti apartment,sector 10,1.1,6667.0,3,3,3,2.0,Moderately Old,1833.0,0,0,0,0,0,0,22,550.0
flat,ss the leaf,sector 85,1.2,9677.0,2,2,3+,9.0,Relatively New,1491.0,0,0,1,0,0,0,148,620.0
flat,shapoorji pallonji joyville gurugram,sector 102,1.26,10040.0,2,2,2,10.0,Relatively New,1100.0,0,0,0,0,0,0,108,627.5
flat,signature global solera,sector 107,0.28,5622.0,2,2,2,14.0,Relatively New,543.0,0,0,0,0,0,0,38,249.0
flat,tulip violet,sector 69,1.5,10714.0,3,3,2,8.0,Relatively New,1492.0,0,0,0,1,0,1,174,466.6666666666667
flat,vatika the seven lamps,sector 82,1.6,6598.0,4,5,3+,8.0,Relatively New,2195.0,0,1,0,0,0,0,133,606.25
house,independent,sector 2,4.95,20370.0,6,5,3+,3.0,Relatively New,2430.0,0,1,0,0,0,0,91,405.0
flat,godrej,sector 79,1.91,8512.0,3,4,3+,7.0,Relatively New,2031.0,0,1,0,0,0,0,158,748.0
flat,signature global park,sohna road,0.56,6813.0,2,2,3,3.0,New Property,913.0,0,0,0,0,0,0,81,411.0
flat,experion windchants,sector 112,4.75,12623.0,3,5,3+,4.0,Relatively New,3405.0,0,1,0,0,0,1,42,1254.3333333333333
house,international city by sobha phase 1,sector 109,12.0,20000.0,5,6,3,2.0,Relatively New,7000.0,1,1,0,0,0,1,154,1200.0
house,independent,sector 45,17.0,37778.0,5,8,3+,3.0,Relatively New,4500.0,1,1,1,1,0,2,152,900.0
flat,shapoorji pallonji joyville gurugram,sector 102,0.95,10383.0,2,2,2,14.0,Relatively New,915.0,0,0,0,0,0,0,0,457.5
flat,ild grand centra,sector 37,0.95,5220.0,3,1,0,0.0,Relatively New,1820.0,0,0,0,0,0,0,0,606.6666666666666
flat,m3m golfestate,sector 79,1.4,10000.0,2,2,2,4.0,Relatively New,1556.0,1,1,1,0,0,2,83,700.0
flat,the close north,sector 50,2.65,10685.0,3,4,3+,6.0,Moderately Old,2470.0,0,1,0,0,0,1,174,826.6666666666666
flat,experion windchants,sector 112,4.25,11294.0,3,5,2,15.0,Relatively New,3000.0,0,1,0,1,0,0,72,1254.3333333333333
flat,central park resorts,sector 48,5.15,20901.0,3,3,3+,8.0,Moderately Old,2364.0,0,1,0,0,0,2,53,821.3333333333334
house,international city by sobha phase 2,sector 109,7.0,12963.0,4,4,3+,2.0,Relatively New,5400.0,0,0,0,0,0,1,102,1350.0
flat,the cocoon,dwarka expressway,2.0,13333.0,3,3,3,5.0,New Property,1357.0,0,0,0,0,0,0,0,500.0
flat,emaar palm gardens,sector 83,1.75,9211.0,3,3,3+,11.0,Relatively New,1549.0,0,1,0,0,0,0,120,633.3333333333334
flat,signature global city 92,sector 92,0.78,8050.0,2,2,2,2.0,New Property,1083.0,0,0,0,0,0,1,47,484.5
house,independent,sohna road,0.5,5556.0,2,1,2,1.0,Moderately Old,900.0,0,0,0,0,0,0,0,450.0
flat,puri emerald bay,sector 104,2.6,15160.0,3,4,3+,5.0,Relatively New,2061.0,1,1,0,0,0,0,81,571.6666666666666
flat,dlf regal gardens,sector 90,1.26,7403.0,3,3,3,6.0,Relatively New,1603.0,0,0,0,0,1,1,28,567.3333333333334
flat,experion windchants,sector 112,3.1,20667.0,2,2,3,9.0,Relatively New,1500.0,1,1,1,0,0,1,80,750.0
flat,ireo the corridors,sector 67a,2.0,11429.0,3,3,3,12.0,New Property,1584.0,1,0,0,0,0,0,38,583.3333333333334
flat,sare green parc,sector 92,0.75,4820.0,3,2,2,16.0,Relatively New,1556.0,0,0,0,0,0,0,0,518.6666666666666
flat,zara aavaas,sector 104,0.49,6577.0,3,2,2,7.0,Under Construction,695.0,0,0,0,0,0,0,74,248.33333333333334
flat,mvn athens,sohna road,0.26,5394.0,2,2,1,5.0,Relatively New,535.0,0,0,0,0,0,0,95,241.0
flat,birla navya,sector 63a,2.1,16667.0,2,2,2,2.0,Under Construction,1400.0,0,0,0,0,0,0,38,630.0
flat,emaar mgf emerald floors premier,sector 65,2.24,13576.0,3,3,3,2.0,Relatively New,1833.0,1,1,0,0,0,0,46,550.0
flat,bptp terra,sector 37d,1.55,8559.0,3,3,3+,11.0,Relatively New,1639.0,0,0,0,0,0,0,79,603.6666666666666
flat,godrej air,sector 85,1.8,13139.0,3,3,3,30.0,Under Construction,141.0,0,0,0,0,0,0,45,456.6666666666667
house,independent,sector 2,5.7,22637.0,9,9,3+,3.0,Moderately Old,2430.0,0,0,0,1,0,1,0,279.77777777777777
flat,the serenas,sector 36,0.42,7910.0,2,2,1,3.0,New Property,590.0,0,0,0,0,0,0,0,265.5
flat,indiabulls centrum park,sector 103,1.35,7542.0,3,3,3+,3.0,Relatively New,1620.0,1,0,0,0,0,1,168,596.6666666666666
flat,ss the leaf,sector 85,1.04,5974.0,2,3,3+,4.0,Relatively New,1576.0,0,0,1,0,0,0,113,870.5
flat,emaar gurgaon greens,sector 102,1.45,8788.0,3,3,3,7.0,Relatively New,1493.0,0,1,0,0,0,0,159,550.0
flat,smart world orchard,sector 61,1.5,12500.0,2,2,2,2.0,Under Construction,1333.0,1,0,0,0,0,0,49,600.0
flat,bptp terra,sector 37d,1.65,7531.0,4,3,3+,6.0,Relatively New,2091.0,0,0,0,0,0,1,149,547.75
flat,sagar apartment,sector 56,1.45,7250.0,3,3,3+,7.0,Old Property,1900.0,1,1,0,1,1,0,166,666.6666666666666
flat,m3m golfestate,sector 65,4.95,15906.0,3,3,3,10.0,Relatively New,2816.0,0,1,0,0,0,1,82,1037.3333333333333
flat,dlf royalton tower,sector 43,6.2,20687.0,4,4,3+,9.0,Moderately Old,2712.0,0,1,0,0,0,0,7,749.25
flat,vipul lavanya,sector 81,0.65,5263.0,2,2,2,14.0,Moderately Old,985.0,0,0,0,0,0,0,96,617.5
flat,vatika city,sector 49,2.65,11773.0,3,4,3,11.0,Moderately Old,2251.0,0,1,0,1,0,1,140,750.3333333333334
flat,imt view society,manesar,0.95,3652.0,3,4,3,6.0,Moderately Old,2232.0,0,1,0,0,0,0,81,867.0
flat,la vida by tata housing,sector 113,1.5,11755.0,2,2,2,13.0,New Property,1418.0,0,0,0,0,0,0,71,638.0
flat,umang winter hills,sector 77,0.71,5306.0,2,2,2,6.0,Relatively New,1057.0,1,0,0,0,0,0,108,669.0
flat,tulip violet,sector 69,1.78,8856.0,4,4,2,10.0,Relatively New,1819.0,0,0,0,1,0,1,156,502.5
house,independent,sector 26,13.5,29880.0,5,5,3+,2.0,Relatively New,4518.0,1,1,0,1,1,2,49,903.6
house,emaar mgf marbella,sector 66,9.0,21251.0,4,4,3+,2.0,Relatively New,5200.0,0,1,1,1,0,1,114,1058.75
flat,vatika xpressions,sector 88,0.92,7360.0,2,2,2,3.0,Relatively New,1300.0,0,0,0,1,0,0,174,625.0
flat,dlf new town heights,sector 90,1.25,6504.0,3,3,3+,5.0,Relatively New,1929.0,0,1,0,1,0,0,127,640.6666666666666
house,huda,sector 38,3.5,24005.0,3,2,3,2.0,Moderately Old,1458.0,0,0,1,0,0,1,85,486.0
house,sushant lok 1 builder floors,sector 43,1.95,10078.0,3,4,3+,4.0,New Property,1935.0,0,1,0,0,0,1,78,645.0
flat,vatika gurgaon,sector 83,1.1,6051.0,3,3,3,12.0,Relatively New,1570.0,0,1,0,0,0,1,66,606.0
flat,conscient heritage max,sector 102,2.15,10005.0,3,4,3+,18.0,Relatively New,1945.0,1,1,0,0,0,1,134,716.3333333333334
flat,unitech fresco,sector 50,1.14,8533.0,2,2,2,19.0,Moderately Old,1330.0,0,0,0,0,1,1,174,668.0
flat,godrej nature plus serenity,sector 33,1.45,8677.0,3,2,3,3.0,Under Construction,1512.0,0,0,0,0,0,0,49,557.0
flat,ats tourmaline,sector 109,1.4,8000.0,3,3,3+,9.0,Relatively New,1584.0,0,0,0,0,0,0,95,583.3333333333334
flat,godrej oasis,sector 88a,2.65,16751.0,3,3,3+,10.0,New Property,1582.0,0,0,0,0,0,0,110,527.3333333333334
flat,satya the hermitage,sector 103,0.99,6653.0,3,4,3+,2.0,Relatively New,1731.0,0,1,0,1,0,0,174,496.0
flat,ambience caitriona,sector 24,14.0,22222.0,4,5,3,3.0,Old Property,6300.0,0,0,0,0,0,0,0,1575.0
flat,ansal harmony homes,sector 57,1.12,10667.0,2,2,1,0.0,Old Property,950.0,0,0,0,0,0,0,72,525.0
house,ansals florence villa,sector 57,3.3,19820.0,4,3,3+,2.0,Moderately Old,1665.0,1,1,1,1,0,0,151,416.25
flat,tulip violet,sector 69,1.55,9823.0,3,3,2,0.0,Relatively New,1428.0,0,0,0,1,0,1,129,526.0
flat,smart world orchard,sector 61,1.7,15004.0,2,2,2,4.0,Under Construction,1278.0,0,0,0,0,0,0,24,566.5
flat,signature the roselia,sector 95,0.45,7909.0,2,2,2,2.0,New Property,632.0,0,0,0,0,0,1,31,284.5
flat,sbtl caladium,sector 109,1.35,7181.0,3,2,3+,12.0,Relatively New,1477.0,0,0,0,0,0,0,128,626.6666666666666
flat,emaar gurgaon greens,sector 102,1.35,10800.0,3,4,3+,9.0,Relatively New,1400.0,0,1,0,1,0,1,174,416.6666666666667
flat,awho shanti vihar,sector 95,0.8,8889.0,2,2,3,9.0,New Property,713.0,1,0,0,0,0,0,67,450.0
flat,raheja navodaya,sector 92,0.85,4271.0,3,3,3,2.0,Relatively New,1801.0,0,0,0,0,0,0,100,663.3333333333334
flat,dlf new town heights,sector 90,1.99,7297.0,4,4,3+,9.0,Relatively New,3030.0,0,1,0,1,0,1,102,681.75
flat,sbtl caladium,sector 109,1.7,6680.0,3,3,3+,9.0,Relatively New,2303.0,0,1,0,0,0,0,159,848.3333333333334
flat,valley view estate,gwal pahari,1.5,7489.0,4,4,3+,10.0,Moderately Old,1850.0,0,0,0,0,0,0,58,500.75
flat,signature global the millennia 3,sector 37d,0.45,7627.0,2,3,2,8.0,Under Construction,656.0,0,0,0,0,0,0,8,295.0
house,independent,sector 56,8.0,9654.0,10,10,3+,4.0,Relatively New,8286.0,1,1,0,1,0,2,107,828.7
flat,kendriya vihar,sector 56,0.58,9587.0,1,1,1,1.0,Old Property,672.0,0,0,0,0,0,0,77,605.0
flat,green court,sector 90,0.5,8333.0,2,2,1,8.0,New Property,650.0,0,0,0,0,0,0,42,300.0
flat,conscient heritage max,sector 102,2.0,9307.0,3,4,3+,13.0,Relatively New,1900.0,1,1,0,0,0,1,174,716.3333333333334
flat,kendriya vihar,sector 56,0.65,8609.0,1,1,1,0.0,Moderately Old,839.0,0,0,0,0,0,0,143,755.0
flat,signature the serenas,sohna road,0.42,7910.0,2,2,1,12.0,New Property,590.0,0,0,0,0,0,0,54,265.5
flat,awho shanti vihar,sector 95,0.82,9880.0,2,2,3+,13.0,New Property,1095.0,1,0,0,0,0,0,114,415.0
flat,paras dews,sector 106,1.15,6053.0,3,4,3,5.0,Relatively New,1305.0,1,1,0,0,0,0,49,633.3333333333334
flat,ambience creacions,sector 22,4.3,13916.0,3,4,3+,6.0,Relatively New,2600.0,0,1,0,0,1,2,120,1030.0
flat,aipl the peaceful homes,sector 70a,2.5,11628.0,3,3,3+,15.0,Relatively New,1723.0,0,0,0,0,1,1,174,716.6666666666666
flat,indiabulls centrum park,sector 103,1.65,8250.0,3,3,3+,15.0,Relatively New,1683.0,1,0,0,0,0,0,38,666.6666666666666
flat,godrej aria,sector 79,1.45,9062.0,2,2,3+,9.0,Relatively New,1494.0,1,0,0,0,0,0,113,800.0
flat,shreeram apartment ii,sector 4,0.21,4667.0,1,1,1,2.0,Relatively New,500.0,0,0,0,0,0,0,7,450.0
flat,ild greens,sector 37,0.75,5245.0,2,2,3+,13.0,Relatively New,1430.0,0,0,0,0,0,0,51,715.0
flat,emaar palm gardens,sector 83,1.48,7789.0,3,3,3,7.0,Relatively New,1549.0,0,1,0,0,0,0,66,633.3333333333334
flat,central park 2 bellevue,sector 48,5.0,11628.0,3,4,3,14.0,Moderately Old,4778.0,0,0,0,0,0,0,82,1433.3333333333333
flat,eldeco accolade,sohna road,0.85,6725.0,2,2,3,10.0,New Property,978.0,0,0,0,0,0,0,72,632.0
flat,shree vardhman victoria,sector 70,1.64,8410.0,3,5,3,8.0,Relatively New,1527.0,0,1,0,0,0,0,126,650.0
flat,puri diplomatic greens,sector 111,3.45,11695.0,4,5,3+,9.0,Relatively New,2670.0,0,1,0,0,0,0,68,737.5
flat,rof ananda,sector 95,0.31,5647.0,2,2,1,5.0,Relatively New,610.0,0,0,0,1,0,1,74,274.5
flat,breez global heights,sohna road,0.46,4842.0,2,2,2,4.0,Relatively New,800.0,0,0,0,0,0,2,93,475.0
flat,m3m one key resiments,sector 67,0.8,13115.0,1,1,0,0.0,Relatively New,610.0,0,0,0,0,0,0,0,610.0
flat,orchid petals,sector 49,1.9,10526.0,3,3,3,9.0,Moderately Old,2006.0,0,1,0,0,0,1,95,601.6666666666666
flat,central park flower valley,sector 33,2.2,10476.0,3,3,3,12.0,New Property,1900.0,0,1,0,0,0,1,49,700.0
flat,bestech park view ananda,sector 81,1.35,7542.0,3,3,3+,10.0,Moderately Old,1438.0,0,0,1,0,0,1,72,596.6666666666666
house,dlf city phase 1,sector 26,5.5,30556.0,4,4,3,2.0,Moderately Old,1800.0,1,1,0,1,0,0,69,450.0
flat,smart world orchard,sector 61,1.6,13913.0,2,2,2,3.0,New Property,1278.0,1,0,0,0,0,0,122,575.0
flat,la vida by tata housing,sector 113,3.35,12444.0,4,4,3+,11.0,Relatively New,2991.0,1,1,0,0,0,1,174,673.0
house,vipul tatvam villa,sector 48,7.8,23145.0,4,4,3+,2.0,Relatively New,3240.0,1,1,1,1,0,1,145,842.5
flat,ansal housing highland park,sector 103,0.8,5878.0,2,2,2,9.0,Relatively New,1361.0,0,0,0,0,0,0,0,680.5
flat,mapsko mount ville,sector 79,1.3,8025.0,3,3,3+,1.0,Relatively New,1213.0,0,0,0,0,0,1,140,540.0
flat,sare homes,sector 92,0.8,5253.0,3,3,3,7.0,Relatively New,1692.0,1,0,0,0,0,1,80,507.6666666666667
flat,experion the heartsong,sector 108,1.36,6542.0,3,2,3+,2.0,Relatively New,1343.0,1,1,0,0,0,1,77,693.0
house,independent,sector 31,4.6,32258.0,2,2,2,2.0,Moderately Old,1426.0,0,0,0,0,0,0,0,713.0
flat,m3m skycity,sector 65,2.0,15267.0,2,2,2,16.0,New Property,1186.0,0,0,0,0,0,1,174,655.0
flat,ansal heights,sector 92,0.72,4500.0,3,3,3,9.0,Relatively New,1700.0,0,1,0,0,0,0,49,533.3333333333334
flat,emaar palm gardens,sector 83,1.76,9263.0,3,3,3,5.0,Relatively New,1600.0,0,1,0,0,0,1,174,633.3333333333334
flat,birla navya,sector 63a,3.23,26872.0,3,3,3,4.0,New Property,1202.0,0,1,0,0,0,0,52,400.6666666666667
flat,bestech park view grand spa,sector 81,4.2,10000.0,4,4,3+,25.0,Relatively New,3512.0,0,1,0,0,0,1,90,1050.0
house,independent,sector 7,3.85,14650.0,4,4,3,3.0,Old Property,2628.0,0,0,0,0,0,0,27,657.0
flat,puri emerald bay,sector 104,1.8,8824.0,2,3,3,23.0,New Property,1538.0,0,1,0,0,0,0,36,1020.0
house,independent,sector 8,1.6,3186.0,4,6,1,3.0,Relatively New,558.0,0,0,0,0,0,0,0,1255.5
house,emaar mgf marbella,sector 66,8.7,38667.0,4,5,2,3.0,New Property,2250.0,1,1,0,0,0,0,144,562.5
flat,kiran residency,sector 56,1.5,7500.0,3,3,3+,4.0,Relatively New,1900.0,0,1,0,0,0,1,126,666.6666666666666
house,shree krishna homes,sector 104,0.48,5556.0,2,2,1,1.0,New Property,795.0,1,0,0,1,1,0,44,432.0
flat,mapsko mount ville,sector 79,1.2,8054.0,3,3,3+,24.0,Relatively New,1154.0,0,0,0,0,0,1,135,496.6666666666667
house,independent,sector 11,0.95,7308.0,5,3,0,1.0,Moderately Old,1300.0,0,0,0,0,0,0,0,260.0
flat,ss,sector 85,2.17,7717.0,4,4,3,7.0,Relatively New,2600.0,1,1,0,1,0,0,49,703.0
flat,pareena coban residences,sector 99,1.38,7150.0,4,5,3+,1.0,Relatively New,2150.0,0,1,0,0,1,0,49,482.5
flat,shree vardhman flora,sector 90,0.65,4962.0,2,2,3,11.0,Relatively New,1225.0,1,0,0,0,0,1,49,655.0
house,landmark house,sector 43,2.75,25463.0,3,3,1,2.0,Moderately Old,1080.0,0,0,0,1,0,0,21,360.0
flat,bestech park view city,sector 49,3.0,12589.0,4,4,3,5.0,Moderately Old,2200.0,0,1,0,1,0,1,141,595.75
flat,emaar mgf emerald floors premier,sector 65,2.8,16970.0,3,3,3+,3.0,Relatively New,1650.0,1,1,0,0,0,1,38,550.0
flat,the penthouses at the hibiscus,sector 50,8.0,8888.0,4,3,3,7.0,Moderately Old,10000.0,0,1,0,0,0,0,35,2250.25
flat,m3m skycity,sector 65,2.8,15317.0,3,3,0,14.0,Relatively New,1828.0,0,0,0,0,0,0,39,609.3333333333334
house,independent,sector 57,7.25,26852.0,9,9,3+,2.0,New Property,2700.0,0,1,0,1,1,1,49,300.0
house,independent,sector 28,11.25,34722.0,9,9,3+,2.0,Moderately Old,3240.0,0,1,1,1,0,1,126,360.0
house,experion windchants,sector 112,7.99,12520.0,4,6,3,2.0,New Property,6382.0,0,1,1,1,0,1,129,1595.5
flat,experion windchants,sector 112,3.4,12134.0,3,3,2,14.0,Relatively New,2225.56,0,0,0,0,0,1,159,934.0
house,independent,sector 7,8.0,22222.0,4,5,3+,1.0,Old Property,3600.0,1,1,0,1,0,0,31,900.0
flat,m3m woodshire,sector 107,1.2,6176.0,3,3,3,7.0,Relatively New,1750.0,0,0,0,0,0,1,49,647.6666666666666
flat,emaar mgf emerald floors premier,sector 65,2.25,13636.0,3,3,3+,3.0,Relatively New,1493.0,1,1,0,0,0,0,152,550.0
flat,shapoorji pallonji joyville gurugram,sector 102,0.97,16441.0,2,2,2,10.0,Relatively New,742.0,0,0,0,0,0,0,151,295.0
house,independent,sector 11,1.8,8079.0,8,5,2,1.0,Moderately Old,2476.0,0,0,0,0,0,0,0,278.5
flat,raheja navodaya,sector 92,1.1,4681.0,3,2,3,0.0,Relatively New,2350.0,0,0,0,0,0,0,0,783.3333333333334
flat,prasha apartments,manesar,0.75,3308.0,3,3,3+,3.0,Moderately Old,1914.0,0,1,0,0,0,0,31,755.6666666666666
house,independent,sector 105,1.35,3857.0,5,3,3,3.0,Moderately Old,3500.0,0,0,0,0,0,0,0,700.0
flat,ambience creacions,sector 22,6.16,20533.0,4,5,3+,10.0,New Property,3333.0,0,1,0,1,0,1,49,750.0
flat,ireo victory valley,sector 67,4.55,14537.0,4,4,3+,19.0,Relatively New,2833.0,0,1,0,0,0,1,156,782.5
flat,hsiidc sidco shivalik apartments,manesar,0.48,3840.0,2,2,3,7.0,Moderately Old,993.0,0,0,0,0,0,0,88,625.0
house,independent,sector 41,11.0,33951.0,4,4,2,3.0,New Property,3240.0,1,1,0,1,0,1,35,810.0
flat,nbcc heights,sector 89,0.75,6579.0,2,2,2,6.0,Moderately Old,1032.0,0,0,0,0,0,0,0,570.0
flat,pyramid urban homes 2,sector 86,0.5,8319.0,2,2,1,2.0,Relatively New,668.0,0,0,0,0,0,0,35,300.5
house,independent,sector 39,0.34,7556.0,1,1,1,1.0,Relatively New,450.0,0,0,0,0,0,0,0,450.0
flat,ss the leaf,sector 85,1.06,6344.0,2,2,2,12.0,Relatively New,1512.0,0,0,0,0,0,0,44,835.5
flat,godrej aria,sector 79,1.69,8522.0,3,3,2,7.0,Relatively New,1795.0,0,0,0,0,0,0,112,661.0
flat,corona optus,sector 37,1.22,6912.0,3,4,3,5.0,Relatively New,1665.0,0,0,0,0,0,0,149,588.3333333333334
flat,adani m2k oyster grande,sector 102,1.8,9529.0,3,4,3,17.0,Relatively New,1710.0,0,1,0,0,0,0,49,629.6666666666666
flat,ramsons kshitij,sector 95,0.22,6471.0,1,1,1,2.0,New Property,308.0,0,0,0,0,0,0,0,340.0
house,dlf new town heights,sector 86,2.5,7058.0,4,4,3+,3.0,Moderately Old,3400.0,1,1,1,1,0,1,142,885.5
flat,bestech park view grand spa,sector 81,2.91,9137.0,4,5,2,6.0,Relatively New,3017.0,0,1,0,0,0,1,101,796.25
house,eros rosewood villas,sector 49,2.8,15556.0,3,3,3,2.0,Moderately Old,1800.0,0,0,0,1,0,0,68,600.0
flat,tulip violet,sector 69,1.4,8929.0,3,3,1,12.0,Relatively New,1419.0,0,0,0,0,0,0,157,522.6666666666666
flat,godrej nature plus,sector 33,1.65,14335.0,2,2,3,1.0,Under Construction,1279.0,0,0,0,0,0,0,38,575.5
house,independent,sector 5,0.7,7007.0,2,3,1,1.0,Relatively New,999.0,0,0,1,1,0,0,29,499.5
house,independent,sector 11,0.44,4251.0,3,2,1,1.0,Relatively New,128.0,0,0,0,1,1,0,46,345.0
flat,signature global city,sector 37d,1.1,8494.0,3,3,2,2.0,Under Construction,1439.0,0,0,0,0,0,0,36,431.6666666666667
flat,paras dews,sector 106,1.25,11062.0,3,4,3+,7.0,Relatively New,1186.0,1,1,0,0,0,0,167,376.6666666666667
flat,puri emerald bay,sector 104,1.59,10905.0,2,2,2,12.0,Relatively New,1403.0,0,0,0,0,0,0,121,729.0
flat,ireo uptown,sector 66,4.85,12999.0,4,4,3+,15.0,Relatively New,3500.0,1,1,1,1,0,1,156,932.75
flat,dlf the ultima,sector 81,3.45,12013.0,4,4,3+,10.0,New Property,2599.0,0,1,0,0,0,2,165,718.0
house,independent,sector 24,3.25,30374.0,4,4,3,3.0,Old Property,1070.0,0,0,0,0,0,0,15,267.5
flat,experion windchants,sector 112,3.65,12310.0,3,4,3+,14.0,Relatively New,2225.56,0,1,0,0,0,1,150,988.3333333333334
house,independent,sector 105,0.38,8444.0,2,2,2,1.0,Moderately Old,56.0,0,0,0,0,0,0,0,225.0
flat,gls arawali homes,sohna road,0.29,6029.0,2,2,2,9.0,Relatively New,534.0,0,0,0,0,0,0,55,240.5
house,dlf city plots,sector 26,16.0,37780.0,4,4,3,1.0,Relatively New,4235.0,1,0,1,1,0,0,7,1058.75
flat,paras dews,sector 106,1.35,7297.0,4,4,3+,18.0,Relatively New,2100.0,0,1,0,1,0,1,174,462.5
flat,rof ananda,sector 95,0.38,5901.0,3,2,1,2.0,Relatively New,716.0,0,0,0,1,0,1,66,214.66666666666666
flat,la vida by tata housing,sector 113,2.48,14091.0,3,3,3+,8.0,New Property,1980.0,0,1,0,0,0,0,79,586.6666666666666
flat,pareena coban residences,sector 99,1.35,6760.0,3,5,3,6.0,New Property,1807.0,0,1,0,0,1,0,60,665.6666666666666
flat,ansal heights 86,sector 86,0.64,4706.0,2,2,1,3.0,New Property,1360.0,0,0,0,0,0,0,73,680.0
flat,pareena coban residences,sector 99,1.45,7261.0,3,5,3,11.0,Relatively New,1807.0,0,1,0,0,1,1,49,665.6666666666666
flat,emaar mgf emerald floors premier,sector 65,2.35,16207.0,3,3,3,2.0,Relatively New,1500.0,1,1,0,0,0,1,64,483.3333333333333
flat,unitech fresco,sector 50,1.8,9590.0,3,4,3+,6.0,Moderately Old,1870.0,0,1,0,0,0,1,174,625.6666666666666
flat,pivotal riddhi siddhi,sector 99,0.72,947.0,2,2,2,12.0,Relatively New,784.0,0,0,1,0,0,0,31,3801.5
flat,bestech park view residency,sector 2,1.18,7540.0,2,2,3,5.0,Old Property,1416.0,1,0,0,0,0,0,76,782.5
flat,shree vardhman victoria,sector 70,1.65,8462.0,3,4,3,5.0,Relatively New,1527.0,0,1,0,0,1,1,49,650.0
house,bptp visionnaire,sector 70a,4.7,18008.0,4,4,3+,3.0,New Property,2610.0,0,0,0,0,1,0,35,652.5
flat,dlf new town heights,sector 86,1.3,6736.0,3,3,3,12.0,Moderately Old,1747.0,0,1,0,0,0,1,165,643.3333333333334
flat,om apartment dayanand colony,sector 5,0.26,4370.0,1,1,1,3.0,Relatively New,648.0,0,0,0,0,0,0,14,595.0
flat,breez global heights,sohna road,0.25,7003.0,1,1,1,1.0,Relatively New,386.0,0,0,0,0,0,0,57,357.0
flat,tulip violet,sector 69,1.4,8872.0,3,3,2,11.0,Relatively New,1428.0,0,0,0,1,0,0,126,526.0
house,dlf the arbour,sector 63,8.5,21519.0,4,4,3+,27.0,New Property,3950.0,0,0,0,0,0,0,61,987.5
house,independent,sector 38,3.5,24306.0,3,3,2,1.0,Relatively New,1440.0,0,0,0,0,0,0,0,480.0
flat,shapoorji pallonji joyville gurugram,sector 102,2.12,11447.0,3,3,3,9.0,New Property,1571.0,0,0,0,0,0,0,109,617.3333333333334
house,row house,sector 105,0.43,9130.0,3,3,3,2.0,Relatively New,1050.0,0,0,0,0,0,0,0,157.0
flat,emaar mgf emerald floors premier,sector 65,2.35,14242.0,3,3,3,2.0,Relatively New,1650.0,1,1,0,0,0,0,158,550.0
flat,trisara our homes 3,sohna road,0.4,4479.0,2,2,2,1.0,Relatively New,900.0,0,0,0,0,0,0,0,446.5
flat,puri diplomatic greens,sector 111,2.58,11727.0,3,4,2,9.0,Relatively New,2200.0,0,1,0,0,0,0,101,733.3333333333334
flat,shapoorji pallonji joyville gurugram,sector 102,1.95,10529.0,3,3,3,10.0,Relatively New,1676.0,0,0,0,0,0,0,59,617.3333333333334
flat,bestech park view city,sector 49,2.7,12506.0,3,4,3+,6.0,Moderately Old,2159.0,0,0,0,0,0,0,0,719.6666666666666
flat,senate court,sector 62,0.9,14085.0,1,1,0,0.0,Relatively New,639.0,0,0,0,0,0,0,0,639.0
house,independent,sector 50,10.55,32562.0,5,5,3,2.0,Moderately Old,3240.0,1,1,0,0,0,0,42,648.0
flat,shri ram apartments,sector 4,0.36,3789.0,2,2,1,4.0,Relatively New,1056.0,0,0,0,0,0,0,0,475.0
flat,ss the coralwood,sector 84,1.1,5820.0,3,3,3+,12.0,Moderately Old,1710.0,0,0,0,0,0,1,104,630.0
flat,umang monsoon breeze,sector 78,1.05,5666.0,3,3,3,6.0,Moderately Old,1853.0,0,0,0,0,0,0,0,617.6666666666666
flat,gls avenue 51,sector 92,0.39,6075.0,3,3,3+,6.0,Relatively New,713.0,0,0,0,0,0,0,104,214.0
flat,ild greens,sector 37,1.0,4320.0,3,3,3+,5.0,Under Construction,1697.0,0,0,0,0,0,0,51,771.6666666666666
flat,indiabulls centrum park,sector 103,1.15,7765.0,2,2,3,8.0,Relatively New,1250.0,1,0,0,0,0,1,135,740.5
flat,ss the leaf,sector 85,1.24,7122.0,2,2,3,10.0,Relatively New,1730.0,0,0,0,0,0,0,49,870.5
flat,m3m the marina,sector 68,2.22,14323.0,3,2,3,4.0,Relatively New,1403.0,0,0,0,0,0,0,44,516.6666666666666
flat,raheja revanta,sector 78,4.75,16886.0,3,3,2,31.0,Under Construction,2813.0,0,1,0,0,0,0,100,937.6666666666666
flat,bestech park view city,sector 48,1.78,10023.0,3,4,2,5.0,Relatively New,1526.0,1,0,0,1,0,0,53,592.0
flat,ats kocoon,sector 109,1.7,9742.0,3,3,3,21.0,Moderately Old,1550.0,0,0,0,0,0,0,49,581.6666666666666
flat,ireo the corridors,sector 67a,2.08,12044.0,3,3,2,6.0,Under Construction,1563.0,0,0,0,0,1,0,55,575.6666666666666
flat,signature global park 4,sector 36,0.72,6429.0,3,2,3,2.0,Under Construction,1244.0,0,0,0,0,0,0,0,373.3333333333333
flat,godrej air,sector 85,1.35,13636.0,2,2,3,19.0,Under Construction,102.0,0,0,0,0,0,0,44,495.0
flat,emaar palm gardens,sector 83,1.73,9105.0,3,3,3,5.0,Relatively New,1600.0,0,1,0,0,0,1,174,633.3333333333334
house,eldeco mansionz,sector 48,6.0,22222.0,4,4,3+,2.0,Moderately Old,2700.0,0,1,0,0,0,0,69,675.0
flat,ats triumph,sector 104,2.78,8825.0,4,4,3+,11.0,Relatively New,2851.0,0,1,0,0,0,0,110,787.5
house,4s aradhya homes,sector 67a,1.83,6778.0,4,4,2,4.0,New Property,2700.0,0,0,0,1,0,1,145,675.0
house,dlf new town heights,sector 86,2.47,7719.0,4,4,3+,2.0,Moderately Old,2800.0,0,1,0,1,0,1,130,800.0
flat,mrg world ultimus,sector 90,0.5,6983.0,2,2,2,1.0,Under Construction,796.0,0,0,0,0,0,0,21,358.0
flat,dlf regal gardens,sector 90,1.13,6647.0,3,3,3+,8.0,Relatively New,1566.0,0,0,0,0,1,0,72,566.6666666666666
flat,bestech altura,sector 79,1.85,8605.0,3,3,3,7.0,New Property,1650.0,0,1,0,0,0,0,53,716.6666666666666
flat,puri diplomatic greens,sector 111,5.25,11667.0,4,6,3+,7.0,Relatively New,4072.0,0,1,0,0,0,1,134,1125.0
flat,signature global orchard avenue,sector 93,0.85,14238.0,2,2,0,10.0,Relatively New,597.0,0,0,0,0,0,0,0,298.5
house,independent,sector 7,0.66,12000.0,3,1,1,3.0,Relatively New,550.0,0,0,0,0,1,0,22,183.33333333333334
flat,signature global park,sohna road,0.95,7851.0,3,2,3+,3.0,New Property,1210.0,0,0,0,0,0,0,85,403.3333333333333
flat,signature global solera,sector 107,0.28,5833.0,2,2,2,11.0,Relatively New,543.0,0,0,0,0,0,0,45,240.0
flat,m3m heights,sector 65,2.1,16653.0,2,2,3,8.0,New Property,1015.0,0,0,0,0,0,0,31,630.5
flat,bestech park view city,sector 48,2.65,10323.0,4,4,3+,11.0,Moderately Old,2134.0,1,1,0,0,0,1,174,641.75
flat,signature global park,sohna road,0.79,7308.0,3,2,3+,4.0,Under Construction,978.0,0,0,0,0,0,0,109,360.3333333333333
flat,ss the leaf,sector 85,1.98,8257.0,3,4,3,12.0,Relatively New,2399.0,0,0,1,0,0,0,174,799.3333333333334
flat,m3m heights,sector 65,2.5,13602.0,3,3,3,19.0,Under Construction,1654.0,0,0,0,0,0,0,48,612.6666666666666
flat,godrej summit,sector 104,1.2,8299.0,3,2,3+,16.0,Relatively New,1607.0,1,0,0,1,0,1,142,482.0
flat,bptp freedom park life,sector 57,5.5,8983.0,5,6,3+,19.0,Moderately Old,5010.0,0,1,0,1,0,1,153,1224.6
flat,dlf new town heights,sector 91,1.8,7679.0,4,4,3+,6.0,Moderately Old,2604.0,0,1,0,1,0,0,81,586.0
flat,la vida by tata housing,sector 113,2.78,10335.0,3,4,3+,5.0,Relatively New,2350.0,0,1,0,0,0,0,174,896.6666666666666
flat,puri emerald bay,sector 104,2.65,15006.0,3,4,3,15.0,Relatively New,2090.0,0,1,0,0,0,1,174,588.6666666666666
flat,dlf the ultima,sector 81,2.7,12802.0,3,3,3,15.0,Relatively New,2343.0,0,1,0,0,0,1,49,703.0
flat,ats triumph,sector 104,1.83,7991.0,3,4,3+,10.0,Relatively New,2000.0,0,1,0,0,0,0,165,763.3333333333334
house,signature global city 92,sector 92,0.75,7821.0,2,2,3,1.0,Moderately Old,959.0,0,0,0,0,0,0,46,479.5
flat,adani aangan arcade,sector 89,0.5,7764.0,2,2,1,4.0,Relatively New,672.0,0,0,0,0,0,2,69,322.0
flat,godrej nature plus,sector 33,1.2,12000.0,2,2,3+,3.0,Under Construction,1111.0,0,0,0,0,0,0,105,500.0
flat,ramprastha skyz,sector 37d,1.2,6000.0,3,2,1,9.0,Under Construction,1900.0,0,1,0,0,1,0,53,666.6666666666666
flat,emaar mgf the palm drive,sector 66,3.45,15682.0,3,4,3,6.0,Relatively New,2000.0,0,1,0,0,0,1,95,733.3333333333334
flat,dlf the primus,sector 82a,2.2,10516.0,3,3,3+,16.0,Relatively New,1893.0,0,1,0,0,0,2,174,697.3333333333334
flat,vatika the seven lamps,sector 82,0.85,5977.0,2,2,2,9.0,Relatively New,1294.0,1,0,0,0,0,0,117,711.0
house,international city by sobha phase 2,sector 109,6.25,10035.0,5,7,3+,3.0,Relatively New,6228.0,1,1,1,1,0,0,147,1245.6
flat,alpha corp gurgaonone,sector 84,1.52,7904.0,3,4,3,15.0,Relatively New,1703.0,0,1,0,0,0,0,92,641.0
flat,maruti kunj,sector 11,0.8,5161.0,3,2,0,0.0,Old Property,1403.0,0,0,0,0,0,0,8,516.6666666666666
house,unitech espace,sector 50,7.45,34491.0,4,4,3,3.0,Old Property,4500.0,0,1,0,0,0,1,59,540.0
flat,bestech park view grand spa,sector 81,2.4,9023.0,3,4,3+,8.0,New Property,2407.0,1,1,0,0,0,1,167,886.6666666666666
flat,shapoorji pallonji joyville gurugram,sector 102,0.97,10601.0,2,2,2,12.0,New Property,747.0,0,0,0,0,0,0,57,457.5
flat,shree vardhman flora,sector 90,1.0,5128.0,3,4,3,8.0,New Property,1765.0,0,1,0,0,0,0,95,650.0
flat,shyam sadan,sector 5,0.55,6471.0,2,2,1,4.0,Relatively New,778.0,1,0,0,0,0,1,69,425.0
flat,central park flower valley aqua front towers,sector 33,2.96,13871.0,4,4,3,1.0,New Property,2371.0,0,1,0,0,0,1,24,533.5
flat,signature the roselia,sector 95,0.48,7164.0,2,2,2,6.0,Relatively New,744.0,0,0,0,0,0,0,16,335.0
flat,ss the leaf,sector 85,1.1,9565.0,2,2,3,10.0,Relatively New,1600.0,0,0,0,1,0,0,150,575.0
house,independent,sector 17,1.52,19869.0,2,2,1,1.0,Old Property,105.0,0,0,0,0,0,0,22,382.5
flat,ashiana mulberry,sohna road,0.74,6198.0,2,2,3+,12.0,New Property,1344.0,0,0,0,0,0,0,67,597.0
flat,ss residency,sector 6,0.48,5333.0,3,2,2,2.0,Moderately Old,111.0,0,0,0,0,0,0,54,300.0
flat,godrej aria,sector 79,1.1,7774.0,2,2,3+,4.0,New Property,1223.0,0,0,0,0,0,1,49,707.5
flat,breez global heights,sector 36,0.24,5825.0,1,1,1,8.0,New Property,458.0,0,0,0,0,0,1,57,412.0
flat,signature andour heights,sector 71,0.65,10172.0,2,2,1,10.0,Relatively New,590.0,0,0,0,0,0,1,23,319.5
house,sushant lok 1 builder floors,sector 43,6.25,30728.0,7,7,3+,3.0,Moderately Old,2034.0,1,1,1,0,0,0,46,290.57142857142856
flat,experion the heartsong,sector 108,0.98,13351.0,2,3,3,4.0,Relatively New,978.23,1,0,0,0,0,0,135,367.0
flat,capital residences 360,sector 70a,1.64,8300.0,3,3,3+,4.0,New Property,1950.0,0,1,0,0,0,0,144,658.6666666666666
flat,afnhb jalvayu vihar,sector 30,0.69,7271.0,2,2,1,3.0,Old Property,896.0,0,0,0,0,0,0,65,474.5
flat,ireo the corridors,sector 67a,1.8,14658.0,3,3,3,6.0,New Property,1551.0,0,1,1,0,0,1,150,409.3333333333333
flat,irwo westend towers,sector 47,0.65,12059.0,1,1,2,3.0,Old Property,599.0,0,0,0,0,0,0,56,539.0
flat,shapoorji pallonji joyville gurugram,sector 102,2.15,12707.0,3,3,3,10.0,Relatively New,1690.0,0,0,0,0,0,1,49,564.0
flat,tarc maceo,sector 91,0.95,5952.0,2,2,2,10.0,Relatively New,1186.0,0,0,0,0,0,0,77,798.0
flat,vatika lifestyle homes,sector 83,1.05,7500.0,3,2,2,1.0,Moderately Old,1600.0,0,0,0,0,0,1,106,466.6666666666667
flat,m3m skycity,sector 65,2.1,16031.0,2,2,2,43.0,New Property,1186.0,0,0,0,0,0,0,127,655.0
flat,breez global heights,sohna road,0.28,7143.0,1,1,1,4.0,New Property,443.0,0,0,0,0,0,2,26,392.0
flat,ss the leaf,sector 85,1.84,7641.0,3,4,3,8.0,Relatively New,2026.0,0,0,0,1,0,0,158,802.6666666666666
house,independent,sector 4,1.25,8681.0,2,3,0,1.0,Moderately Old,160.0,0,0,0,0,0,0,0,720.0
flat,bptp astaire gardens,sector 70a,1.25,8772.0,3,3,2,1.0,Relatively New,1300.0,0,0,0,0,1,0,49,475.0
flat,eldeco accolade,sohna road,1.14,6529.0,3,3,3+,4.0,Relatively New,1382.0,0,0,0,0,0,0,157,582.0
flat,tulip violet,sector 69,1.7,10773.0,3,3,2,0.0,Relatively New,1428.0,0,0,0,1,0,0,49,526.0
flat,supertech araville,sector 79,1.35,9000.0,2,2,3,6.0,New Property,1350.0,1,0,0,0,1,1,88,750.0
flat,parsvnath exotica,sector 53,5.0,17271.0,3,4,3+,8.0,Relatively New,2500.0,0,1,0,1,1,1,49,965.0
house,dlf city plots,sector 26,18.0,39841.0,6,6,2,3.0,Old Property,4518.0,0,1,0,1,1,1,49,753.0
flat,ss the leaf,sector 85,1.65,6852.0,3,4,3,9.0,New Property,2179.0,0,0,0,1,0,0,21,802.6666666666666
flat,shapoorji pallonji joyville gurugram,sector 102,2.03,11998.0,3,3,2,1.0,New Property,1337.0,0,0,0,0,0,0,67,564.0
flat,m3m latitude,sector 65,4.6,26791.0,3,3,3,7.0,New Property,1717.0,1,1,1,1,0,0,115,572.3333333333334
house,independent,sector 9,3.4,12938.0,9,9,3,3.0,Moderately Old,2628.0,0,0,0,0,0,1,61,292.0
house,independent,sector 40,2.1,23333.0,3,3,2,3.0,Moderately Old,900.0,0,0,0,0,1,1,35,300.0
flat,central park resorts,sector 48,11.25,28266.0,4,5,3+,2.0,Relatively New,4422.0,0,1,0,1,0,0,45,995.0
house,independent,sector 25,7.3,12586.0,9,9,2,3.0,Relatively New,5800.0,0,1,1,0,0,1,109,644.4444444444445
house,vipul tatvam villa,sector 48,22.0,26667.0,5,6,3,3.0,Moderately Old,8250.0,0,1,0,0,0,0,54,1650.0
flat,tulip white,sector 69,0.9,6787.0,3,2,3,6.0,Relatively New,1473.0,0,0,0,1,0,0,121,442.0
flat,emaar gurgaon greens,sector 102,1.42,8606.0,3,3,3,4.0,Relatively New,1314.0,0,0,0,0,1,0,49,550.0
house,bptp visionnaire,sector 70a,5.25,20115.0,5,4,3+,3.0,New Property,2610.0,0,1,0,0,0,1,49,522.0
flat,dlf regency park,sector 28,2.25,14516.0,3,3,2,16.0,Old Property,1700.0,0,1,0,0,0,0,89,516.6666666666666
flat,central park flower valley,sector 33,1.79,11251.0,3,3,3,3.0,Old Property,1619.0,0,0,0,0,0,0,71,530.3333333333334
flat,tarc maceo,sector 91,1.5,6466.0,3,4,3+,3.0,Relatively New,1786.0,1,1,0,0,0,0,112,773.3333333333334
flat,pivotal devaan,sector 84,0.35,6003.0,2,2,1,4.0,Relatively New,528.0,0,0,0,0,0,0,37,291.5
flat,spaze privy,sector 72,1.9,9620.0,3,3,3,10.0,Relatively New,1975.0,0,0,0,0,0,0,0,658.3333333333334
flat,tulip violet,sector 69,1.6,10139.0,3,3,2,0.0,Relatively New,1428.0,0,0,0,1,0,0,49,526.0
flat,emaar mgf emerald floors premier,sector 65,2.35,14242.0,3,3,3,3.0,Relatively New,1833.0,1,1,0,0,0,1,124,550.0
flat,emaar mgf emerald estate,sector 65,1.73,12401.0,3,3,3,9.0,Relatively New,1262.0,0,1,0,0,0,2,159,465.0
flat,tulsiani easy in homes,sohna road,0.4,7921.0,2,2,3,9.0,Under Construction,561.0,0,0,0,0,0,0,36,252.5
flat,bsf chs,gwal pahari,0.95,5938.0,3,3,3,13.0,Old Property,1778.0,0,0,0,0,0,0,37,533.3333333333334
house,independent,sector 26,4.0,29630.0,4,4,3,2.0,Old Property,1350.0,0,0,1,0,0,0,41,337.5
flat,bestech park view grand spa,sector 81,2.35,8835.0,3,4,3+,10.0,Relatively New,2511.0,0,1,0,0,0,0,109,886.6666666666666
flat,antriksh heights,sector 84,0.94,6999.0,3,2,3+,10.0,New Property,1222.0,1,0,0,0,0,1,89,447.6666666666667
house,independent,sector 45,7.35,29697.0,6,4,3+,3.0,Old Property,2475.0,1,1,1,1,0,1,61,412.5
flat,tulip violet,sector 69,1.6,10139.0,3,3,2,0.0,Relatively New,1428.0,0,0,0,1,0,0,166,526.0
flat,kendriya vihar,sector 56,0.55,9016.0,1,2,1,0.0,Old Property,678.0,0,0,0,0,0,0,68,610.0
flat,dlf carlton estate,sector 43,2.0,14215.0,3,3,2,5.0,Moderately Old,1273.0,0,0,0,0,0,0,65,469.0
flat,micasa sec 68,sohna road,1.5,12245.0,2,2,3,11.0,New Property,1361.0,0,0,0,0,0,0,44,612.5
flat,emaar mgf the palm drive,sector 66,3.5,15902.0,3,3,2,4.0,Relatively New,2200.0,1,0,0,0,0,0,89,733.6666666666666
flat,sare homes,sector 92,0.85,4786.0,4,4,3,3.0,Moderately Old,1607.0,0,0,0,0,0,0,0,444.0
house,independent,sector 50,13.2,27155.0,6,6,0,2.0,Moderately Old,4861.0,0,0,0,0,0,0,0,810.1666666666666
flat,,sector 78,0.6,3692.0,2,2,0,2.0,Under Construction,1625.0,0,0,0,0,0,0,0,812.5
flat,ss,sector 85,2.09,7432.0,4,4,3,8.0,Relatively New,2600.0,1,1,0,1,0,0,49,703.0
flat,tulip violet,sector 69,1.9,9453.0,4,4,2,6.0,Relatively New,1743.0,0,0,1,0,0,0,174,502.5
house,bestech park view aindependentda,sector 81,4.35,7937.0,4,4,3,2.0,Relatively New,5480.0,0,1,1,0,0,0,51,1370.25
flat,pioneer park,sector 61,2.0,11765.0,3,3,3,24.0,Moderately Old,1538.0,0,0,0,0,0,1,75,566.6666666666666
flat,mahindra aura,sector 110,2.25,9267.0,4,4,3+,2.0,Relatively New,2350.0,0,1,0,0,0,0,152,607.0
flat,dlf the ultima,sector 81,2.25,10553.0,3,3,3+,6.0,New Property,1929.0,0,1,0,0,0,2,168,710.6666666666666
flat,emaar gurgaon greens,sector 102,1.49,9030.0,3,3,3,10.0,Relatively New,1315.0,0,0,0,0,0,1,159,550.0
flat,umang winter hills,sector 77,0.8,5961.0,2,2,2,10.0,Relatively New,1163.0,0,0,0,0,0,1,49,671.0
house,ansal sushant lok,sector 43,10.5,27911.0,4,4,2,2.0,Old Property,3762.0,0,1,0,0,0,0,59,940.5
flat,smart world one dxp,sector 113,3.45,13269.0,4,4,3,11.0,Under Construction,2353.0,1,1,0,0,0,1,156,650.0
flat,dlf new town heights,sector 90,1.88,6894.0,4,4,3+,20.0,Relatively New,2726.0,0,1,0,1,0,0,145,681.75
flat,mapsko royale ville,sector 82,1.12,6257.0,3,3,2,12.0,Relatively New,1588.0,0,0,0,1,0,1,49,596.6666666666666
flat,capital residences 360,sector 70a,1.1,7586.0,2,2,2,10.0,Relatively New,1312.0,1,0,0,0,0,0,42,725.0
flat,shree vardhman flora,sector 90,0.65,4815.0,2,2,3,6.0,Relatively New,1222.0,1,0,0,0,0,0,165,675.0
flat,ss the leaf,sector 85,1.09,6663.0,2,2,3,5.0,Relatively New,1475.0,0,0,0,0,0,0,49,818.0
flat,emaar palm gardens,sector 83,1.55,9012.0,3,3,3,4.0,Relatively New,1400.0,0,1,0,0,0,1,174,573.3333333333334
flat,sare crescent parc,sector 92,0.71,4934.0,3,3,2,6.0,Relatively New,1596.0,0,0,0,0,0,0,37,479.6666666666667
flat,m3m woodshire,sector 107,1.65,5961.0,4,5,3+,12.0,Relatively New,2505.0,0,1,0,0,0,0,21,692.0
flat,sare crescent parc,sector 92,0.66,4977.0,3,2,2,15.0,Relatively New,1473.0,0,0,0,0,0,2,44,442.0
flat,corona gracieux,sector 76,0.75,5660.0,2,2,3,13.0,Relatively New,1199.0,0,0,0,0,0,1,0,662.5
flat,cghs airport apartment,sector 47,1.65,7857.0,3,3,3,1.0,Old Property,1906.0,0,0,0,0,1,1,136,700.0
flat,bptp terra,sector 37d,1.95,14444.0,4,3,3,7.0,Under Construction,1650.0,0,0,0,0,0,0,53,337.5
flat,511 sarahah tower,sector 12,0.6,8333.0,2,2,1,0.0,New Property,800.0,0,0,0,1,0,2,0,360.0
flat,mvn athens,sohna road,0.24,4211.0,2,2,1,12.0,Relatively New,516.0,0,0,0,0,0,0,38,285.0
flat,shree vardhman flora,sector 90,0.86,6255.0,3,4,3,0.0,Relatively New,1525.0,0,1,0,0,0,1,84,458.3333333333333
flat,dlf the skycourt,sector 86,1.55,8031.0,3,3,1,12.0,Relatively New,1900.0,0,0,0,1,0,1,153,643.3333333333334
flat,bestech park view sanskruti,sector 92,1.68,11053.0,3,4,3+,15.0,Relatively New,1804.0,0,1,0,0,0,1,174,506.6666666666667
flat,mapsko mount ville,sector 79,1.2,8054.0,3,3,3,9.0,Relatively New,1321.0,1,0,0,0,0,1,104,496.6666666666667
flat,proxima tower,sector 37,0.6,4601.0,2,2,3,5.0,Under Construction,1180.0,1,0,0,1,0,0,55,652.0
flat,la vida by tata housing,sector 113,2.45,11051.0,3,3,3+,3.0,Relatively New,1890.0,1,0,0,0,0,0,174,739.0
flat,gls arawali homes,sohna road,0.35,7000.0,2,2,2,5.0,Relatively New,556.0,0,0,0,0,0,0,30,250.0
flat,m3m heights,sector 65,3.67,17990.0,3,3,2,27.0,Under Construction,2040.0,0,1,0,0,0,0,43,680.0
flat,green court,sector 90,0.38,5507.0,2,2,1,7.0,Under Construction,767.0,0,0,0,0,0,0,35,345.0
house,international city by sobha phase 2,sector 109,11.25,25000.0,7,5,3+,4.0,Relatively New,4500.0,1,1,0,1,0,0,42,642.8571428571429
flat,ss,sector 85,1.98,8223.0,3,4,3,6.0,Relatively New,2300.0,0,0,0,0,0,0,42,802.6666666666666
flat,raheja navodaya,sector 92,0.85,5407.0,3,3,0,0.0,Relatively New,1423.0,0,0,0,0,0,0,88,524.0
house,independent,sector 28,11.75,41315.0,4,5,3+,4.0,Relatively New,2844.0,1,1,1,0,0,1,54,711.0
flat,ats tourmaline,sector 109,1.75,8140.0,3,4,3+,7.0,Relatively New,1797.0,0,1,0,0,0,0,165,716.6666666666666
flat,orris aster court premier,sector 85,1.2,5660.0,3,4,2,6.0,Relatively New,1650.0,0,1,0,0,0,0,28,706.6666666666666
flat,paras dews,sector 106,1.13,6406.0,3,4,3+,18.0,Relatively New,1186.0,1,1,0,0,0,0,49,588.0
house,vatika india next,sector 82,7.0,21605.0,4,4,3+,3.0,Relatively New,3900.0,0,1,0,0,0,2,105,810.0
house,vipul tatvam villa,sector 48,18.5,26429.0,4,4,1,1.0,Moderately Old,7000.0,0,0,0,0,0,0,30,1750.0
house,independent,sector 4,0.61,11111.0,2,2,2,2.0,Moderately Old,61.0,0,0,0,0,1,0,14,274.5
flat,sare green parc 2,sector 92,0.61,4837.0,3,2,2,6.0,Under Construction,1141.0,0,0,0,0,1,0,0,420.3333333333333
flat,dlf regal gardens,sector 90,1.26,7636.0,3,3,2,12.0,Relatively New,1650.0,0,0,0,0,1,0,8,550.0
flat,bhagwati sadan,sector 12,1.15,5750.0,3,4,2,2.0,Old Property,2000.0,1,1,0,0,1,1,28,666.6666666666666
flat,dlf 76,sector 76,4.0,11429.0,4,4,2,4.0,Under Construction,3889.0,1,1,0,0,0,1,101,875.0
flat,chintamani,sector 103,1.57,8509.0,3,3,3,1.0,Relatively New,1845.0,0,0,0,0,0,0,0,615.0
flat,tulip violet,sector 69,1.31,8518.0,3,3,2,12.0,Relatively New,1392.0,0,0,0,1,0,1,174,512.6666666666666
flat,tulip violet,sector 69,1.75,8883.0,4,4,1,12.0,Relatively New,1783.0,0,0,0,0,0,0,86,492.5
flat,experion the heartsong,sector 108,0.87,11853.0,2,3,3,2.0,Relatively New,978.23,0,1,0,0,0,1,123,367.0
house,independent,sector 11,1.2,4444.0,7,3,0,3.0,Moderately Old,300.0,0,0,0,0,0,0,0,385.7142857142857
flat,mapsko royale ville,sector 82,0.99,5531.0,3,4,2,14.0,New Property,1620.0,0,1,0,0,0,0,95,596.6666666666666
flat,the rama apartment cghs,sector 43,2.5,10204.0,4,4,3+,4.0,Moderately Old,2722.0,0,1,0,0,0,0,26,612.5
flat,umang monsoon breeze,sector 78,0.8,4837.0,3,2,2,7.0,Moderately Old,1472.0,0,0,0,1,0,0,102,551.3333333333334
flat,ats triumph,sector 104,2.62,8317.0,4,4,3+,14.0,Relatively New,2851.0,0,1,0,0,0,0,174,787.5
flat,tata gurgaon gateway,sector 113,1.75,10442.0,2,2,2,10.0,Relatively New,1430.0,1,0,0,0,0,0,104,838.0
flat,shree vardhman flora,sector 90,0.66,5077.0,2,2,3,4.0,Relatively New,1122.0,1,0,0,0,0,0,119,650.0
flat,krisumi waterfall residences,sector 36,2.2,14875.0,2,2,2,23.0,New Property,1338.0,0,0,0,0,0,0,15,739.5
flat,m3m woodshire,sector 107,0.94,6881.0,2,2,3+,1.0,Moderately Old,1236.0,0,0,0,0,0,0,113,683.0
flat,oriental valley chs,sector 9,1.5,8108.0,4,3,3+,8.0,Moderately Old,2056.0,0,0,0,0,0,0,35,462.5
house,vipul tatvam villa,sector 48,7.65,19125.0,4,4,3,2.0,Moderately Old,4000.0,1,1,0,0,1,0,49,1000.0
flat,smart world orchard,sector 61,2.41,14785.0,3,3,3,2.0,New Property,1630.0,0,0,0,0,0,0,61,543.3333333333334
flat,hcbs sports ville,sohna road,0.2,4219.0,1,1,1,3.0,New Property,474.042156,0,0,0,0,0,0,71,474.0
house,independent,sector 26,9.0,33333.0,5,5,2,3.0,Old Property,2700.0,1,1,1,1,0,2,110,540.0
flat,bptp terra,sector 37d,1.98,9037.0,3,3,3+,12.0,New Property,1983.0,1,0,0,0,0,1,49,730.3333333333334
house,independent,sector 26,23.0,25556.0,4,4,3+,2.0,Relatively New,9000.0,1,1,1,1,0,1,145,2250.0
flat,vatika india next,sector 82,0.8,6426.0,2,2,3,9.0,Relatively New,1383.0,0,0,0,0,0,0,0,622.5
flat,smart world orchard,sector 61,2.3,14110.0,3,3,2,2.0,Under Construction,1475.0,1,0,0,0,0,0,79,543.3333333333334
flat,m3m soulitude,sector 89,1.33,16986.0,3,3,3,4.0,Under Construction,1423.0,1,0,0,0,0,0,125,261.0
flat,ss the leaf,sector 85,2.7,7754.0,4,4,3+,23.0,New Property,3151.0,0,0,0,0,0,0,21,870.5
house,independent,sector 39,7.0,10000.0,10,11,3+,4.0,Relatively New,7000.0,0,0,0,1,0,2,38,700.0
flat,ramprastha skyz,sector 37d,1.0,4943.0,3,5,3,11.0,Under Construction,1833.0,0,1,0,0,1,0,8,674.3333333333334
flat,godrej oasis,sector 88a,1.4,7568.0,3,3,3+,4.0,Relatively New,1674.0,0,0,0,0,0,1,38,616.6666666666666
flat,unitech harmony,sector 50,2.6,9591.0,3,4,2,15.0,Relatively New,2700.0,0,1,0,0,1,1,174,903.6666666666666
flat,pioneer araya,sector 62,8.35,19514.0,4,6,3,16.0,Relatively New,3872.0,0,1,0,1,0,0,153,1069.75
flat,conscient heritage max,sector 102,2.65,10376.0,4,5,3+,17.0,Moderately Old,2311.0,0,1,0,0,0,0,125,638.5
flat,emaar mgf emerald floors premier,sector 65,3.5,17722.0,4,4,3,4.0,Relatively New,1975.0,0,1,0,0,0,1,114,493.75
flat,m3m skywalk,sector 74,1.78,12500.0,2,2,3+,12.0,Relatively New,1582.0,0,0,0,0,0,0,63,712.0
flat,mapsko mount ville,sector 79,1.2,8054.0,3,3,3,24.0,Relatively New,1348.0,0,0,0,0,0,1,8,496.6666666666667
flat,bestech park view sanskruti,sector 92,1.55,9688.0,3,3,3,17.0,Relatively New,1792.0,0,1,0,0,0,1,60,533.3333333333334
house,independent,sector 24,2.6,24074.0,4,4,3+,4.0,Relatively New,1080.0,1,0,1,1,0,2,0,270.0
flat,city heights,sector 39,1.75,8750.0,3,4,3,3.0,Old Property,2222.0,0,1,0,0,0,2,42,666.6666666666666
flat,mvn athens,sohna road,0.27,5895.0,2,2,1,0.0,Relatively New,508.0,0,0,0,0,0,1,69,229.0
house,independent,sector 46,4.25,23148.0,5,4,2,3.0,Moderately Old,1836.0,0,0,1,0,0,1,57,367.2
flat,bptp terra,sector 37d,1.45,8007.0,3,3,3,8.0,Relatively New,1711.0,0,0,0,0,0,0,149,603.6666666666666
flat,shree vardhman flora,sector 90,0.75,5769.0,2,2,3,8.0,Relatively New,1444.0,0,0,0,0,0,0,60,650.0
flat,vatika independent floors,sector 82,1.45,8056.0,4,3,0,1.0,Relatively New,1800.0,0,0,0,0,0,0,50,450.0
flat,signature global park,sohna road,0.53,6295.0,2,2,2,1.0,Relatively New,939.0,0,0,0,1,0,0,168,421.0
flat,mapsko royale ville,sector 82,1.12,8000.0,3,4,2,6.0,Relatively New,1500.0,0,1,0,1,0,1,174,466.6666666666667
flat,aipl the peaceful homes,sector 70a,2.3,10698.0,3,3,3,3.0,Relatively New,1946.0,0,0,1,0,0,1,124,716.6666666666666
flat,sare homes,sector 92,1.12,5359.0,4,4,2,12.0,Relatively New,2322.0,0,1,0,0,0,0,85,522.5
house,independent,sector 92,1.8,7627.0,4,5,0,13.0,Moderately Old,2360.0,0,0,0,0,0,0,0,590.0
flat,dlf regal gardens,sector 90,1.17,6709.0,3,3,3,15.0,Relatively New,1630.0,0,0,0,0,0,1,136,581.3333333333334
flat,pyramid elite,sector 86,0.45,7840.0,2,2,1,12.0,Under Construction,637.0,0,0,0,0,0,0,30,287.0
flat,signature global city 63a,sector 63a,2.0,12804.0,3,3,2,1.0,Under Construction,1540.0,0,0,0,0,0,0,36,520.6666666666666
flat,rof ananda,sector 95,0.26,6842.0,1,1,1,8.0,New Property,422.0,0,0,0,0,0,0,49,380.0
house,vipul tatvam villa,sector 48,8.5,26235.0,4,6,3,3.0,Old Property,3240.0,0,1,0,1,1,0,49,810.0
flat,tulip violet,sector 69,1.68,8358.0,4,4,2,2.0,Relatively New,1819.0,0,0,0,1,0,0,112,502.5
flat,signature global the millennia,sector 37d,0.65,10906.0,2,2,3,0.0,New Property,625.0,0,0,0,0,0,0,40,298.0
flat,ambience creacions,sector 22,2.55,13710.0,3,3,3,5.0,Relatively New,1860.0,0,0,0,0,0,2,49,620.0
house,independent,sector 25,13.5,19286.0,9,9,0,1.0,Relatively New,7000.0,0,0,0,0,0,0,0,777.7777777777778
flat,tulip violet,sector 69,1.7,8445.0,4,4,2,7.0,Relatively New,1819.0,0,0,0,0,0,0,128,503.25
flat,mvn athens,sohna road,0.27,5895.0,2,2,1,4.0,Relatively New,509.0,0,0,0,0,1,1,35,229.0
flat,parkwood westend,sector 92,0.7,5204.0,2,2,3,5.0,Under Construction,1217.0,1,0,0,0,0,0,0,672.5
flat,dlf the primus,sector 82a,2.55,11219.0,4,4,3+,14.0,Relatively New,2273.0,0,0,0,0,0,2,44,568.25
house,independent,sector 38,3.5,20325.0,3,2,2,1.0,Moderately Old,1722.0,0,0,0,0,0,0,0,574.0
house,independent,sector 4,0.7,6648.0,3,3,0,1.0,Moderately Old,117.0,0,0,0,0,0,0,0,351.0
house,grover homes sec 4,sector 4,4.75,9374.0,5,5,1,1.0,Old Property,5067.0,1,1,0,1,0,1,35,1013.4
house,independent,sector 24,11.0,28902.0,8,11,3+,3.0,Old Property,5000.0,1,1,0,1,1,1,39,475.75
flat,signature global city,sector 37d,1.0,8163.0,3,3,3,4.0,Under Construction,1250.0,0,0,0,0,0,0,49,408.3333333333333
flat,gls arawali homes,sohna road,0.3,5291.0,2,2,0,10.0,Relatively New,567.0,0,0,0,0,0,0,0,283.5
flat,indiabulls centrum park,sector 103,1.32,7788.0,3,3,3+,6.0,Relatively New,1300.0,1,0,0,0,0,0,49,565.0
flat,sare crescent parc,sector 92,0.9,4259.0,4,5,3+,3.0,Relatively New,1805.0,0,1,0,0,0,0,0,528.25
flat,bestech park view ananda,sector 81,1.15,6928.0,3,2,3+,6.0,Relatively New,1463.0,1,0,0,0,0,1,104,553.3333333333334
flat,m3m merlin,sector 67,3.32,14080.0,3,4,3,8.0,New Property,2016.0,0,1,0,0,0,1,174,786.0
house,unitech uniworld resorts,sector 33,11.5,24573.0,5,6,3+,4.0,Relatively New,4680.0,0,1,0,0,0,0,84,936.0
house,international city by sobha phase 2,sector 109,8.75,24306.0,5,5,3+,3.0,New Property,3600.0,1,1,1,1,0,1,153,720.0
flat,mapsko mount ville,sector 79,1.25,8389.0,3,3,3,18.0,Relatively New,1058.0,1,0,0,0,0,1,102,496.6666666666667
flat,m3m golfestate,sector 65,7.0,18182.0,3,3,2,12.0,Moderately Old,4278.0,0,0,1,0,0,0,60,1283.3333333333333
flat,assotech blith,sector 99,0.82,6007.0,2,2,3,0.0,New Property,1365.0,0,0,0,0,0,0,51,682.5
flat,assotech blith,sector 99,0.92,6740.0,2,2,3+,22.0,Under Construction,1235.0,0,0,0,0,0,0,56,682.5
house,independent,sector 26,16.0,35556.0,5,6,3,2.0,Old Property,4500.0,0,0,0,0,0,0,0,900.0
flat,bptp terra,sector 37d,1.8,8215.0,4,3,3,18.0,Relatively New,2025.0,1,1,0,1,0,0,49,547.75
flat,ansal height 86,sector 86,0.8,5882.0,2,2,0,1.0,Relatively New,1360.0,0,0,0,0,0,0,0,680.0
house,independent,sector 9,0.6,10753.0,3,3,1,2.0,Relatively New,558.0,0,0,0,0,0,0,0,186.0
house,independent,sector 43,27.5,24366.0,6,7,3+,3.0,Relatively New,11286.0,1,1,0,1,1,1,42,1881.0
flat,smart world gems,sector 89,1.1,9973.0,2,2,2,3.0,New Property,1226.0,0,0,1,0,0,0,77,551.5
flat,shapoorji pallonji joyville gurugram,sector 102,1.6,11696.0,2,2,3,14.0,Moderately Old,1368.0,0,0,0,0,0,0,0,684.0
house,independent,sector 26,7.0,39260.0,5,5,2,3.0,Relatively New,1783.0,0,1,0,0,0,0,9,356.6
flat,microtek greenburg,sector 86,1.3,15294.0,2,3,3,5.0,Relatively New,944.0,1,0,0,0,0,1,45,425.0
flat,bestech park view residency,sector 2,1.59,8281.0,3,4,3+,11.0,Moderately Old,1738.0,0,1,0,0,0,0,100,640.0
flat,godrej nature plus,sector 33,1.08,13123.0,2,2,3,8.0,Under Construction,85.0,0,0,0,0,0,0,56,411.5
flat,adani brahma samsara vilasa,sector 63,3.25,29545.0,3,3,3,4.0,New Property,2700.0,0,0,0,0,1,0,41,366.6666666666667
house,independent,sector 3,0.9,8929.0,3,3,0,2.0,Moderately Old,112.0,0,0,0,0,0,0,0,336.0
flat,godrej oasis,sector 88a,1.15,9854.0,2,2,1,12.0,New Property,120.0,1,0,0,0,0,0,79,583.5
flat,smart world orchard,sector 61,1.47,12783.0,2,2,2,4.0,Under Construction,1278.0,1,0,0,0,0,0,31,575.0
flat,bestech park view grand spa,sector 81,2.2,8271.0,3,4,3+,8.0,Relatively New,2481.0,0,1,0,0,0,1,165,886.6666666666666
flat,godrej nature plus,sector 33,1.31,15976.0,2,2,2,4.0,Under Construction,85.0,0,0,0,0,0,0,92,410.0
flat,satya the hermitage,sector 103,0.89,6138.0,2,3,3,1.0,Relatively New,1257.0,0,1,0,0,0,1,75,725.0
house,dlf city plots phase 3,sector 24,1.44,2963.0,4,2,2,1.0,Old Property,540.0,0,0,0,0,0,0,8,1215.0
house,independent,sector 108,1.34,5000.0,1,1,0,1.0,Moderately Old,2680.0,0,0,0,0,0,0,0,2680.0
house,independent,sector 7,0.53,5889.0,2,2,0,1.0,Old Property,900.0,0,0,0,0,0,0,0,450.0
flat,conscient heritage max,sector 102,1.82,9010.0,3,4,3+,12.0,Relatively New,1757.0,0,1,0,0,0,0,101,673.3333333333334
flat,supertech hues,sector 68,0.8,6780.0,2,2,3+,14.0,New Property,1180.0,0,0,0,0,0,1,26,590.0
flat,guru gram haryana cghs,sector 56,1.39,8424.0,3,2,3,6.0,Old Property,1750.0,0,1,0,1,0,1,89,550.0
flat,unitech fresco,sector 50,1.88,10479.0,3,3,3+,14.0,Moderately Old,1790.0,0,0,0,0,1,1,174,598.0
flat,m3m heights,sector 65,2.79,14170.0,3,3,3,26.0,New Property,1969.0,0,0,0,0,0,0,15,656.3333333333334
flat,smart world orchard,sector 61,2.5,16139.0,3,3,1,1.0,Under Construction,1549.0,0,0,0,0,0,0,61,516.3333333333334
flat,cghs hewo apartments,sector 31,1.25,11574.0,2,2,2,2.0,Old Property,1200.0,0,0,0,0,0,0,28,540.0
flat,signature global solera,sector 107,0.37,6752.0,2,2,1,10.0,Relatively New,496.0,0,0,0,0,0,0,73,274.0
flat,breeze global heights,sector 33,0.4,6421.0,2,2,2,4.0,Under Construction,623.0,0,0,0,0,0,0,0,311.5
flat,hsiidc sidco aravali,manesar,0.9,3478.0,3,3,3,2.0,Old Property,1900.0,0,1,0,0,0,2,21,862.6666666666666
flat,dlf regency park,sector 28,2.35,13225.0,3,3,2,18.0,Old Property,1608.0,0,1,0,0,0,0,120,592.3333333333334
house,dlf city plots,sector 26,17.3,38737.0,6,7,3+,3.0,New Property,4518.0,1,1,1,1,0,1,124,744.3333333333334
house,dlf city plots phase 2,sector 25,6.5,36111.0,5,5,3+,3.0,Old Property,1800.0,1,1,1,1,0,1,134,360.0
flat,ansal maple heights,sector 43,1.5,12658.0,3,3,3+,7.0,Old Property,1385.0,0,0,1,0,0,1,174,395.0
flat,orris aster court premier,sector 85,1.73,6758.0,4,5,3+,8.0,Relatively New,2017.0,0,1,0,0,0,0,16,640.0
flat,tata primanti,sector 72,5.0,11364.0,4,4,3+,2.0,New Property,4000.0,1,1,1,0,0,1,174,1100.0
flat,tulip violet,sector 69,1.7,8458.0,4,4,2,10.0,Relatively New,1804.0,1,1,1,1,0,0,174,502.5
flat,smart world orchard,sector 61,2.57,15767.0,3,3,2,3.0,Under Construction,1630.0,1,0,0,0,0,0,0,543.3333333333334
flat,ss the leaf,sector 85,2.2,5641.0,4,6,3,10.0,Relatively New,3920.0,0,1,0,0,0,0,174,975.0
flat,dlf new town heights,sector 86,1.55,6579.0,4,4,3+,12.0,Moderately Old,2038.0,0,1,0,1,0,1,120,589.0
flat,sidhartha ncr one phase,sector 95,0.6,4800.0,2,2,3,10.0,New Property,1250.0,0,0,0,0,0,0,0,625.0
flat,aipl the peaceful homes,sector 70a,2.55,11860.0,3,3,3,20.0,New Property,2000.0,0,1,0,1,1,1,150,716.6666666666666
flat,deepak minda,manesar,1.25,4715.0,3,3,3+,6.0,Moderately Old,2944.0,0,1,0,0,0,0,44,883.6666666666666
flat,hero homes,sector 104,1.35,9568.0,3,2,2,18.0,New Property,1094.0,0,0,0,0,0,0,49,470.3333333333333
flat,apna enclave,sector 3,0.58,6105.0,2,2,2,2.0,Old Property,900.0,0,0,0,0,0,0,66,475.0
flat,elan mercado,sector 80,0.85,12409.0,1,1,1,15.0,Relatively New,761.0,0,0,0,0,0,0,60,685.0
flat,ambience creacions,sector 22,3.5,19444.0,3,4,3+,8.0,New Property,2000.0,0,1,0,0,0,1,57,600.0
flat,parsvnath green ville,sector 48,1.42,8606.0,3,3,3,1.0,Moderately Old,1493.0,0,0,1,0,0,2,174,550.0
flat,tata primanti,sector 72,3.5,11427.0,4,5,3+,10.0,Relatively New,2625.0,0,1,0,0,1,0,38,765.75
flat,godrej,sector 79,1.47,16261.0,2,2,3,9.0,New Property,93.0,1,0,0,0,0,0,99,452.0
flat,eldeco accolade,sohna road,0.73,5775.0,2,2,3,5.0,Relatively New,978.0,0,0,0,1,0,0,33,632.0
house,independent,sector 25,4.45,32963.0,4,3,3+,2.0,Moderately Old,1350.0,0,0,1,0,0,0,79,337.5
house,independent,sector 103,2.25,6367.0,3,5,3+,10.0,Moderately Old,3534.0,0,0,0,0,0,0,0,1178.0
flat,tulip violet,sector 69,1.65,8871.0,3,3,2,1.0,Relatively New,1578.0,0,0,0,0,0,1,69,620.0
house,madan puri,sector 7,0.75,12500.0,3,5,3,3.0,Moderately Old,600.0,0,0,0,0,0,0,0,200.0
flat,supertech araville,sector 79,0.78,6023.0,2,2,3+,0.0,New Property,1172.0,0,0,0,0,1,0,74,647.5
flat,woodstock floors,sector 50,1.05,10628.0,2,2,2,2.0,Moderately Old,1098.0,0,0,0,0,0,0,53,494.0
flat,professors enclave cghs,sector 56,1.54,8324.0,3,3,2,6.0,Old Property,1920.0,0,1,0,1,0,1,104,616.6666666666666
flat,the close north,sector 50,2.35,11768.0,3,3,3+,8.0,Moderately Old,1950.0,0,0,0,0,0,1,165,665.6666666666666
flat,tulip violet,sector 69,1.85,9204.0,4,4,2,14.0,Relatively New,1819.0,0,0,0,0,0,1,157,502.5
flat,pivotal devaan,sector 84,0.34,5832.0,2,2,1,3.0,Relatively New,533.0,0,0,1,0,0,0,75,291.5
flat,rof ananda,sector 95,0.25,6579.0,1,1,1,4.0,New Property,344.0,0,0,0,0,0,0,0,380.0
flat,cancon enclave,sector 4,1.05,7778.0,3,2,2,2.0,New Property,1500.0,0,0,0,0,0,1,0,450.0
house,unitech espace,sector 50,11.29,34846.0,5,5,3+,2.0,Moderately Old,3240.0,1,0,0,1,0,0,21,648.0
house,raj villas,sector 52,8.0,25543.0,6,5,3+,4.0,Moderately Old,3132.0,0,0,0,0,0,0,0,522.0
flat,palam vihar society,sector 2,0.4,8602.0,1,1,1,5.0,Moderately Old,450.0,0,0,0,0,0,1,39,465.0
flat,corona optus,sector 37,1.5,6361.0,3,4,3+,14.0,New Property,2134.0,0,1,0,0,1,0,83,786.0
flat,paras dews,sector 106,1.5,6369.0,4,6,3+,11.0,Relatively New,1535.0,0,1,0,0,0,0,174,588.75
house,independent,sector 5,3.5,14787.0,5,4,2,2.0,Old Property,2367.0,0,0,0,1,1,0,36,473.4
flat,surya vihar rwa,sector 21,1.3,6500.0,5,5,2,2.0,Old Property,2400.0,1,1,1,0,0,1,42,400.0
house,independent,sector 15,1.8,10000.0,4,3,1,1.0,Old Property,1800.0,0,0,0,0,0,0,16,450.0
flat,pareena coban residences,sector 99,1.23,6159.0,3,5,3,5.0,Relatively New,1807.0,0,1,0,0,0,0,99,665.6666666666666
flat,sare green parc,sector 92,0.85,6741.0,3,2,2,14.0,Relatively New,1261.0,0,0,0,0,0,0,0,420.3333333333333
flat,ambience creacions,sector 22,3.99,12913.0,3,5,3+,3.0,New Property,2796.0,0,1,0,0,0,2,102,1030.0
flat,pivotal devaan,sector 84,0.3,6667.0,1,1,1,14.0,New Property,500.0,0,0,0,0,0,1,22,450.0
flat,supertech araville,sector 79,0.83,5425.0,2,2,3,5.0,New Property,1700.0,1,0,0,0,0,2,49,765.0
house,independent,sector 9,4.5,14286.0,9,9,3+,3.0,Relatively New,3150.0,1,0,0,1,1,1,38,350.0
flat,pivotal devaan,sector 84,0.35,7246.0,2,2,2,4.0,Relatively New,537.0,0,0,0,0,0,0,37,241.5
flat,ats marigold,sector 89,1.85,8605.0,3,3,3+,12.0,New Property,1946.0,0,1,0,0,0,0,37,716.6666666666666
flat,smart world orchard,sector 61,1.6,13913.0,2,2,2,4.0,Under Construction,1278.0,0,0,0,0,0,0,16,575.0
flat,antriksh heights,sector 84,0.79,4580.0,3,3,3+,8.0,New Property,1561.0,0,0,0,0,0,0,24,575.0
flat,avl 36 gurgaon,sector 36,0.65,8953.0,2,2,2,7.0,Relatively New,657.0,0,0,0,0,0,0,89,363.0
flat,ompee k s residency,sector 110,1.6,2993.0,2,2,2,1.0,Relatively New,73.0,0,0,0,0,0,0,0,2673.0
flat,ss the leaf,sector 85,2.0,11869.0,3,4,3,5.0,Relatively New,2026.0,0,1,0,0,0,0,156,561.6666666666666
house,independent,sector 9,0.5,6083.0,3,2,1,1.0,Old Property,822.0,0,0,0,0,0,0,0,274.0
flat,ats marigold,sector 89,1.5,8571.0,3,3,3,2.0,New Property,1944.0,0,0,0,0,1,0,49,583.3333333333334
flat,dlf new town heights,sector 90,1.51,6387.0,4,4,3+,6.0,Relatively New,2362.0,0,1,0,1,0,1,142,591.0
flat,bestech park view grand spa,sector 81,2.25,8459.0,3,4,3+,8.0,Relatively New,2300.0,1,1,1,0,0,1,122,886.6666666666666
flat,mapsko mount ville,sector 79,1.55,8540.0,3,4,3,11.0,Relatively New,1416.0,0,1,0,0,0,1,152,605.0
flat,dlf new town heights,sector 91,1.65,6346.0,4,4,3+,11.0,Moderately Old,2139.0,0,1,0,0,0,0,72,650.0
flat,m3m merlin,sector 67,3.5,14843.0,3,4,3+,15.0,Relatively New,2134.0,0,1,0,0,0,1,158,786.0
house,project housing board colony,sector 28,2.58,17695.0,4,2,2,2.0,Old Property,1458.0,0,0,0,0,0,0,0,364.5
flat,ansal housing highland park,sector 103,1.1,6243.0,3,3,3+,7.0,New Property,1500.0,0,0,0,0,0,0,87,587.3333333333334
flat,eden landmark,manesar,0.5,3846.0,2,2,0,7.0,Under Construction,1300.0,0,0,0,0,0,0,0,650.0
flat,ss the leaf,sector 85,1.05,6402.0,2,2,3,11.0,Relatively New,1484.0,0,0,0,0,0,0,44,820.0
flat,pyramid urban,sector 67a,0.55,10516.0,2,2,2,3.0,Relatively New,581.0,0,0,0,0,0,0,73,261.5
flat,shree vardhman flora,sector 90,0.7,5323.0,2,2,3,9.0,New Property,1350.0,1,0,0,0,0,0,60,657.5
flat,vipul lavanya,sector 81,1.0,8000.0,2,2,2,7.0,Relatively New,1131.0,0,0,0,0,0,0,31,625.0
flat,sunischit apartments,sector 54,1.75,7955.0,3,4,3+,5.0,Moderately Old,1900.0,0,1,0,0,0,1,83,733.3333333333334
flat,signature global park,sohna road,0.9,6254.0,3,3,3,3.0,Relatively New,1599.0,0,0,0,1,0,0,96,479.6666666666667
flat,indiabulls centrum park,sector 103,1.01,8080.0,2,2,3,5.0,Relatively New,1338.0,0,0,1,0,0,1,165,625.0
house,international city by sobha phase 2,sector 109,9.5,26389.0,5,5,3+,2.0,Relatively New,3600.0,1,1,1,1,0,0,133,720.0
house,independent,sector 28,9.0,27778.0,6,7,3+,3.0,Moderately Old,3240.0,1,1,1,1,0,0,67,540.0
house,vatika signature villas,sector 82,3.2,14350.0,3,4,3,1.0,New Property,2160.0,1,1,1,1,0,0,66,743.3333333333334
flat,paras dews,sector 106,0.97,8818.0,2,2,3,6.0,New Property,1200.0,0,0,0,1,0,1,174,550.0
house,vipul tatvam villa,sector 48,7.35,22812.0,4,5,2,2.0,Moderately Old,3222.0,1,1,1,1,0,1,144,805.5
flat,sare crescent parc,sector 92,0.82,5384.0,3,3,3+,12.0,Relatively New,1523.0,0,0,0,0,0,0,0,507.6666666666667
house,independent,sector 8,0.32,7111.0,2,3,1,1.0,Relatively New,450.0,0,0,0,0,0,0,0,225.0
flat,dlf new town heights,sector 86,1.4,5942.0,4,4,3+,20.0,Relatively New,2132.0,0,1,0,1,0,0,65,589.0
flat,tulip ivory,sector 70,2.35,9792.0,4,4,3+,8.0,Moderately Old,2667.0,0,1,0,0,0,0,108,600.0
flat,central park flower valley,sector 33,3.3,13750.0,3,3,3,2.0,Under Construction,2667.0,1,1,1,1,0,0,61,800.0
flat,smart world orchard,sector 61,2.0,12912.0,3,3,2,3.0,New Property,1721.0,0,0,0,0,1,0,61,516.3333333333334
flat,dlf the primus,sector 82a,2.7,10481.0,4,4,3+,18.0,Moderately Old,2576.0,0,1,0,0,0,0,38,644.0
house,vatika signature villas,sector 82,5.0,15432.0,4,4,3+,3.0,Relatively New,3240.0,0,1,1,1,0,0,24,810.0
house,independent,sector 4,0.65,10317.0,1,1,1,1.0,Moderately Old,70.0,0,0,0,0,1,0,21,630.0
flat,tata primanti,sector 72,3.4,15561.0,3,4,3+,9.0,Moderately Old,2185.0,0,1,0,0,0,0,38,728.3333333333334
flat,puri diplomatic greens,sector 111,3.9,13000.0,4,5,3+,6.0,Relatively New,2996.0,0,1,0,0,0,2,160,750.0
flat,emaar mgf the palm drive,sector 66,1.51,15130.0,2,2,2,5.0,Relatively New,1188.0,0,0,0,1,0,1,82,499.0
flat,dlf the skycourt,sector 86,1.6,8294.0,3,3,1,14.0,Relatively New,1746.0,0,0,0,1,0,0,72,643.0
flat,sare petioles,sector 92,1.25,6098.0,3,3,3,18.0,Under Construction,2278.0,0,1,0,0,0,0,44,683.3333333333334
flat,trisara our homes 3,sohna road,0.4,6557.0,2,2,1,0.0,New Property,669.0,0,0,0,0,0,1,90,305.0
flat,imperia the esfera,sector 37,1.1,5405.0,3,4,3,9.0,Relatively New,1899.0,1,1,0,0,0,0,49,678.3333333333334
flat,vatika city homes,sector 83,1.0,5747.0,3,3,2,2.0,Relatively New,1575.0,0,0,1,0,0,1,174,580.0
flat,godrej,sector 79,1.93,8532.0,3,4,3+,5.0,Relatively New,2047.0,0,1,0,0,0,0,158,754.0
flat,ss the leaf,sector 85,1.05,6162.0,2,2,3+,7.0,Relatively New,1512.0,0,0,1,0,0,0,144,852.0
flat,supertech hues,sector 68,0.82,6949.0,2,2,3+,21.0,Under Construction,1068.0,0,0,0,0,1,0,72,590.0
flat,orris carnation residency,sector 85,0.55,5789.0,2,2,2,5.0,Relatively New,1050.0,0,0,0,0,1,0,174,475.0
house,satya the hermitage,sector 103,3.15,6702.0,4,5,0,12.0,Moderately Old,4700.0,0,0,0,0,0,0,61,1175.0
flat,emaar gurgaon greens,sector 102,1.6,9697.0,3,3,3,8.0,Relatively New,1315.0,0,0,0,0,0,0,46,550.0
flat,unitech uniworld gardens,sector 47,2.4,11505.0,3,3,3+,10.0,Moderately Old,1888.0,0,1,0,0,0,1,120,695.3333333333334
flat,shree vardhman flora,sector 90,1.3,5253.0,4,5,2,9.0,Relatively New,2134.0,1,1,0,0,0,0,110,618.75
house,godrej meridien,sector 106,5.6,14000.0,5,4,3+,33.0,New Property,4000.0,1,1,1,1,0,0,151,800.0
flat,bestech park view city,sector 48,1.8,10251.0,3,4,3,3.0,Moderately Old,1951.0,1,0,0,0,0,1,76,585.3333333333334
flat,sbtl caladium,sector 109,1.68,6601.0,3,3,3+,7.0,Moderately Old,2303.0,0,1,0,0,0,0,134,848.3333333333334
house,ss aaron ville,sector 49,6.75,15000.0,5,4,2,2.0,New Property,4500.0,0,0,0,0,1,0,49,900.0
flat,corona gracieux,sector 76,1.46,5499.0,4,6,3+,8.0,New Property,2398.0,0,1,0,0,0,0,58,663.75
flat,umang monsoon breeze,sector 78,1.2,6494.0,3,3,2,8.0,Moderately Old,2045.0,0,0,0,1,0,2,8,616.0
flat,global hill view,sector 11,0.36,5150.0,2,2,0,15.0,Relatively New,699.0,0,0,0,0,0,0,0,349.5
flat,mvn athens,sohna road,0.25,5187.0,2,2,1,0.0,Relatively New,535.0,0,0,0,1,0,0,90,241.0
flat,housing apna enclave,sector 4,0.39,4105.0,2,2,1,1.0,Relatively New,950.0,0,0,0,0,0,0,0,475.0
house,independent,sector 7,0.45,5000.0,3,2,0,1.0,Old Property,1000.0,0,0,0,0,0,0,0,300.0
house,sushant lok 1 builder floors,sector 43,10.85,28841.0,8,8,3,3.0,Moderately Old,3762.0,1,1,1,1,0,2,160,470.25
flat,ss the leaf,sector 85,1.3,7927.0,2,2,2,17.0,New Property,1484.0,0,0,0,0,0,0,90,820.0
flat,dlf new town heights,sector 90,2.0,7334.0,4,4,3+,20.0,Moderately Old,2468.0,0,1,0,0,1,0,49,681.75
flat,tata primanti,sector 72,3.85,13253.0,4,5,3+,13.0,Relatively New,2629.0,0,1,0,0,0,1,174,726.25
flat,signature global solera,sector 107,0.28,5726.0,2,2,2,6.0,Relatively New,543.0,0,0,0,0,0,0,45,244.5
house,eldeco mansionz,sector 48,4.75,20299.0,7,7,3,2.0,Moderately Old,2340.0,1,0,0,0,0,1,33,334.2857142857143
flat,sare crescent parc,sector 92,0.5,5000.0,2,2,2,2.0,Relatively New,905.0,0,0,0,0,1,0,72,500.0
flat,paras irene,sector 70a,1.3,9220.0,2,2,3,19.0,Moderately Old,1426.0,0,0,0,0,0,1,49,705.0
flat,smart world gems,sector 89,1.2,8433.0,3,3,2,2.0,New Property,1581.0,0,0,0,0,0,0,44,474.3333333333333
flat,experion windchants,sector 112,2.5,13889.0,2,2,3,10.0,Relatively New,1939.03,1,0,0,1,0,1,174,900.0
flat,vatika xpressions,sector 88,0.92,6815.0,2,2,3,3.0,New Property,1350.0,0,0,0,0,0,0,26,675.0
house,independent,sector 12,2.9,10741.0,7,7,3,2.0,Old Property,2700.0,0,0,0,0,0,0,7,385.7142857142857
flat,m3m sierra 68,sector 68,1.25,10246.0,2,2,3,4.0,New Property,938.0,0,0,0,0,0,0,44,610.0
flat,conscient heritage max,sector 102,2.1,9772.0,3,4,3+,10.0,Relatively New,1945.0,1,1,0,0,0,0,53,716.3333333333334
house,independent,sector 23,5.65,17706.0,7,7,3+,2.0,Moderately Old,5000.0,0,1,0,1,0,0,68,455.85714285714283
flat,paras dews,sector 106,1.25,10656.0,3,4,3,14.0,Relatively New,1305.0,1,1,0,0,0,0,167,391.0
flat,emaar gurgaon greens,sector 102,1.3,7879.0,3,3,3,4.0,Relatively New,1315.0,0,1,0,0,0,1,125,550.0
flat,dlf new town heights,sector 90,1.2,6218.0,3,3,3+,15.0,Relatively New,1747.0,0,0,0,0,0,0,37,643.3333333333334
flat,global hill view,sector 11,0.33,4269.0,2,2,0,11.0,Relatively New,761.0,0,0,0,0,0,0,0,386.5
flat,suncity vatsal valley,gwal pahari,1.38,9650.0,3,3,2,1.0,Relatively New,1294.0,0,0,0,0,0,1,151,476.6666666666667
flat,corona optus,sector 37,1.2,6916.0,3,4,3,8.0,Relatively New,1635.0,0,0,0,0,0,0,149,578.3333333333334
flat,bestech park view residency,sector 2,1.55,8073.0,3,4,3+,4.0,Old Property,1738.0,0,1,0,0,0,0,84,640.0
flat,ss the leaf,sector 85,1.04,8320.0,2,2,3,17.0,New Property,1550.0,0,0,0,0,1,0,145,625.0
house,emaar mgf marbella,sector 66,11.0,33951.0,5,6,3+,2.0,New Property,3240.0,1,1,1,1,0,1,153,648.0
flat,ansal plaza,sector 2,1.0,10000.0,2,3,0,1.0,Moderately Old,1000.0,0,0,0,0,0,0,0,500.0
flat,sonata group housing gh 24,manesar,1.65,5893.0,4,3,3,8.0,New Property,3111.0,0,1,0,0,0,0,20,700.0
flat,emaar imperial gardens,sector 102,1.91,9550.0,3,4,2,17.0,Relatively New,1587.0,1,1,0,0,0,1,152,666.6666666666666
flat,hcbs sports ville,sector 2,0.35,4375.0,2,2,2,8.0,Relatively New,800.0,0,0,0,0,0,0,37,400.0
house,bptp astaire gardens,sector 70a,6.5,27873.0,4,4,3+,2.0,New Property,2332.0,1,1,0,1,0,1,160,583.0
house,unitech deerwood chase,sector 50,8.45,26153.0,3,3,2,2.0,Old Property,3231.0,1,1,0,0,0,1,102,1077.0
flat,paras dews,sector 106,1.4,6001.0,3,4,3+,12.0,Under Construction,1593.0,1,1,0,0,1,0,55,777.6666666666666
flat,dlf regency park,sector 28,1.35,11739.0,2,2,2,14.0,Old Property,1120.0,0,0,1,0,0,0,66,575.0
flat,piedmont taksila heights,sector 37,1.0,6506.0,3,3,3+,8.0,Relatively New,1708.0,0,0,0,0,0,1,49,512.3333333333334
house,signature global city,sector 37d,1.27,8089.0,3,3,3,4.0,Under Construction,1570.0,0,0,0,1,0,0,89,523.3333333333334
flat,suncity vatsal valley,gwal pahari,1.0,13333.0,2,2,2,3.0,New Property,833.0,0,0,0,0,0,1,13,375.0
flat,vatika lifestyle homes,sector 83,1.04,5699.0,3,2,2,2.0,Moderately Old,1500.0,0,0,0,0,0,0,95,608.3333333333334
flat,umang monsoon breeze,sector 78,0.95,5491.0,3,3,2,9.0,Relatively New,1730.0,0,0,0,0,0,1,65,576.6666666666666
house,independent,sector 12,1.7,8000.0,5,5,3,3.0,Moderately Old,2000.0,0,0,0,1,1,0,9,425.0
flat,ireo victory valley,sector 67,3.15,12847.0,3,4,3+,15.0,Relatively New,2219.0,0,1,0,1,0,1,149,817.3333333333334
flat,chintels paradiso,sector 109,1.97,7490.0,4,4,2,11.0,Relatively New,2380.0,0,1,0,1,0,0,49,657.5
flat,m3m the marina,sector 68,1.32,8759.0,2,2,3,15.0,Relatively New,1364.0,1,0,0,0,0,0,120,753.5
flat,bestech park view residency,sector 2,1.36,7645.0,3,3,3+,5.0,Moderately Old,1611.0,0,0,0,0,0,0,84,593.0
flat,puri emerald bay,sector 104,1.58,9117.0,2,3,3,11.0,Relatively New,1538.0,0,1,0,0,0,0,101,866.5
house,independent,sector 3,0.6,6000.0,1,1,0,1.0,Moderately Old,1000.0,0,0,0,0,0,0,0,1000.0
house,independent,sector 57,3.3,19097.0,4,4,2,3.0,Moderately Old,1728.0,0,0,1,0,0,1,60,432.0
flat,vatika gurgaon,sector 83,0.87,6988.0,2,2,2,3.0,Moderately Old,1127.0,0,0,0,0,0,0,35,622.5
flat,signature global synera,sector 81,0.4,6319.0,2,2,1,12.0,Relatively New,586.0,0,0,0,0,0,0,23,316.5
flat,m3m woodshire,sector 107,1.45,6141.0,3,4,3+,7.0,Relatively New,1900.0,0,1,0,0,0,0,67,787.0
flat,paras dews,sector 106,1.34,9551.0,4,5,3+,7.0,Relatively New,1535.0,0,1,0,0,0,0,49,350.75
flat,bestech park view ananda,sector 81,1.4,7735.0,3,3,3+,6.0,Relatively New,1475.0,0,0,0,0,0,0,95,603.3333333333334
house,independent,sector 50,7.0,23333.0,4,4,2,3.0,Old Property,3400.0,0,1,0,0,0,0,118,750.0
house,independent,sector 14,5.5,16975.0,5,4,2,2.0,Old Property,3240.0,1,0,0,0,0,0,27,648.0
flat,m3m heights,sector 65,1.95,15997.0,2,2,3,16.0,Under Construction,1141.0,0,0,0,0,0,0,44,609.5
flat,emaar gurgaon greens,sector 102,1.45,14174.0,3,3,3,10.0,Relatively New,1315.0,0,1,0,0,0,0,165,341.0
flat,vasant appartments,sector 14,1.7,7391.0,5,5,2,2.0,Old Property,2556.0,1,0,1,1,0,2,71,460.0
flat,tulip violet,sector 69,1.37,8676.0,3,3,1,12.0,Relatively New,1568.0,0,0,0,1,0,0,95,526.3333333333334
house,independent,sector 25,16.0,26667.0,6,5,2,3.0,Relatively New,6000.0,0,0,0,0,0,0,0,1000.0
flat,ashiana apartment,sector 23,0.16,2051.0,2,2,2,1.0,Moderately Old,706.0,0,0,0,0,0,0,0,390.0
flat,indiabulls enigma,sector 110,4.49,11572.0,5,5,3+,4.0,Relatively New,3511.0,0,1,0,0,0,0,165,776.0
flat,bestech park view residency,sector 2,0.98,6960.0,2,2,3,0.0,Moderately Old,1281.0,0,0,0,0,0,0,85,704.0
flat,ild grand,sector 37,0.66,5038.0,2,2,3+,14.0,Relatively New,1310.0,0,0,0,0,0,0,60,655.0
flat,dlf new town heights,sector 90,1.8,6601.0,4,4,3+,23.0,Moderately Old,2468.0,0,0,0,0,0,0,67,681.75
house,sushant lok 1 builder floors,sector 43,13.0,48148.0,3,3,3+,4.0,New Property,2700.0,0,0,0,1,0,1,7,900.0
house,international city by sobha phase 2,sector 109,12.5,26670.0,5,6,3,3.0,Relatively New,4500.0,1,1,1,1,0,0,63,937.4
flat,apex our homes,sector 37,0.33,3568.0,2,2,1,3.0,Relatively New,850.0,0,0,0,0,0,1,158,462.5
house,independent,sector 43,1.9,3909.0,3,3,3+,3.0,Old Property,60.0,0,0,0,0,0,2,0,1620.0
house,independent,sector 57,8.31,24171.0,5,6,3+,4.0,Old Property,3438.0,1,1,1,1,0,0,34,687.6
flat,spaze privvy the address,sector 93,1.45,8033.0,3,4,2,12.0,Relatively New,1350.0,0,0,0,0,0,1,96,601.6666666666666
flat,birla navya,sector 63a,3.3,15349.0,3,3,3,4.0,Under Construction,2150.0,0,1,0,0,0,0,52,716.6666666666666
flat,signature global park,sohna road,0.54,6391.0,2,2,3,4.0,New Property,676.0,0,0,0,0,0,0,44,422.5
flat,sare petioles,sector 92,1.3,6373.0,4,4,0,7.0,Relatively New,2040.0,0,0,0,0,0,0,0,510.0
flat,ramprasta awho,sector 95,0.92,5257.0,3,3,3+,13.0,New Property,1750.0,0,0,0,0,0,0,0,583.3333333333334
flat,afnhb jalvayu vihar,sector 30,1.3,10000.0,3,3,2,2.0,Old Property,1401.0,0,0,0,0,0,0,19,433.3333333333333
flat,apna enclave,sector 3,0.5,7692.0,2,2,1,1.0,Old Property,722.0,0,0,0,0,0,1,37,325.0
house,independent,sector 25,4.35,32222.0,5,4,3,3.0,Old Property,1350.0,0,1,0,0,0,0,49,270.0
flat,m3m golfestate,sector 65,5.3,24212.0,3,3,3,38.0,Moderately Old,2506.0,0,1,0,0,0,2,49,729.6666666666666
house,independent,sector 7,0.27,12000.0,2,2,1,2.0,Moderately Old,225.0,0,0,0,0,0,0,12,112.5
flat,pyramid urban homes 2,sector 86,0.41,8283.0,2,2,1,7.0,New Property,557.0,1,1,0,1,1,0,49,247.5
flat,dlf the ultima,sector 81,2.5,11726.0,3,3,2,4.0,Relatively New,2130.0,0,1,0,0,0,2,82,710.6666666666666
flat,tulip violet,sector 69,1.55,9823.0,3,3,2,9.0,Relatively New,1428.0,0,0,0,1,0,1,165,526.0
flat,baani city center,sector 63,0.88,10945.0,1,1,2,4.0,New Property,804.0,0,0,0,0,0,0,0,804.0
flat,godrej,sector 79,1.33,8531.0,2,2,3,6.0,Relatively New,1411.0,1,0,0,0,0,0,158,779.5
flat,godrej,sector 79,1.34,8524.0,2,2,3,2.0,Relatively New,1423.0,1,0,0,0,0,0,158,786.0
house,independent,sector 43,8.25,30556.0,5,6,3+,3.0,Moderately Old,2700.0,1,1,1,1,0,1,64,540.0
flat,shri banke bihari society,sector 56,1.35,9643.0,3,3,3+,4.0,Old Property,1450.0,0,0,0,0,1,1,174,466.6666666666667
flat,dlf the primus,sector 82a,2.95,11452.0,4,5,3+,10.0,Relatively New,2110.0,0,1,0,0,0,2,174,644.0
flat,unitech uniworld gardens,sector 47,2.4,11505.0,3,4,3+,10.0,Moderately Old,1916.0,0,1,0,0,0,0,103,695.3333333333334
flat,vatika gurgaon,sector 83,1.08,6225.0,3,3,2,11.0,Relatively New,1570.0,0,0,0,0,1,0,19,578.3333333333334
flat,mapsko casa bella,sector 82,3.0,6134.0,4,6,3+,25.0,Relatively New,4425.0,0,1,0,1,0,1,119,1222.75
flat,ss the leaf,sector 85,2.0,8306.0,3,4,3,6.0,Relatively New,2300.0,0,1,0,0,0,0,49,802.6666666666666
flat,paras dews,sector 106,1.15,6534.0,3,4,3+,12.0,Relatively New,1186.0,1,1,0,0,0,1,174,586.6666666666666
house,international city by sobha phase 1,sector 109,5.7,10556.0,4,5,3+,3.0,Relatively New,5400.0,1,1,1,1,0,0,160,1350.0
flat,godrej frontier,sector 80,1.6,6999.0,3,3,3,5.0,Moderately Old,2047.0,0,1,0,0,0,0,53,762.0
flat,supertech araville,sector 79,1.45,7455.0,3,3,3,3.0,Relatively New,2161.0,0,0,0,0,0,0,0,648.3333333333334
house,unitech aspen greens,sector 50,6.95,32176.0,3,3,1,2.0,Moderately Old,2160.0,0,1,0,0,0,0,160,720.0
flat,la vida by tata housing,sector 113,1.55,11654.0,2,2,3,2.0,New Property,1276.0,0,0,0,0,0,0,174,665.0
house,independent,sector 2,6.0,24691.0,5,6,3+,3.0,Old Property,2430.0,1,0,0,1,1,1,43,486.0
house,dlf city plots,sector 26,12.5,38580.0,4,5,2,2.0,Moderately Old,3240.0,1,1,0,0,0,1,121,810.0
flat,pareena laxmi apartments,sector 99,0.3,5425.0,2,1,2,5.0,New Property,511.0,0,0,0,0,0,0,66,276.5
flat,ireo the corridors,sector 67a,1.3,10031.0,2,2,2,1.0,New Property,1296.0,0,0,0,0,0,0,55,648.0
flat,signature global park 4,sector 36,0.82,7586.0,3,2,3,2.0,New Property,1201.0,0,0,0,0,0,0,24,360.3333333333333
flat,sare crescent parc,sector 92,0.9,4278.0,4,5,3+,14.0,Relatively New,1692.0,0,1,0,0,1,0,62,526.0
house,independent,sector 50,10.45,38704.0,4,5,2,3.0,Moderately Old,4000.0,1,1,0,1,0,1,142,675.0
flat,tata gurgaon gateway,sector 113,6.0,9139.0,5,6,3+,24.0,Moderately Old,7294.0,0,0,0,0,0,0,117,1313.0
flat,dlf new town heights,sector 90,1.9,5684.0,4,4,3+,7.0,Relatively New,2468.0,0,1,0,1,0,0,88,835.75
flat,railway officers rpf society,sector 9,1.25,6921.0,4,3,3,1.0,Old Property,2007.0,0,1,0,0,0,0,40,451.5
flat,krisumi waterfall residences,sector 36,2.3,15551.0,2,2,2,23.0,New Property,1479.0,0,0,0,0,0,0,58,739.5
flat,godrej nature plus serenity,sector 33,1.39,11583.0,3,2,3+,23.0,Under Construction,1333.0,0,0,0,0,0,0,105,400.0
flat,dlf the icon,sector 43,6.0,26087.0,4,4,3+,18.0,Old Property,2556.0,0,1,0,0,0,1,150,575.0
flat,corona optus,sector 37,1.44,7236.0,3,3,3+,2.0,Relatively New,1789.0,1,1,0,0,1,0,49,663.3333333333334
flat,ss the leaf,sector 85,1.75,7267.0,3,4,3,8.0,Relatively New,2179.0,0,1,0,0,0,0,49,802.6666666666666
flat,signature global synera,sector 81,0.48,8027.0,2,2,1,14.0,Relatively New,547.0,0,0,0,0,0,1,14,299.0
house,independent,sector 25,13.0,45710.0,6,8,3+,2.0,Relatively New,2844.0,1,1,1,1,0,2,0,474.0
flat,godrej,sector 79,1.28,8505.0,3,3,3,7.0,Relatively New,1362.0,0,0,0,0,0,0,158,501.6666666666667
flat,ild greens,sector 37,0.95,9223.0,2,2,3+,11.0,Relatively New,1179.0,0,0,1,1,0,1,119,515.0
house,independent,sector 82,7.5,23148.0,5,5,3+,2.0,Relatively New,3240.0,0,1,0,1,0,1,135,648.0
house,independent,sector 39,1.6,17937.0,1,1,2,2.0,Old Property,892.0,0,0,0,0,0,0,40,892.0
flat,bestech park view spa next,sector 67,2.7,11489.0,4,4,3+,9.0,Moderately Old,2127.0,0,1,0,1,0,1,149,587.5
flat,sare crescent parc royal greens phase 1,sector 92,1.0,3713.0,4,4,3,15.0,New Property,1828.0,0,0,0,0,0,0,31,673.25
flat,vatika gurgaon,sector 83,1.42,8875.0,4,4,3,7.0,Relatively New,2000.0,1,1,0,0,0,0,103,400.0
flat,milan cghs 9,sector 39,2.0,8333.0,3,3,3+,0.0,Old Property,2400.0,0,0,0,0,0,0,0,800.0
flat,conscient heritage max,sector 102,2.5,11633.0,3,4,3+,25.0,New Property,1945.0,1,1,0,0,0,1,56,716.3333333333334
flat,signature global solera,sector 107,0.28,5680.0,2,2,2,11.0,Relatively New,543.0,0,0,0,0,0,0,29,246.5
flat,tulip violet,sector 69,1.76,8756.0,4,4,2,6.0,Relatively New,1819.0,0,0,0,0,0,0,108,502.5
flat,emaar palm gardens,sector 83,1.8,9474.0,3,3,3+,9.0,Relatively New,1719.0,0,0,0,0,0,0,55,633.3333333333334
flat,emaar mgf emerald floors premier,sector 65,2.65,16061.0,3,3,3,5.0,Relatively New,1650.0,1,1,0,0,0,0,37,550.0
flat,umang monsoon breeze,sector 78,0.69,5391.0,2,2,2,11.0,Moderately Old,1422.0,0,0,0,0,0,0,60,640.0
flat,ats triumph,sector 104,2.5,7937.0,4,4,3+,14.0,New Property,2851.0,0,1,0,0,0,0,21,787.5
flat,m3m capital,sector 113,2.0,12012.0,3,3,2,24.0,Under Construction,1507.0,0,0,0,0,0,0,47,555.0
flat,ramprastha primera,sector 37d,1.1,6111.0,3,3,3,6.0,Relatively New,1700.0,0,0,0,0,0,0,149,600.0
flat,m3m soulitude,sector 89,1.42,9979.0,3,3,2,3.0,New Property,1581.0,0,0,0,0,0,0,15,474.3333333333333
flat,godrej,sector 79,1.41,8998.0,2,2,3,3.0,New Property,1747.0,1,0,0,0,0,0,104,783.5
flat,smart world gems,sector 89,1.16,10498.0,3,2,3,1.0,New Property,998.0,1,0,0,0,0,0,49,368.3333333333333
flat,shapoorji pallonji joyville gurugram,sector 102,1.9,10259.0,3,3,3+,15.0,New Property,1700.0,0,0,0,1,0,0,174,617.3333333333334
house,independent,sector 45,10.0,30864.0,6,6,3+,4.0,Moderately Old,3240.0,1,1,1,1,0,1,70,540.0
flat,indiabulls centrum park,sector 103,1.2,8433.0,2,2,3,3.0,Moderately Old,1288.0,0,0,0,0,0,0,26,711.5
house,unitech uniworld resorts,sector 33,9.55,19293.0,6,7,3+,2.0,Relatively New,4950.0,1,1,1,1,0,1,126,825.0
flat,pyramid urban homes 2,sector 86,0.43,8583.0,2,2,1,6.0,New Property,557.0,1,0,0,0,0,0,92,250.5
flat,bptp terra,sector 37d,1.75,7987.0,4,4,3,7.0,Relatively New,2100.0,0,0,0,0,1,1,120,547.75
house,independent,sector 4,3.3,14667.0,3,3,2,1.0,Old Property,2250.0,0,0,0,0,0,0,34,750.0
flat,ats kocoon,sector 109,1.7,12879.0,3,3,3,22.0,Relatively New,1550.0,0,0,0,0,0,0,103,440.0
flat,sbtl caladium,sector 109,1.63,6405.0,3,3,2,8.0,Relatively New,2303.0,0,1,0,0,0,0,159,848.3333333333334
flat,experion windchants,sector 112,3.65,11428.0,3,5,2,3.0,Relatively New,2800.0,0,1,0,0,0,0,72,1064.6666666666667
house,independent,sector 7,2.25,16892.0,5,3,0,2.0,Old Property,148.0,0,0,0,0,0,0,0,266.4
flat,vatika lifestyle homes,sector 83,1.1,6268.0,3,3,2,8.0,Relatively New,1588.0,1,0,1,1,0,1,174,585.0
flat,tarc maceo,sector 91,1.8,7759.0,3,3,3+,0.0,Relatively New,2578.0,0,0,0,1,0,2,45,773.3333333333334
flat,smart world orchard,sector 61,1.6,13913.0,2,2,2,3.0,Under Construction,1278.0,1,0,0,0,0,0,37,575.0
house,independent,sector 12,1.7,9444.0,3,3,0,1.0,Old Property,200.0,0,0,0,0,0,0,0,600.0
flat,bhagwati sadan,sector 12,1.15,5500.0,3,4,2,2.0,Old Property,2000.0,0,1,0,0,1,0,0,697.0
house,independent,sector 23,5.1,16569.0,3,2,0,1.0,Old Property,3078.0,0,0,0,0,1,0,27,1026.0
flat,ss the leaf,sector 85,1.22,13319.0,2,2,3,16.0,Relatively New,1300.0,0,0,1,0,0,0,81,458.0
house,independent,sector 5,0.75,6410.0,2,2,0,1.0,Moderately Old,130.0,0,0,0,0,0,0,0,585.0
flat,raheja vedaanta,sector 108,1.0,4854.0,2,2,2,0.0,Relatively New,2060.0,0,0,0,0,0,0,0,1030.0
flat,signature global synera,sector 81,0.48,8451.0,2,2,1,7.0,Relatively New,613.0,0,0,0,0,0,1,70,284.0
flat,supertech hilltown,sector 2,0.8,5556.0,3,2,3,8.0,Moderately Old,1440.0,0,0,0,0,0,0,0,480.0
house,eldeco mansionz,sector 48,5.0,21368.0,7,7,3,2.0,Moderately Old,2340.0,0,0,0,0,0,1,40,334.2857142857143
house,independent,sector 7,3.0,11494.0,7,7,0,3.0,Old Property,2610.0,0,0,0,0,0,0,0,372.85714285714283
flat,dlf regal gardens,sector 90,1.75,7901.0,4,4,3+,3.0,Relatively New,2005.0,0,0,0,0,1,0,6,553.75
flat,m3m woodshire,sector 107,0.8,5857.0,2,2,3+,7.0,Relatively New,1236.0,0,0,0,0,0,1,165,683.0
house,independent,sector 43,3.35,26973.0,1,1,0,1.0,Old Property,1242.0,0,0,0,0,0,0,9,1242.0
house,palam vihar extension west zone rwa,sector 2,0.35,6481.0,2,2,0,1.0,New Property,600.0,0,0,0,0,0,0,0,270.0
house,independent,sector 24,1.45,2984.0,3,3,1,2.0,Old Property,540.0,0,0,0,0,0,0,9,1620.0
flat,tulip yellow,sector 69,1.8,10563.0,3,3,3,14.0,Under Construction,1893.0,0,0,0,0,0,0,49,568.0
flat,bestech park view grand spa,sector 81,4.0,9524.0,4,5,3+,15.0,Relatively New,3801.0,0,1,0,0,0,1,127,1050.0
house,independent,sector 4,2.3,17012.0,4,4,3,2.0,Old Property,160.0,0,0,0,0,0,1,15,338.0
flat,dlf the grove,sector 43,6.0,25000.0,4,4,2,1.0,Under Construction,2667.0,0,1,0,0,0,1,49,600.0
flat,ss the leaf,sector 85,1.91,5026.0,4,6,3,6.0,Relatively New,3890.0,0,1,0,0,0,0,174,950.0
flat,ss the leaf,sector 85,1.2,7317.0,2,2,3,12.0,Relatively New,1484.0,0,0,0,0,0,1,157,820.0
flat,emaar mgf emerald estate,sector 65,1.75,12545.0,3,3,3,10.0,Relatively New,1081.0,0,1,0,0,0,1,124,465.0
flat,green court,sector 90,0.47,6812.0,2,2,1,0.0,New Property,767.0,0,0,0,0,0,0,49,345.0
flat,experion windchants,sector 112,3.29,11742.0,3,3,3+,2.0,Relatively New,2225.56,0,1,0,0,0,1,152,934.0
flat,maa bhagwati residency,sector 7,0.45,5000.0,2,2,1,4.0,Relatively New,1000.0,0,0,0,0,0,0,28,450.0
flat,apex our homes,sector 37,0.35,3784.0,2,2,1,7.0,Relatively New,850.0,0,0,0,0,0,1,158,462.5
flat,dlf city plots phase 3,sector 24,6.5,18571.0,4,5,3+,3.0,New Property,3889.0,0,1,0,0,0,2,42,875.0
flat,ss the leaf,sector 85,1.07,6524.0,2,2,3,21.0,Relatively New,1484.0,0,0,0,1,0,0,67,820.0
flat,trisara our homes 3,sohna road,0.21,4339.0,1,1,0,2.0,Relatively New,484.0,0,0,0,0,0,0,0,484.0
flat,experion the heartsong,sector 108,1.3,8344.0,3,3,3+,7.0,Relatively New,1661.0,1,0,0,0,0,0,150,519.3333333333334
flat,vatika the seven lamps,sector 82,1.37,8754.0,3,3,3,11.0,Relatively New,2000.0,1,1,0,1,0,1,145,521.6666666666666
house,vatika india next,sector 82,6.5,20062.0,4,3,0,2.0,Relatively New,3240.0,0,0,0,0,0,0,0,810.0
flat,gls avenue 51,sector 92,0.42,7107.0,2,2,1,4.0,Relatively New,657.0,1,0,0,1,0,1,42,295.5
flat,dlf regal gardens,sector 90,1.3,7151.0,3,3,3+,7.0,Relatively New,1700.0,0,0,0,0,0,0,141,606.0
flat,ansal api esencia,sector 67,1.0,6435.0,3,3,3+,2.0,Moderately Old,1406.0,0,0,0,0,0,0,9,518.0
flat,signature global city 63a,sector 63a,1.55,14776.0,2,2,2,2.0,Under Construction,1167.0,0,0,0,0,0,0,0,524.5
flat,emaar imperial gardens,sector 102,1.7,8395.0,3,4,3+,8.0,Relatively New,1750.0,0,1,0,1,0,1,174,675.0
flat,ss the leaf,sector 85,2.03,7229.0,4,4,3+,3.0,Relatively New,2225.0,0,0,0,0,1,0,49,702.0
flat,orris carnation residency,sector 85,1.1,6687.0,3,4,3,6.0,Moderately Old,1467.0,0,1,0,0,0,2,65,548.3333333333334
flat,pareena laxmi apartments,sector 99,0.32,5787.0,2,2,2,11.0,New Property,502.0,0,0,0,0,0,0,66,276.5
flat,ambience creacions,sector 22,1.99,14420.0,2,2,2,9.0,New Property,1285.0,1,1,0,1,0,0,20,690.0
flat,afnhb jalvayu vihar,sector 30,1.45,11154.0,3,2,2,2.0,Old Property,1300.0,0,0,0,0,0,2,75,433.3333333333333
flat,emaar gurgaon greens,sector 102,1.4,8485.0,3,3,3,4.0,Relatively New,1493.0,0,1,0,0,0,1,83,550.0
flat,ss the leaf,sector 85,2.0,6579.0,4,5,3+,1.0,Relatively New,2545.0,0,1,1,0,0,0,106,760.0
flat,satya the hermitage,sector 103,1.12,5625.0,3,4,3+,9.0,New Property,1734.0,0,1,0,0,0,0,49,663.6666666666666
house,independent,sector 43,5.5,19298.0,8,7,3+,3.0,Moderately Old,2850.0,1,1,0,1,1,1,123,356.25
house,dlf city plots phase 2,sector 25,7.5,31686.0,9,9,3+,4.0,Relatively New,2300.5,1,1,0,1,0,1,160,263.0
flat,adani aangan arcade,sector 88a,0.45,7200.0,2,2,1,3.0,New Property,694.0,0,0,0,0,0,0,14,312.5
flat,vipul belmonte,sector 53,6.0,24490.0,3,4,3+,6.0,Moderately Old,2217.0,0,1,0,0,1,1,26,816.6666666666666
flat,signature global solera,sector 107,0.28,5726.0,2,2,2,10.0,Relatively New,543.0,0,0,0,0,0,0,38,244.5
flat,emaar gurgaon greens,sector 102,1.5,9091.0,3,3,3,7.0,Relatively New,1315.0,0,0,0,1,0,1,174,550.0
flat,raheja revanta,sector 78,0.99,6100.0,2,2,3,14.0,Under Construction,1467.0,0,0,0,0,1,0,39,811.5
house,independent,sector 26,15.0,33201.0,5,6,3+,3.0,Moderately Old,4518.0,1,1,1,1,0,1,78,903.6
flat,suposhaa smartworld orchard,sector 61,2.25,14526.0,3,3,2,3.0,Under Construction,1721.0,0,0,0,0,0,0,0,516.3333333333334
flat,ramsons kshitij,sector 95,0.3,3158.0,2,2,1,11.0,New Property,950.0,0,0,0,0,0,0,0,475.0
flat,chd avenue,sector 71,0.82,7081.0,2,2,2,6.0,Moderately Old,1086.0,0,0,0,0,0,0,0,579.0
flat,satya element one,sector 49,0.87,19333.0,1,1,1,2.0,Relatively New,500.0,0,0,0,0,0,0,22,450.0
house,unitech uniworld resorts,sector 33,9.5,23336.0,5,7,3+,2.0,Under Construction,4071.0,1,1,1,1,0,0,57,814.2
flat,rof ananda,sector 95,0.2,5464.0,1,1,1,10.0,Relatively New,407.0,0,0,0,0,0,0,82,366.0
flat,experion windchants,sector 112,5.2,10726.0,4,6,3+,15.0,Relatively New,3655.35,0,1,0,1,0,1,174,1212.0
flat,eldeco accolade,sohna road,0.72,5737.0,2,2,3,8.0,Relatively New,1404.0,0,0,0,0,0,0,153,627.5
flat,signature andour heights,sector 71,0.59,8429.0,2,2,1,6.0,Moderately Old,639.0,0,0,0,0,0,0,67,350.0
flat,bestech park view residency,sector 2,0.56,8629.0,1,2,2,7.0,Moderately Old,723.0,0,0,0,0,0,0,92,649.0
flat,the lions cghs,sector 56,2.0,8333.0,4,4,3,8.0,Relatively New,2253.0,0,0,0,0,1,1,49,600.0
flat,kashish manor one,sector 111,1.65,7097.0,3,4,3+,14.0,Under Construction,2104.0,0,1,0,0,1,0,8,775.0
flat,"ganpati apartment  2, laxman vihar phase 1",sector 4,0.45,4707.0,2,2,1,0.0,Relatively New,944.0,0,0,0,0,0,0,46,478.0
house,vipul world,sector 48,3.35,5583.0,6,5,3+,3.0,Moderately Old,6000.0,0,0,0,0,0,0,53,1000.0
house,independent,sector 3,0.37,7923.0,1,1,1,1.0,Relatively New,480.0,0,0,0,0,0,0,0,467.0
flat,sobha city,sector 108,2.6,15196.0,3,3,2,8.0,Relatively New,1711.0,0,0,0,0,0,0,99,570.3333333333334
flat,maruti vihar colony,sector 28,0.95,8887.0,2,1,1,1.0,Old Property,1188.0,0,0,0,0,0,0,59,534.5
flat,unitech sunbreeze,sector 69,0.75,6849.0,2,2,2,4.0,Under Construction,991.0,0,0,0,0,0,0,0,547.5
flat,godrej summit,sector 104,1.1,8668.0,2,2,3,16.0,Under Construction,1148.0,0,0,0,0,1,0,88,634.5
house,vatika the seven lamps,sector 82,1.6,6598.0,4,4,3+,16.0,Moderately Old,2425.0,0,1,0,0,0,0,94,606.25
house,independent,sector 17,8.5,18814.0,4,4,2,2.0,Old Property,4518.0,1,1,0,1,0,1,21,1129.5
flat,godrej nature plus,sector 33,1.75,8768.0,3,3,0,2.0,Under Construction,1996.0,0,0,0,0,0,0,56,665.3333333333334
flat,shapoorji pallonji joyville gurugram,sector 102,1.25,9874.0,2,2,2,0.0,Relatively New,1100.0,0,0,0,0,0,0,79,633.0
flat,godrej,sector 79,1.35,8970.0,3,3,2,7.0,Relatively New,1362.0,0,0,0,0,0,0,118,501.6666666666667
flat,m3m woodshire,sector 107,1.21,6227.0,3,3,3,7.0,Moderately Old,1713.0,0,0,0,0,0,1,126,647.6666666666666
flat,pareena coban residences,sector 99,1.08,6626.0,3,5,3,2.0,Relatively New,1750.0,0,1,0,0,1,0,49,543.3333333333334
flat,eldeco accolade,sohna road,0.72,4976.0,2,2,3+,12.0,Relatively New,1131.0,1,0,0,0,0,0,152,723.5
flat,imperia the esfera,sector 37,0.99,5455.0,3,4,3,9.0,Relatively New,1660.0,0,1,0,0,0,0,49,605.0
flat,bestech park view city,sector 48,4.25,9335.0,4,5,3+,14.0,Moderately Old,4120.0,1,0,0,0,0,1,81,1138.25
flat,godrej,sector 79,1.18,8532.0,2,2,3,7.0,Relatively New,1252.0,0,0,0,0,0,0,158,691.5
flat,vipul lavanya,sector 81,1.28,7175.0,3,3,3,1.0,Moderately Old,1982.0,0,1,0,1,0,1,49,594.6666666666666
flat,pareena mi casa,sector 68,1.1,8835.0,2,2,3,11.0,New Property,1127.0,0,0,0,0,0,0,95,622.5
flat,dlf wellington estate,sector 43,2.09,14615.0,3,3,2,11.0,Old Property,1294.0,0,0,0,0,0,1,79,476.6666666666667
flat,silverglades the melia,sohna road,0.78,5778.0,2,2,3,9.0,Under Construction,1222.0,1,0,0,0,0,0,72,675.0
flat,tulip violet,sector 69,1.32,8413.0,3,3,1,12.0,Relatively New,1419.0,0,0,0,1,0,0,86,523.0
flat,dlf belvedere towers,sector 25,3.4,13765.0,4,4,3,1.0,Old Property,2744.0,0,1,0,0,0,0,26,617.5
flat,imperia the esfera,sector 37,0.99,5500.0,3,3,1,10.0,New Property,1643.0,0,1,0,0,0,0,49,600.0
flat,orchid petals,sector 49,4.21,11836.0,5,6,3+,14.0,Relatively New,3219.0,0,1,0,1,0,0,35,711.4
house,independent,sector 26,18.0,39841.0,5,4,3+,4.0,Moderately Old,4518.0,1,1,1,1,0,1,113,903.6
flat,pareena mi casa,sector 68,1.1,9016.0,2,2,3,13.0,New Property,1244.0,0,0,0,0,0,0,106,610.0
house,independent,sector 50,12.5,40611.0,6,5,3,4.0,Moderately Old,3078.0,1,1,0,1,0,1,23,513.0
flat,mapsko paradise,sector 83,0.75,5597.0,3,3,3,10.0,New Property,1162.0,0,0,0,0,1,1,49,446.6666666666667
flat,experion windchants,sector 112,6.5,10417.0,4,5,3,11.0,Relatively New,4800.0,0,0,0,0,0,0,55,1560.0
flat,dlf the primus,sector 82a,2.25,10714.0,3,3,3+,29.0,Relatively New,2333.0,0,1,0,0,0,2,72,700.0
flat,conscient heritage max,sector 102,2.2,10237.0,3,4,3+,9.0,Moderately Old,1945.0,1,1,0,0,0,0,125,716.3333333333334
house,independent,sector 26,8.9,32963.0,4,4,3+,2.0,Old Property,2700.0,1,1,1,1,0,0,82,675.0
flat,emaar palm gardens,sector 83,1.8,9474.0,3,4,0,9.0,Relatively New,1900.0,0,0,0,0,0,0,55,633.3333333333334
flat,kiran residency,sector 56,1.55,6889.0,3,3,3+,5.0,Moderately Old,1900.0,0,1,0,1,0,1,92,750.0
flat,signature global park,sohna road,0.65,7908.0,2,1,2,3.0,New Property,913.0,0,0,0,0,0,0,87,411.0
flat,dlf regal gardens,sector 90,1.24,7066.0,3,3,3+,9.0,Relatively New,1600.0,0,0,0,0,1,0,72,585.0
flat,pareena mi casa,sector 68,1.0,8163.0,2,2,2,16.0,New Property,1361.0,0,1,0,0,0,0,65,612.5
flat,supertech hues,sector 68,0.93,8611.0,2,2,2,11.0,New Property,1200.0,0,0,0,0,0,0,0,540.0
flat,citizen apartment,sector 51,3.55,6826.0,5,6,3+,11.0,Moderately Old,5200.0,1,1,1,1,0,1,157,1040.2
flat,godrej summit,sector 104,1.3,7893.0,3,3,3,8.0,New Property,1490.0,0,0,0,0,1,0,103,549.0
flat,indiabulls enigma,sector 110,3.7,10882.0,4,5,3,7.0,Relatively New,3077.0,0,1,0,0,0,0,156,850.0
house,vipul tatvam villa,sector 48,5.75,22184.0,4,4,2,2.0,Moderately Old,2592.0,0,1,0,0,0,0,30,648.0
flat,krrish provence estate,gwal pahari,7.5,7500.0,5,6,3+,23.0,Relatively New,9050.0,0,1,0,1,1,0,49,2000.0
flat,godrej summit,sector 104,1.05,5833.0,3,4,3+,7.0,Relatively New,2000.0,0,1,0,0,0,1,96,600.0
house,adani brahma samsara,sector 60,18.02,28200.0,9,12,3+,3.0,Relatively New,6390.0,0,1,0,0,0,1,146,710.0
flat,emaar mgf palm studios,sector 66,1.45,14796.0,2,2,3,3.0,Relatively New,1082.0,0,0,0,0,0,0,92,490.0
flat,emaar palm gardens,sector 83,1.75,9211.0,3,3,3,6.0,Relatively New,1549.0,0,1,0,0,0,1,105,633.3333333333334
house,independent,sector 31,3.5,24155.0,4,3,3,2.0,Moderately Old,1449.0,0,0,1,0,0,1,81,362.25
flat,signature global grand iva,sector 103,0.5,6667.0,2,2,0,10.0,Relatively New,750.0,0,0,0,0,0,0,0,375.0
flat,indiabulls centrum park,sector 103,1.34,7882.0,3,3,3+,12.0,Relatively New,1725.0,1,1,1,1,0,1,38,566.6666666666666
house,international city by sobha phase 1,sector 109,6.15,27333.0,5,5,3+,3.0,Relatively New,2250.0,0,1,1,1,0,1,130,450.0
flat,bestech park view sanskruti,sector 92,1.5,7812.0,3,3,3,3.0,Relatively New,1738.0,0,0,0,0,1,0,49,640.0
flat,hcbs sports ville,sohna road,0.29,3973.0,2,2,1,4.0,Relatively New,743.0,0,0,0,0,0,0,0,365.0
flat,ireo victory valley,sector 67,4.75,13930.0,4,4,3+,0.0,Relatively New,3200.0,1,1,1,1,0,1,165,852.5
flat,tulip violet,sector 69,1.7,8458.0,4,4,2,1.0,Relatively New,1819.0,0,0,0,0,0,0,126,502.5
house,unitech uniworld resorts,sector 33,10.0,20202.0,5,6,3,4.0,New Property,4950.0,1,1,0,0,0,0,26,990.0
flat,prime habitat,sector 99,0.32,4658.0,2,2,1,7.0,Relatively New,601.0,0,0,0,0,0,0,44,343.5
flat,vatika lifestyle homes,sector 83,1.05,5983.0,3,3,2,14.0,Relatively New,1588.0,1,1,1,1,0,1,174,585.0
flat,gls avenue 51,sector 92,0.45,7614.0,2,2,1,10.0,New Property,646.0,1,0,0,0,0,1,20,295.5
flat,parsvnath exotica,sector 53,4.8,14679.0,3,4,3+,12.0,New Property,2895.0,0,0,0,0,0,0,69,1090.0
house,emaar mgf marbella,sector 66,12.0,37037.0,4,4,3+,3.0,Relatively New,3240.0,1,1,1,1,0,1,160,810.0
flat,mapsko casa bella,sector 82,0.86,8121.0,3,3,3,5.0,Moderately Old,1234.0,1,0,0,0,0,1,120,353.0
flat,rof ananda,sector 95,0.36,5660.0,2,2,2,10.0,New Property,717.0,1,0,0,0,0,0,75,318.0
house,independent,sector 23,2.9,11600.0,4,4,3,2.0,Relatively New,2500.0,0,1,0,0,0,1,43,625.0
flat,la lagune,sector 54,6.75,21361.0,4,6,3+,11.0,Moderately Old,2455.0,0,1,0,0,0,1,119,790.0
flat,ramsons kshitij,sector 95,0.32,4501.0,2,2,1,8.0,Relatively New,563.0,0,0,0,0,1,2,28,355.5
house,independent,sector 40,5.0,21124.0,9,9,3+,3.0,Relatively New,2367.0,0,0,0,1,0,1,66,263.0
flat,conscient heritage max,sector 102,2.2,10237.0,3,4,3+,20.0,Relatively New,1186.0,1,1,0,0,0,1,45,716.3333333333334
flat,vatika city,sector 49,3.6,11921.0,4,5,3,7.0,Moderately Old,3356.0,0,1,0,1,0,2,15,755.0
house,signature global city 63a,sector 63,1.5,6289.0,3,3,2,1.0,New Property,2385.0,0,0,0,0,0,0,0,795.0
flat,dlf regal gardens,sector 90,1.79,8081.0,4,3,3+,10.0,Moderately Old,2461.0,0,0,0,0,0,0,63,553.75
flat,m3m soulitude,sector 89,1.28,8828.0,3,3,2,4.0,Under Construction,1611.0,1,0,0,0,0,0,114,483.3333333333333
house,independent,sector 46,2.4,2963.0,4,4,3,3.0,Moderately Old,900.0,0,0,1,0,0,1,44,2025.0
flat,ashiana anmol,sohna road,0.9,7059.0,2,2,2,8.0,Relatively New,1275.0,0,0,0,0,0,0,0,637.5
house,independent,sector 7,0.95,21111.0,2,1,1,3.0,New Property,450.0,0,0,0,0,0,0,15,225.0
flat,vatika city,sector 49,2.64,11723.0,3,4,3+,2.0,Moderately Old,2252.0,0,1,0,1,0,1,140,750.6666666666666
house,independent,sector 39,15.0,33333.0,5,5,3+,4.0,Moderately Old,4500.0,0,1,0,0,0,1,27,900.0
house,independent,sector 26,8.1,35294.0,5,5,2,4.0,Old Property,2295.0,0,0,0,0,0,0,42,459.0
flat,shree vardhman victoria,sector 70,1.75,8204.0,3,5,3,7.0,New Property,1527.0,0,1,0,1,0,0,37,711.0
house,unitech nirvana birch court,sector 50,6.8,31481.0,4,4,3+,2.0,Old Property,2160.0,1,1,0,1,0,0,105,540.0
flat,ansal housing highland park,sector 103,0.88,6428.0,2,2,3,3.0,New Property,1232.0,0,0,0,0,0,0,52,684.5
flat,tulip violet,sector 69,1.68,8350.0,4,4,2,1.0,Relatively New,1819.0,0,0,0,1,0,0,102,503.0
flat,sare homes,sector 92,0.56,4730.0,3,1,3,1.0,Moderately Old,1316.0,0,0,0,0,0,1,75,394.6666666666667
house,independent,sector 14,4.6,20444.0,1,1,0,1.0,Old Property,2250.0,0,0,0,0,0,0,0,2250.0
flat,tulip violet,sector 69,1.19,8815.0,2,3,1,0.0,Relatively New,1500.0,1,0,0,0,0,1,174,675.0
house,independent,sector 105,0.35,7778.0,2,2,1,2.0,Moderately Old,556.0,0,0,0,0,0,0,0,225.0
house,dlf city plots,sector 26,13.5,29880.0,5,5,2,2.0,Moderately Old,4518.0,1,1,0,0,1,1,104,903.6
flat,conscient heritage max,sector 102,1.75,9011.0,3,4,3+,13.0,Relatively New,1757.0,0,1,0,0,0,1,94,647.3333333333334
flat,m3m capital,sector 113,2.51,14800.0,3,3,3+,2.0,Under Construction,1696.0,1,0,0,0,0,0,49,565.3333333333334
house,unitech uniworld resorts,sector 33,11.75,23240.0,5,7,3+,3.0,Relatively New,5056.0,0,1,0,0,0,0,80,1011.2
flat,vatika lifestyle homes,sector 83,1.15,8214.0,3,3,1,7.0,Moderately Old,1607.0,0,0,0,0,0,1,95,466.6666666666667
flat,signature global synera,sector 81,0.45,7525.0,2,2,2,6.0,Relatively New,664.0,0,0,1,0,0,1,39,299.0
flat,experion the heartsong,sector 108,2.28,8204.0,4,5,3+,8.0,Relatively New,2515.0,0,0,0,0,0,0,101,694.75
house,the laburnum,sector 43,11.0,27160.0,5,6,3+,3.0,New Property,4050.0,0,1,0,1,0,1,160,810.0
house,independent,sector 27,4.25,31481.0,5,5,3+,3.0,Relatively New,1350.0,0,1,0,1,0,1,49,270.0
house,independent,sector 26,4.6,12198.0,4,4,3+,2.0,Old Property,3771.0,0,0,0,0,0,0,28,942.75
flat,bestech park view ananda,sector 81,0.87,7952.0,2,2,3,8.0,Relatively New,1300.0,0,0,0,0,0,1,95,547.0
flat,godrej nature plus,sector 33,1.9,9850.0,3,3,3+,14.0,New Property,2143.0,0,1,0,0,0,0,96,643.0
flat,saan verdante,sector 95,2.0,10178.0,3,4,3+,5.0,New Property,1964.0,0,1,0,0,0,0,49,655.0
flat,tulip violet,sector 69,1.4,8838.0,3,3,2,1.0,Relatively New,1428.0,0,0,0,0,0,0,95,528.0
house,unitech espace,sector 50,7.35,41761.0,4,4,3+,3.0,Moderately Old,1760.0,0,1,0,1,0,1,52,440.0
flat,dlf the ultima,sector 81,2.4,11257.0,3,3,2,10.0,Relatively New,1800.0,0,1,0,0,0,2,174,710.6666666666666
flat,capital residences 360,sector 70a,1.66,8401.0,3,3,3+,8.0,New Property,1900.0,0,1,0,0,0,0,132,658.6666666666666
flat,vatika boulevard residences and heights,sector 83,1.42,8000.0,3,3,2,2.0,Relatively New,1972.0,0,0,0,0,0,1,113,591.6666666666666
flat,ansal heights 86,sector 86,0.74,5441.0,2,2,1,11.0,Under Construction,1231.0,0,0,0,0,1,0,45,680.0
flat,m3m skycity,sector 65,3.5,17040.0,3,3,3,15.0,New Property,2282.0,1,1,0,1,0,1,166,684.6666666666666
flat,krishna appartment,sector 12,0.35,3500.0,3,3,1,2.0,Old Property,905.0,0,0,0,0,0,0,0,333.3333333333333
flat,raheja vedaanta,sector 108,0.95,5214.0,3,3,3,3.0,Relatively New,1649.0,0,0,0,0,1,0,95,607.3333333333334
flat,suncity platinum towers,sector 28,7.0,22222.0,4,3,2,10.0,Moderately Old,2488.0,0,1,0,0,0,0,31,787.5
flat,umang winter hills,sector 77,0.99,7857.0,2,2,2,1.0,Relatively New,1126.0,0,0,0,0,0,0,97,630.0
flat,parsvnath green ville,sector 48,1.86,7654.0,3,3,3+,6.0,Moderately Old,2199.0,0,1,0,0,0,1,94,810.0
flat,alpha corp gurgaonone,sector 84,2.2,6407.0,4,4,3+,15.0,Relatively New,3108.0,0,1,0,0,0,0,97,858.5
flat,hcbs sports ville,sohna road,0.32,4301.0,2,2,1,3.0,Relatively New,744.000768,0,0,0,0,0,0,109,372.0
house,independent,sector 43,8.49,31444.0,3,3,2,4.0,Relatively New,2700.0,0,1,0,1,0,1,21,900.0
flat,chd avenue,sector 71,1.4,7946.0,3,3,2,1.0,Moderately Old,1958.0,0,0,0,1,0,1,125,587.3333333333334
flat,supertech araville,sector 79,0.9,6950.0,2,2,0,12.0,Relatively New,1295.0,0,0,0,0,0,0,0,647.5
flat,sobha city,sector 108,2.1,13972.0,2,2,2,3.0,Under Construction,1250.0,0,0,0,0,0,0,74,751.5
flat,emaar mgf palm hills,sector 77,1.65,8462.0,4,3,3,9.0,Relatively New,1765.0,0,1,0,0,0,0,100,487.5
house,bptp visionnaire,sector 70a,4.6,17625.0,4,4,3+,3.0,Moderately Old,2610.0,1,1,1,1,0,0,96,652.5
flat,cghs airport apartment,sector 47,1.8,6000.0,4,4,3+,4.0,Moderately Old,2857.0,0,0,1,0,0,1,120,750.0
house,independent,sector 54,3.75,26042.0,4,4,3,3.0,Moderately Old,1440.0,0,1,0,0,0,1,13,360.0
flat,godrej summit premia towers,sector 104,0.9,7149.0,2,2,0,16.0,Relatively New,1259.0,0,0,0,0,0,0,0,629.5
flat,emaar mgf emerald estate,sector 65,1.42,13922.0,2,2,2,6.0,Relatively New,1010.0,1,0,0,0,0,1,174,510.0
flat,piedmont taksila heights,sector 37,1.05,4792.0,3,3,3,7.0,Relatively New,1738.0,0,0,0,0,0,1,81,730.3333333333334
flat,paras dews,sector 106,1.2,6818.0,3,4,3+,9.0,Relatively New,1186.0,0,1,0,0,0,0,174,586.6666666666666
flat,la vida by tata housing,sector 113,3.05,15561.0,3,4,3,3.0,Relatively New,2150.0,0,1,0,0,0,0,174,653.3333333333334
flat,emaar mgf the palm drive,sector 66,4.6,18400.0,3,3,3,11.0,Relatively New,2882.0,1,1,1,1,0,1,131,833.3333333333334
flat,dlf express greens,manesar,1.5,6359.0,4,5,3+,10.0,New Property,2135.0,0,1,0,0,0,0,32,589.75
house,unitech uniworld resorts,sector 33,8.0,17778.0,6,5,3+,4.0,Relatively New,4500.0,0,0,0,0,0,0,0,750.0
flat,shree vardhman victoria,sector 70,1.8,9231.0,3,3,3+,10.0,New Property,1765.0,0,0,0,0,1,1,49,650.0
house,independent,sector 14,3.4,15111.0,3,3,3,1.0,Old Property,2250.0,0,0,0,0,0,0,32,750.0
flat,ats triumph,sector 104,2.63,9564.0,4,4,3+,21.0,Relatively New,2953.0,0,1,0,0,0,1,161,687.5
flat,dlf regency park,sector 28,1.35,11989.0,2,2,2,1.0,Moderately Old,1109.0,0,0,0,0,0,0,0,563.0
flat,pioneer park,sector 61,3.6,12627.0,4,4,3,3.0,Moderately Old,2580.0,0,1,0,0,0,1,121,712.75
flat,radhakrishna society,sector 23,0.55,5000.0,2,2,1,1.0,Moderately Old,995.0,0,0,0,0,0,1,29,550.0
flat,shyamkunj ashok vihar pahse 2,sector 5,0.3,4444.0,2,2,1,1.0,Relatively New,750.0,0,0,0,0,0,0,21,337.5
flat,m3m woodshire,sector 107,1.01,7394.0,2,2,3+,11.0,New Property,1200.0,0,0,0,0,1,0,74,683.0
flat,bestech park view sanskruti,sector 92,1.9,8172.0,4,4,3+,10.0,Relatively New,1920.0,1,1,0,1,1,0,49,581.25
flat,vatika lifestyle homes,sector 83,1.25,6838.0,3,2,1,6.0,Relatively New,1654.0,1,1,1,1,0,2,174,609.3333333333334
flat,ireo skyon,sector 60,3.8,13571.0,4,5,3,15.0,Moderately Old,2791.0,0,1,0,0,0,1,145,700.0
house,independent,sector 4,1.9,8444.0,4,3,2,2.0,Moderately Old,211.0,0,0,1,1,0,1,46,562.5
flat,m3m sierra 68,sector 68,1.08,8675.0,2,2,3,1.0,Relatively New,1130.0,0,0,0,0,0,1,149,622.5
house,puri diplomatic greens,sector 111,9.0,11250.0,5,5,3+,3.0,Relatively New,8000.0,0,1,0,0,0,0,112,1600.0
house,unitech aspen greens,sector 50,12.0,37037.0,3,4,2,1.0,Moderately Old,3240.0,1,1,0,0,0,1,101,1080.0
flat,paras dews,sector 106,1.42,6030.0,4,6,3+,11.0,Relatively New,2131.0,0,1,0,0,0,0,143,588.75
house,independent,sector 38,8.0,25616.0,10,10,3+,1.0,Moderately Old,3123.0,0,0,0,0,0,0,0,312.3
flat,bestech park view spa next,sector 67,2.32,11990.0,3,4,3+,14.0,Moderately Old,1764.0,0,1,0,0,0,1,59,645.0
flat,karmyogi apartment,sector 10,2.3,6466.0,6,4,2,6.0,Moderately Old,3951.0,0,0,0,0,0,0,0,592.8333333333334
flat,signature global park,sohna road,0.91,6289.0,3,3,3,1.0,Relatively New,1599.0,0,0,0,1,0,0,165,482.3333333333333
house,dlf city plots phase 2,sector 25,10.75,29861.0,9,9,3+,3.0,Old Property,3600.0,0,1,1,1,0,0,73,400.0
flat,mvn athens,sohna road,0.21,4667.0,1,1,1,11.0,New Property,500.0,0,0,0,0,0,0,16,450.0
house,independent,sector 4,5.0,10101.0,3,3,2,1.0,Old Property,4950.0,0,0,0,0,0,0,22,1650.0
flat,the lions cghs,sector 56,2.05,8542.0,4,4,3+,8.0,Moderately Old,2667.0,0,0,0,0,0,1,49,600.0
flat,vatika gurgaon,sector 83,1.33,5565.0,4,4,3,3.0,Relatively New,2193.0,0,1,0,0,0,0,26,597.5
house,independent,sector 2,2.95,15989.0,4,4,3+,2.0,Old Property,1845.0,0,0,0,0,0,0,27,461.25
flat,ss the leaf,sector 85,1.85,7683.0,3,4,3,2.0,Relatively New,2179.0,1,1,0,0,0,1,49,802.6666666666666
flat,chd avenue,sector 71,0.95,7917.0,2,2,0,5.0,Moderately Old,1200.0,0,0,0,0,0,0,0,600.0
flat,shree vardhman victoria,sector 70,1.15,8519.0,2,2,3,8.0,Relatively New,1222.0,1,0,0,0,1,0,49,675.0
house,independent,sector 39,1.7,17989.0,2,2,3+,3.0,Moderately Old,900.0,0,1,1,0,0,0,45,472.5
flat,ireo the corridors,sector 67a,1.62,9380.0,3,3,2,4.0,New Property,1346.0,0,0,1,0,0,1,142,575.6666666666666
flat,ambience creacions,sector 22,2.4,17391.0,2,2,2,8.0,Relatively New,1200.0,0,0,0,0,1,2,112,690.0
flat,dlf new town heights,sector 90,1.21,6244.0,3,3,3+,7.0,Relatively New,1929.0,0,1,0,1,0,0,127,646.0
flat,ss the leaf,sector 85,1.3,7780.0,2,2,3+,16.0,Relatively New,1406.0,0,0,1,0,0,0,148,835.5
flat,greenopolis,sector 89,1.3,6806.0,3,3,3+,1.0,New Property,2122.0,0,1,0,0,0,0,35,636.6666666666666
flat,shree vardhman victoria,sector 70,1.67,14384.0,3,5,3,5.0,Moderately Old,1527.0,0,1,0,0,0,0,108,387.0
flat,vatika the seven lamps,sector 82,1.0,6969.0,2,2,2,14.0,Relatively New,1299.0,1,0,0,0,1,0,69,717.5
flat,paras quartier,gwal pahari,5.9,11028.0,4,4,3+,19.0,New Property,4842.0,1,1,1,1,0,1,160,1337.5
house,international city by sobha phase 1,sector 109,6.0,24691.0,4,5,3+,2.0,Relatively New,2430.0,0,1,0,0,0,1,96,607.5
flat,denso haryana housing society,manesar,0.9,4308.0,3,3,3+,5.0,Moderately Old,2321.0,0,1,0,0,0,0,7,696.3333333333334
flat,dlf new town heights,sector 90,1.54,6514.0,4,4,3+,12.0,Moderately Old,2200.0,0,1,0,1,0,1,111,591.0
house,tulip yellow,sector 69,2.95,16389.0,4,3,2,3.0,New Property,1800.0,0,0,0,1,1,2,111,450.0
house,independent,sector 23,4.0,16006.0,3,3,2,2.0,Moderately Old,2430.0,0,1,0,0,0,1,115,833.0
flat,pareena mi casa,sector 68,1.9,9228.0,3,3,3+,1.0,Under Construction,2288.0,0,1,0,0,0,0,49,686.3333333333334
flat,bestech park view ananda,sector 81,1.35,7542.0,3,3,3+,8.0,Old Property,1989.0,0,0,0,0,0,0,114,596.6666666666666
flat,eldeco accolade,sohna road,1.1,7550.0,2,2,3+,17.0,Relatively New,1319.0,1,0,0,0,1,1,7,728.5
flat,mapsko casa bella,sector 82,1.38,5444.0,4,5,3+,20.0,Relatively New,2294.0,0,1,0,0,0,0,79,633.75
flat,dlf the skycourt,sector 86,1.35,6998.0,3,3,1,9.0,Relatively New,1746.0,0,0,0,0,0,0,119,643.0
flat,experion the heartsong,sector 108,1.02,7950.0,2,3,3,4.0,Relatively New,1283.0,1,0,0,0,0,0,112,641.5
flat,dlf new town heights,sector 86,1.54,5785.0,4,4,3+,21.0,Moderately Old,2139.0,1,1,0,1,0,0,80,665.5
flat,dlf regal gardens,sector 90,1.65,7449.0,4,4,3+,8.0,Relatively New,1900.0,0,0,0,0,1,0,79,553.75
flat,orchid island,sector 51,1.7,10652.0,3,4,3,2.0,Moderately Old,1773.0,0,0,1,1,0,0,90,532.0
house,independent,sector 2,4.99,18887.0,4,4,3+,3.0,Moderately Old,2642.0,0,1,1,1,0,0,43,660.5
flat,vatika lifestyle homes,sector 83,1.15,6553.0,3,2,3,15.0,Relatively New,1588.0,0,0,0,0,0,0,37,585.0
flat,signature global city 37d ph 2,sector 37d,1.35,9375.0,3,3,3+,3.0,Under Construction,1600.0,0,0,0,1,0,0,51,480.0
flat,smart world orchard,sector 61,1.7,15179.0,2,2,2,4.0,Under Construction,1244.0,1,0,0,0,0,0,127,560.0
flat,trisara our homes 3,sohna road,0.36,5980.0,2,2,1,1.0,New Property,522.0,0,0,0,0,0,0,45,301.0
flat,experion heartsong,dwarka expressway,1.08,6150.0,3,3,0,2.0,Under Construction,1758.0,0,0,0,0,0,0,0,585.3333333333334
flat,m3m golfestate,sector 65,5.0,18519.0,3,3,3+,28.0,Relatively New,2800.0,0,1,0,1,0,1,165,900.0
flat,signature global park,sohna road,0.83,7411.0,3,2,2,1.0,New Property,1244.0,0,0,0,0,0,0,16,373.3333333333333
flat,pioneer park,sector 61,2.1,11667.0,3,3,3,15.0,Relatively New,1592.0,0,0,0,0,0,1,49,600.0
flat,mapsko mount ville,sector 79,1.25,8389.0,3,3,3,22.0,Relatively New,1154.0,1,0,0,1,0,0,160,496.6666666666667
flat,ats triumph,sector 104,2.65,8413.0,4,4,3+,14.0,Relatively New,2898.0,0,1,0,0,0,1,21,787.5
flat,ss the leaf,sector 85,1.1,12472.0,2,2,3,12.0,Relatively New,1173.0,1,0,0,0,0,0,75,441.0
house,bptp visionnaire,sector 70a,4.02,7309.0,4,4,3+,3.0,Relatively New,5500.0,1,1,1,1,0,0,138,1375.0
house,ansal florence super,sector 57,3.75,23148.0,3,4,3,2.0,Moderately Old,1620.0,1,1,1,0,0,1,38,540.0
flat,alpha corp gurgaonone,sector 84,0.85,6693.0,2,2,3,6.0,Relatively New,1158.0,0,0,0,0,0,1,28,635.0
house,independent,sector 6,0.5,8333.0,3,3,2,2.0,Moderately Old,600.0,0,0,0,1,0,0,0,200.0
flat,sare crescent parc royal greens phase 1,sector 92,0.79,6086.0,3,2,2,15.0,New Property,1175.0,0,0,0,0,0,0,25,432.6666666666667
flat,godrej icon,sector 88a,1.75,14894.0,3,3,3+,6.0,New Property,1306.0,0,0,0,0,0,0,55,391.6666666666667
flat,ss the leaf,sector 85,2.2,6934.0,4,5,3+,4.0,Relatively New,2545.0,0,0,0,0,0,0,106,793.25
house,independent,sector 9,0.35,9722.0,2,2,1,2.0,Old Property,360.0,0,0,0,0,0,0,0,180.0
flat,pivotal devaan,sector 84,0.36,7595.0,2,2,1,9.0,Relatively New,531.0,0,0,1,0,0,2,80,237.0
flat,suncity platinum towers,sector 28,6.2,23091.0,3,4,3+,21.0,Relatively New,2000.0,0,1,0,0,0,1,160,895.0
house,independent,sector 57,8.0,29630.0,5,4,3,2.0,Relatively New,2700.0,1,1,0,1,0,0,21,540.0
flat,tata primanti,sector 72,3.2,12190.0,4,4,3+,8.0,Moderately Old,2600.0,0,1,0,0,0,1,168,656.25
flat,paras dews,sector 106,1.05,7581.0,2,2,2,5.0,New Property,1539.0,0,0,0,0,0,0,97,692.5
flat,bptp terra,sector 37d,1.72,9498.0,3,3,3,9.0,Relatively New,1373.0,1,0,0,0,0,1,24,603.6666666666666
flat,dlf the skycourt,sector 86,1.55,8035.0,3,3,3+,12.0,Relatively New,1500.0,0,0,0,0,1,2,166,643.0
flat,ats marigold,sector 89,1.7,9714.0,3,3,3+,8.0,Under Construction,1944.0,1,0,0,0,0,0,65,583.3333333333334
flat,rof ananda,sector 95,0.37,5745.0,3,2,1,6.0,Relatively New,716.0,0,0,0,1,0,1,72,214.66666666666666
flat,viridian the plaza 106,sector 106,0.46,6571.0,1,1,1,18.0,New Property,778.0,0,0,0,0,0,0,104,700.0
flat,signature global city,sector 37d,0.68,11724.0,2,2,3,9.0,New Property,644.0,0,0,0,0,1,0,58,290.0
flat,eldeco accolade,sohna road,0.95,6556.0,2,2,3,8.0,Under Construction,1131.0,1,0,0,0,0,0,42,724.5
flat,dlf regal gardens,sector 90,1.19,5504.0,3,3,2,11.0,Relatively New,1562.0,0,0,0,0,1,0,88,720.6666666666666
flat,hcbs sports ville,sohna road,0.32,6166.0,2,2,2,2.0,New Property,577.0,0,0,0,0,0,0,37,259.5
flat,smart world gems,sector 89,0.97,8794.0,2,2,3+,2.0,New Property,1103.0,0,0,0,0,0,0,49,551.5
house,independent,sector 50,6.5,21667.0,5,6,0,1.0,Moderately Old,3000.0,0,0,0,0,0,0,0,600.0
flat,raheja vedaanta,sector 108,0.85,4637.0,3,3,2,2.0,Relatively New,1500.0,0,1,0,0,0,0,65,611.0
flat,vatika the seven lamps,sector 82,0.94,6569.0,2,2,2,12.0,Relatively New,1299.0,1,0,0,0,0,1,103,715.5
flat,antriksh heights,sector 84,0.73,6083.0,2,2,3+,4.0,Relatively New,1026.0,1,0,1,1,0,0,158,600.0
house,independent,sector 7,2.25,15625.0,3,3,2,2.0,Old Property,1440.0,0,0,0,0,0,1,27,480.0
flat,bptp terra,sector 37d,1.8,8215.0,4,3,3,12.0,Relatively New,1983.0,1,0,0,0,0,1,144,547.75
flat,godrej nature plus,sector 33,1.15,11558.0,2,2,2,15.0,Under Construction,103.0,0,0,0,0,0,0,38,497.5
flat,unitech sunbreeze,sector 69,1.0,5476.0,4,3,0,0.0,Relatively New,1826.0,0,0,0,0,0,0,0,456.5
flat,adani m2k oyster grande,sector 102,1.9,14074.0,3,4,3,21.0,Relatively New,1605.0,0,1,0,0,0,0,60,450.0
flat,breez global heights,sohna road,0.42,6422.0,2,2,2,2.0,New Property,564.0,0,0,0,0,0,0,73,327.0
flat,signature global solera,sector 107,0.25,7862.0,1,1,0,0.0,Relatively New,318.0,0,0,0,0,0,0,55,318.0
house,independent,sector 2,5.6,17284.0,8,6,3+,2.0,Moderately Old,3240.0,1,1,1,1,0,0,0,405.0
house,independent,sector 26,5.8,32222.0,4,3,2,2.0,Relatively New,1800.0,0,0,1,0,0,0,21,450.0
flat,bajrang apartments,sector 6,0.38,4471.0,2,2,2,1.0,Moderately Old,944.0,0,0,0,0,0,0,0,425.0
flat,m3m heights,sector 65,1.9,13991.0,2,2,2,40.0,Relatively New,1358.0,0,0,0,0,0,0,48,679.0
flat,sare homes,sector 92,1.25,6200.0,4,3,0,16.0,Under Construction,2040.0,0,0,0,0,0,0,49,504.0
flat,smart world gems,sector 89,1.2,12526.0,3,3,3,3.0,Under Construction,1064.0,0,0,1,1,0,0,131,319.3333333333333
flat,adani m2k oyster grande,sector 102,1.95,7561.0,3,4,3,9.0,Relatively New,2334.0,1,1,0,0,0,1,83,859.6666666666666
flat,dlf the ultima,sector 81,2.3,10994.0,3,4,3+,6.0,New Property,1893.0,0,1,0,0,0,2,167,697.3333333333334
flat,capital residences 360,sector 70a,1.18,8138.0,2,2,3,7.0,New Property,1400.0,0,0,0,1,0,0,140,725.0
flat,godrej summit,sector 104,1.25,6779.0,3,4,3+,12.0,Relatively New,1669.0,0,1,0,0,1,0,79,614.6666666666666
flat,dlf the ultima,sector 81,2.26,10762.0,3,4,3+,17.0,New Property,1900.0,0,1,0,0,0,2,174,700.0
flat,shapoorji pallonji joyville gurugram,sector 102,2.4,10545.0,4,4,3+,15.0,Relatively New,1957.0,0,0,0,0,0,0,108,569.0
flat,dnha group housing society,manesar,0.75,4518.0,3,2,2,5.0,Moderately Old,1502.0,0,0,0,0,0,0,0,553.3333333333334
flat,raheja vedas,sector 108,2.15,4134.0,3,4,3+,12.0,Relatively New,4600.0,1,0,0,0,0,0,0,1733.6666666666667
flat,shree vardhman flora,sector 90,1.25,4854.0,4,4,3,10.0,Relatively New,2861.0,1,0,0,1,0,0,174,643.75
flat,shree vardhman victoria,sector 70,1.65,8462.0,3,4,3,12.0,Relatively New,1765.0,0,1,1,0,0,0,56,650.0
flat,ramprastha the atrium,sector 37d,0.9,6224.0,3,3,2,13.0,Relatively New,1185.0,0,0,0,0,0,2,37,482.0
flat,ss the leaf,sector 85,1.14,6433.0,2,2,3,16.0,Relatively New,1604.0,0,0,0,0,0,0,44,886.0
house,independent,sector 26,15.0,33333.0,4,4,3,3.0,Moderately Old,4500.0,0,1,1,0,0,1,36,1125.0
flat,bestech altura,sector 79,1.72,8398.0,3,4,3,9.0,New Property,2050.0,0,0,0,0,0,0,49,682.6666666666666
flat,signature andour heights,sector 71,0.55,8607.0,2,2,1,7.0,Relatively New,600.0,0,0,0,0,0,1,24,319.5
house,independent,sector 21,1.6,11852.0,5,5,2,3.0,Relatively New,120.0,0,0,0,0,0,0,0,270.0
flat,smart world orchard,sector 61,1.9,22700.0,3,3,3,1.0,New Property,1137.0,0,0,0,0,0,0,30,279.0
flat,antriksh heights,sector 84,0.84,4870.0,3,3,3+,8.0,New Property,1561.0,0,0,0,1,0,0,60,575.0
flat,ansal housing highland park,sector 103,2.0,7491.0,4,5,3+,14.0,New Property,2416.0,0,1,0,0,0,0,45,667.5
flat,apna enclave,sector 3,0.8,6154.0,3,3,1,0.0,Old Property,1000.0,0,0,0,0,0,0,0,433.3333333333333
flat,adani m2k oyster grande,sector 102,2.61,10046.0,3,3,3,14.0,Relatively New,2200.0,1,1,0,0,0,0,21,866.0
flat,signature global superbia,sector 95,0.4,6723.0,2,2,3,2.0,Under Construction,661.0,0,0,0,0,0,0,0,297.5
flat,signature global city 92,sector 92,0.78,7723.0,2,2,3,2.0,Under Construction,846.0,0,0,0,0,1,0,24,505.0
house,ansal api spanish court,sector 2,2.9,18626.0,4,4,3,2.0,Relatively New,1557.0,0,0,1,0,0,1,49,389.25
flat,ireo uptown,sector 66,1.32,11438.0,2,2,2,6.0,Relatively New,1048.0,0,0,0,0,0,0,45,577.0
flat,la vida by tata housing,sector 113,2.35,13352.0,3,4,3,3.0,Relatively New,1930.0,0,1,0,0,0,0,174,586.6666666666666
flat,tarc maceo,sector 91,0.87,6641.0,2,2,2,9.0,Relatively New,1148.0,0,0,1,0,0,0,78,655.0
flat,smriti apartment,sector 56,0.6,10000.0,1,1,1,2.0,Moderately Old,543.0,0,0,0,0,0,0,49,600.0
flat,sobha city,sector 108,2.33,14463.0,3,3,3,17.0,Relatively New,1711.0,0,0,1,0,0,1,159,537.0
flat,experion windchants,sector 112,5.6,11551.0,4,6,3+,8.0,Relatively New,3655.35,0,1,0,0,0,1,168,1212.0
flat,raheja vedaanta,sector 108,0.7,4651.0,2,2,2,12.0,Relatively New,1505.0,0,0,0,0,0,0,0,752.5
flat,puri diplomatic greens,sector 111,3.7,12542.0,4,5,3+,12.0,Relatively New,2650.0,0,1,0,0,0,1,158,737.5
flat,godrej frontier,sector 80,1.4,6189.0,3,4,2,6.0,Moderately Old,1922.0,0,1,0,1,0,0,111,754.0
flat,emaar mgf palm hills,sector 77,1.09,5383.0,3,4,3+,5.0,Relatively New,1833.0,0,1,0,0,1,1,167,675.0
flat,ss the leaf,sector 85,1.08,6585.0,2,2,3,8.0,New Property,1200.0,1,1,1,1,0,1,157,820.0
flat,sbtl caladium,sector 109,1.3,6915.0,3,2,3,16.0,Moderately Old,1701.0,0,0,0,0,0,0,134,626.6666666666666
flat,umang winter hills,sector 77,0.92,5049.0,3,3,3,17.0,Relatively New,1602.0,0,0,0,0,1,1,49,607.3333333333334
house,independent,sector 41,1.65,13750.0,1,1,0,1.0,Moderately Old,1200.0,0,0,0,0,0,0,0,1200.0
flat,pyramid urban,sector 67a,0.56,7932.0,2,2,2,0.0,Relatively New,778.0,0,0,0,0,1,0,49,353.0
flat,ireo skyon,sector 60,3.0,12484.0,3,3,3,5.0,Relatively New,2400.0,0,1,0,0,0,1,174,801.0
flat,eldeco accolade,sector 33,1.2,8043.0,2,2,2,0.0,New Property,1492.0,1,0,0,0,0,0,55,746.0
flat,ild grand,sector 37,1.2,6593.0,3,3,3,7.0,Under Construction,1647.0,0,0,0,0,0,0,24,606.6666666666666
flat,tata primanti,sector 72,4.0,16032.0,4,5,3+,22.0,Relatively New,2701.0,0,1,0,0,0,1,174,623.75
house,independent,sector 7,0.45,5000.0,3,2,1,2.0,Old Property,900.0,0,0,0,0,1,0,12,300.0
flat,antriksh heights,sector 84,0.9,4444.0,3,3,3,18.0,Relatively New,1833.0,0,1,0,1,0,0,59,675.0
flat,paras dews,sector 106,1.2,11605.0,3,3,3,12.0,Relatively New,1145.0,1,0,0,0,0,0,158,344.6666666666667
flat,raheja atharva,sector 109,1.6,5319.0,4,1,0,0.0,New Property,3008.0,0,0,0,0,0,0,0,752.0
flat,central park resorts,sector 48,15.0,22388.0,5,6,3+,17.0,Relatively New,7444.0,1,1,0,1,0,2,45,1340.0
flat,bestech park view residency,sector 2,1.02,7208.0,2,2,3,11.0,Moderately Old,1281.0,0,0,0,0,0,0,92,707.5
flat,emaar gurgaon greens,sector 102,1.55,9394.0,3,4,3,7.0,Relatively New,1315.0,0,1,0,0,0,1,152,550.0
flat,ss the leaf,sector 85,1.25,7180.0,2,2,3,10.0,Relatively New,1730.0,0,0,0,0,0,0,49,870.5
flat,pareena mi casa,sector 68,1.7,8500.0,4,4,3+,23.0,New Property,1809.0,0,0,0,0,0,0,88,500.0
flat,smart world gems,sector 89,0.9,8145.0,2,2,2,1.0,New Property,1105.0,0,0,0,0,0,0,45,552.5
flat,m3m merlin,sector 67,2.9,14167.0,3,3,3,0.0,Relatively New,2047.0,0,0,0,0,1,1,49,682.3333333333334
flat,dlf new town heights,sector 86,1.3,6736.0,3,3,3,12.0,Moderately Old,1747.0,0,1,0,1,0,0,106,643.3333333333334
flat,experion the heartsong,sector 108,0.9,7015.0,2,3,3,7.0,Relatively New,1161.0,0,1,0,0,1,0,72,641.5
flat,orris carnation residency,sector 85,0.9,4532.0,4,4,3,8.0,Moderately Old,1575.0,0,0,0,0,0,1,40,496.5
flat,shree kirpalu gi sector 52,sector 52,1.45,7632.0,3,3,3+,7.0,Relatively New,1800.0,0,0,0,0,1,1,108,633.3333333333334
flat,vatika city homes,sector 83,1.05,8571.0,3,3,3,8.0,Moderately Old,1468.0,0,0,0,1,0,1,103,408.3333333333333
flat,la vida by tata housing,sector 113,3.72,13985.0,5,4,3+,0.0,New Property,2956.0,0,0,0,1,0,2,44,532.0
flat,bestech spa signature,sector 81,4.4,12571.0,4,4,3+,6.0,New Property,3700.0,1,1,0,1,1,2,49,875.0
flat,hcbs sports ville,sohna road,0.3,4011.0,2,2,2,3.0,Relatively New,743.0,0,0,0,0,0,0,0,374.0
house,independent,sector 7,1.95,13542.0,2,2,2,2.0,Old Property,1440.0,0,0,0,0,0,0,0,720.0
flat,the close south,sector 50,3.1,12445.0,3,4,3+,4.0,Moderately Old,2450.0,0,1,0,0,0,1,165,830.3333333333334
house,vatika sovereign next,sector 82a,3.85,7500.0,5,6,3+,6.0,Moderately Old,5140.0,0,0,0,0,0,0,53,1026.6
flat,signature global solera,sector 107,0.51,7907.0,3,2,2,9.0,Relatively New,717.0,0,0,0,0,1,0,15,215.0
flat,ss the leaf,sector 85,2.1,7468.0,4,5,3+,9.0,Relatively New,2545.0,0,0,0,0,0,1,67,703.0
flat,mapsko mount ville,sector 79,1.25,8389.0,3,3,3+,16.0,Relatively New,1656.0,0,0,0,0,0,1,49,496.6666666666667
flat,ashiana anmol,sohna road,0.99,8216.0,2,2,2,6.0,Under Construction,1045.0,0,0,0,0,0,0,49,602.5
flat,godrej oasis,sector 88a,1.15,7116.0,2,2,3,14.0,Relatively New,1380.0,1,0,0,1,0,0,174,808.0
flat,tulip monsella,sector 53,6.02,20816.0,3,3,3,29.0,Under Construction,2892.0,0,0,0,0,0,0,68,964.0
house,independent,sector 2,0.4,7619.0,2,2,1,1.0,Relatively New,583.0,0,0,0,0,0,0,0,262.5
house,independent,sector 12,0.38,4222.0,3,3,3,3.0,Relatively New,900.0,0,0,0,0,0,0,0,300.0
flat,ild greens,sector 37,1.05,7500.0,3,3,3,4.0,New Property,1500.0,0,0,0,0,0,1,5,466.6666666666667
flat,godrej oasis,sector 88a,1.38,6680.0,3,3,3+,7.0,Relatively New,2296.0,0,1,0,0,0,0,72,688.6666666666666
flat,corona gracieux,sector 76,1.08,5510.0,3,3,3,1.0,New Property,1774.0,0,1,0,0,0,0,58,653.3333333333334
flat,ss residency,sector 12,0.53,4818.0,3,3,2,2.0,Relatively New,995.0,0,0,0,0,0,1,14,366.6666666666667
flat,vatika gurgaon,sector 83,1.05,7000.0,3,3,3,3.0,Relatively New,1618.0,0,0,1,0,0,0,79,500.0
flat,sare green parc 2,sector 92,1.07,5245.0,4,3,3,10.0,Under Construction,2040.0,1,1,0,0,0,0,86,510.0
flat,experion the heartsong,sector 108,1.2,6826.0,3,2,3+,11.0,Relatively New,1550.0,0,1,0,1,0,1,174,586.0
flat,dlf regal gardens,sector 90,1.29,7104.0,3,3,3+,12.0,Relatively New,1817.0,0,1,0,0,0,0,152,605.3333333333334
flat,capital residences 360,sector 70a,1.68,8502.0,3,3,3+,5.0,New Property,1900.0,0,1,0,0,0,0,141,658.6666666666666
flat,signature global synera,sector 81,0.31,7434.0,1,1,1,13.0,Relatively New,366.0,0,0,0,0,0,2,123,417.0
flat,bestech park view grand spa,sector 81,2.22,8346.0,3,4,3+,15.0,Relatively New,2407.0,0,1,0,0,0,1,174,886.6666666666666
flat,vatika gurgaon,sector 83,1.18,6801.0,3,3,2,14.0,Relatively New,1618.0,0,0,0,0,0,0,26,578.3333333333334
house,shri shyam residency,sector 104,0.62,12400.0,3,3,1,2.0,Moderately Old,900.0,0,0,0,0,1,2,8,166.66666666666666
flat,experion the heartsong,sector 108,1.2,6826.0,3,3,3+,10.0,Relatively New,1275.53,1,0,0,0,0,0,93,586.0
flat,gls arawali homes,sohna road,0.26,4514.0,2,2,2,4.0,Relatively New,640.0,0,0,0,0,0,0,42,288.0
flat,assotech blith,sector 99,1.15,6594.0,2,2,2,2.0,New Property,1235.0,0,0,0,0,1,1,72,872.0
flat,elan the presidential,sector 106,3.9,15918.0,3,3,0,20.0,Relatively New,2450.0,0,0,0,0,0,0,66,816.6666666666666
flat,shapoorji pallonji joyville gurugram,sector 102,1.95,17287.0,3,3,3,12.0,New Property,1465.0,0,0,1,0,0,0,72,376.0
flat,sare homes,sector 92,0.82,5384.0,3,3,3+,12.0,Relatively New,1221.18,0,0,0,0,0,0,114,507.6666666666667
flat,m3m latitude,sector 65,4.7,19748.0,3,3,3+,9.0,Relatively New,2380.0,0,1,0,1,0,1,44,793.3333333333334
flat,rof ananda,sector 95,0.38,5901.0,2,2,2,5.0,Relatively New,716.0,1,0,0,0,0,0,83,322.0
house,international city by sobha phase 1,sector 109,5.9,24280.0,4,5,2,2.0,Relatively New,2430.0,0,1,0,0,0,1,111,607.5
flat,m3m merlin,sector 67,3.4,14419.0,3,4,3+,16.0,Relatively New,2134.0,0,1,0,0,0,1,158,786.0
flat,signature global solera,sector 107,0.3,6135.0,2,2,1,5.0,Relatively New,544.0,0,0,0,0,0,0,57,244.5
flat,ss the leaf,sector 85,1.25,10889.0,2,2,3+,17.0,Relatively New,1426.0,0,0,1,0,0,0,156,574.0
flat,antriksh heights,sector 84,0.6,5000.0,2,2,2,14.0,Relatively New,1086.0,0,0,0,0,0,0,52,600.0
house,independent,sector 43,7.85,29074.0,9,9,3+,3.0,Relatively New,2700.0,1,1,0,1,1,2,49,300.0
flat,signature global solera,sector 107,0.35,6399.0,2,2,2,8.0,Relatively New,608.0,0,0,0,0,0,0,45,273.5
flat,godrej nature plus,sector 33,1.25,9025.0,2,2,3,17.0,Under Construction,1385.0,0,0,0,0,0,0,56,692.5
flat,tulip violet,sector 69,1.55,9823.0,3,3,2,5.0,Relatively New,1428.0,0,0,0,1,0,0,99,526.0
house,independent,sector 7,1.75,11111.0,4,2,2,2.0,Old Property,1575.0,0,0,0,0,1,0,31,393.75
flat,tulip violet,sector 69,1.66,8409.0,4,4,1,12.0,Relatively New,1783.0,0,0,0,1,0,0,102,493.5
flat,ss the leaf,sector 85,2.2,11179.0,4,5,3+,4.0,Relatively New,2390.0,0,1,0,1,0,0,174,492.0
flat,m3m woodshire,sector 107,1.32,6331.0,3,3,3,10.0,Relatively New,1758.0,0,0,0,0,0,0,117,695.0
flat,dlf the skycourt,sector 86,2.2,11500.0,3,3,1,7.0,Relatively New,1747.0,0,0,0,1,0,2,77,637.6666666666666
flat,vatika inxt floors,sector 82a,0.75,7500.0,2,2,2,1.0,Relatively New,1000.0,0,0,0,0,0,0,0,500.0
flat,shree vardhman flora,sector 90,0.85,4404.0,3,4,3,3.0,Relatively New,1679.0,0,1,1,0,0,0,110,643.3333333333334
flat,ansal api sushant estate,sector 52,0.29,11600.0,1,1,0,0.0,Moderately Old,278.0,0,0,0,0,0,1,49,250.0
flat,uphar lakshya homes,sector 105,0.42,4200.0,3,2,1,1.0,Relatively New,1111.0,0,0,0,0,0,0,7,333.3333333333333
flat,m3m skywalk,sector 74,1.47,10954.0,2,2,3,26.0,New Property,1281.0,0,0,0,0,0,1,31,671.0
house,independent,sector 55,1.64,10123.0,3,3,2,4.0,New Property,1620.0,1,1,0,0,0,1,54,540.0
flat,m3m golf hills,sector 79,1.45,10211.0,2,2,3,15.0,Under Construction,1578.0,0,0,0,0,0,0,67,710.0
flat,ss the leaf,sector 85,1.18,10094.0,2,3,3,12.0,Relatively New,1420.0,0,0,0,1,0,1,150,584.5
flat,chd avenue,sector 71,1.2,7407.0,3,3,3,4.0,Relatively New,1466.0,0,0,0,0,1,1,49,540.0
flat,ats kocoon,sector 109,1.68,9628.0,3,3,3,8.0,Relatively New,1579.0,0,0,0,0,0,0,142,581.6666666666666
flat,sare homes,sector 92,0.8,4695.0,4,4,3,1.0,Moderately Old,1893.0,0,0,0,0,0,0,77,426.0
flat,bestech altura,sector 79,1.9,8837.0,3,4,3,11.0,Under Construction,1946.0,0,0,0,0,0,0,96,716.6666666666666
house,project mianwali colony,sector 12,2.0,14815.0,5,5,2,3.0,Old Property,1350.0,0,0,0,0,0,0,0,270.0
flat,dlf the skycourt,sector 86,1.55,8031.0,3,3,3,5.0,Relatively New,1900.0,0,0,0,0,0,0,49,643.3333333333334
house,independent,sector 105,1.3,11556.0,3,3,1,2.0,Moderately Old,1125.0,0,0,0,0,0,0,16,375.0
flat,imperia elvedor,sector 37,0.55,8221.0,1,1,0,5.0,Relatively New,669.0,0,0,0,0,0,0,0,669.0
flat,spaze privy at,sector 84,1.35,9643.0,3,3,3,7.0,Relatively New,1750.0,0,0,0,1,0,0,90,466.6666666666667
flat,birla navya,sector 63a,3.5,25926.0,3,3,3,1.0,Under Construction,1350.0,0,0,0,0,0,0,38,450.0
flat,antriksh green,sector 45,2.25,7826.0,4,4,2,9.0,Old Property,3194.0,0,1,0,0,0,2,23,718.75
house,independent,sector 4,0.67,9795.0,3,3,2,2.0,Relatively New,76.0,0,0,0,0,1,0,7,228.0
flat,emaar mgf emerald floors premier,sector 65,2.5,15152.0,3,3,3,3.0,Relatively New,1493.0,1,1,0,0,0,0,15,550.0
flat,tulip ivory,sector 70,2.0,8333.0,4,5,3+,2.0,Relatively New,2172.0,0,1,0,0,0,1,49,600.0
flat,bptp mansions park prime,sector 66,2.7,9768.0,4,4,3,6.0,Relatively New,2501.0,0,1,0,0,1,0,13,691.0
flat,bestech altura,sector 79,2.69,12500.0,3,4,3+,3.0,New Property,2152.0,0,1,0,0,0,0,49,717.3333333333334
flat,tata primanti,sector 72,3.3,15103.0,3,4,3+,15.0,New Property,2185.0,0,1,0,0,0,2,174,728.3333333333334
flat,sbtl caladium,sector 109,1.8,7073.0,3,3,3+,10.0,Relatively New,2000.0,0,0,0,0,0,0,174,848.3333333333334
flat,dlf the skycourt,sector 86,1.72,8917.0,3,3,1,8.0,Relatively New,1746.0,0,0,0,0,1,1,49,643.0
flat,ss the leaf,sector 85,1.15,10017.0,2,2,3+,18.0,Relatively New,1380.0,0,0,1,0,0,0,156,574.0
flat,rk tower,sector 2,0.95,9596.0,2,2,1,1.0,Relatively New,1100.0,0,0,0,0,0,0,99,495.0
flat,experion the heartsong,sector 108,1.6,7988.0,3,4,3+,3.0,Relatively New,1500.29,0,1,0,0,0,1,60,667.6666666666666
flat,aipl club residences,sector 70a,1.27,9777.0,2,2,3+,24.0,Relatively New,1449.0,0,0,0,0,1,1,113,649.5
flat,shree vardhman victoria,sector 70,1.66,14249.0,3,5,3,8.0,Relatively New,1527.0,0,1,0,0,0,0,108,388.3333333333333
flat,emaar mgf the palm drive,sector 66,3.0,14286.0,4,5,3+,10.0,Relatively New,2100.0,0,1,0,0,0,1,49,525.0
flat,la vida by tata housing,sector 113,1.65,10450.0,3,2,2,3.0,Relatively New,1420.0,0,0,0,0,0,0,49,526.3333333333334
flat,krrish florence estate,sector 70,1.3,5601.0,3,3,3,17.0,Under Construction,1865.0,0,0,0,0,0,1,61,773.6666666666666
flat,mapsko mount ville,sector 79,1.25,7716.0,3,3,2,1.0,Relatively New,1212.0,1,0,0,1,0,1,166,540.0
flat,signature the serenas,sohna road,0.45,8475.0,2,2,1,10.0,New Property,590.0,0,0,0,0,0,0,23,265.5
flat,rail vihar cghs,sector 56,1.35,10385.0,3,2,2,1.0,Old Property,1275.0,0,0,0,0,1,0,159,433.3333333333333
flat,ss the leaf,sector 85,1.17,7002.0,2,2,3,11.0,Relatively New,1660.0,0,0,0,0,0,0,49,835.5
house,independent,sector 7,1.35,4545.0,4,5,0,3.0,Old Property,330.0,0,0,0,0,0,0,0,742.5
house,independent,sohna road,6.25,6944.0,3,3,0,1.0,Moderately Old,9000.0,0,0,0,0,0,0,0,3000.3333333333335
flat,vipul lavanya,sector 81,0.6,6667.0,2,2,1,0.0,Relatively New,1000.0,0,0,0,0,0,0,49,450.0
flat,ansal heights 86,sector 86,0.67,5099.0,2,2,1,10.0,Relatively New,1231.0,0,0,0,0,0,0,115,657.0
flat,puri emerald bay,sector 104,1.5,9677.0,2,2,2,7.0,Under Construction,1403.0,0,0,0,0,1,0,43,775.0
house,emaar mgf marbella,sector 66,8.8,41608.0,4,4,3+,3.0,Relatively New,2115.0,0,1,1,1,0,0,107,528.75
flat,shree arihant apartment,sector 54,1.55,7381.0,3,3,3+,3.0,Moderately Old,2000.0,0,0,0,1,1,1,125,700.0
flat,m3m skywalk,sector 74,1.52,13345.0,2,2,3,6.0,Relatively New,1250.0,0,0,1,0,0,0,174,569.5
flat,m3m soulitude,sector 89,1.14,8000.0,3,3,2,2.0,Under Construction,1581.0,1,0,0,0,0,0,77,475.0
flat,tulip violet,sector 69,1.7,8433.0,4,4,2,10.0,New Property,1819.0,0,0,0,0,0,0,125,504.0
flat,indiabulls enigma,sector 110,3.4,10000.0,4,5,3,10.0,Relatively New,3000.0,0,1,0,0,0,0,152,850.0
house,unitech aspen greens,sector 50,6.8,31481.0,4,5,3,3.0,Old Property,2160.0,1,1,0,0,0,1,111,540.0
flat,indiabulls centrum park,sector 103,1.9,5682.0,3,4,3+,10.0,Relatively New,3716.0,1,1,0,1,1,1,49,1114.6666666666667
house,independent,sector 5,1.0,6667.0,1,1,0,1.0,Moderately Old,1500.0,0,0,0,0,0,0,0,1500.0
flat,nul,gwal pahari,0.56,6054.0,2,2,1,11.0,Old Property,1028.0,0,0,0,0,0,1,0,462.5
flat,signature global park,sohna road,0.55,7353.0,2,2,3,4.0,New Property,828.0,0,0,0,0,0,0,80,374.0
flat,dlf the ultima,sector 81,2.25,10755.0,3,4,3+,11.0,Relatively New,2090.0,0,1,0,0,0,2,174,697.3333333333334
house,international city by sobha phase 1,sector 109,5.5,21603.0,4,4,3+,2.0,New Property,2430.0,0,1,0,0,0,0,61,636.5
house,suncity essel towers,sector 28,6.0,22222.0,4,4,3+,3.0,Old Property,2700.0,1,0,0,0,0,1,89,675.0
house,vipul tatvam villa,sector 48,8.2,25309.0,3,3,2,2.0,Moderately Old,3240.0,1,1,0,1,0,2,160,1080.0
flat,corona optus,sector 37,1.44,7251.0,3,3,3+,8.0,New Property,2211.0,0,1,0,0,0,0,37,662.0
house,ats tourmaline,sector 109,1.87,8698.0,3,4,0,12.0,Relatively New,2150.0,0,0,0,0,0,0,0,716.6666666666666
flat,tulip leaf,sector 69,2.06,11388.0,3,3,3,16.0,Relatively New,1640.0,0,0,0,0,0,0,49,603.0
flat,chintels paradiso,sector 109,1.8,8867.0,3,3,2,0.0,Moderately Old,1910.0,0,1,0,0,0,0,83,676.6666666666666
flat,antriksh heights,sector 84,0.89,4369.0,3,3,3,8.0,Relatively New,1833.0,0,0,0,1,0,0,67,679.0
flat,orchid petals,sector 49,2.51,12179.0,3,3,3+,7.0,Old Property,2061.0,1,0,0,0,0,1,72,687.0
flat,godrej nature plus,sector 33,1.25,9025.0,2,2,3+,15.0,Under Construction,1539.0,0,0,0,0,0,0,44,692.5
flat,orris aster court,sector 85,0.9,5671.0,3,3,3,8.0,Relatively New,1436.0,0,0,0,0,0,0,49,529.0
flat,puri diplomatic greens,sector 111,3.65,12373.0,4,5,3+,17.0,Moderately Old,2670.0,0,1,0,0,0,0,132,737.5
flat,green campus chs,manesar,0.9,3935.0,3,3,3+,6.0,Moderately Old,2070.0,0,1,0,0,0,0,5,762.3333333333334
flat,tulip violet,sector 69,2.0,9950.0,4,4,2,0.0,Relatively New,1819.0,0,0,0,0,0,0,95,502.5
flat,dlf new town heights,sector 90,1.65,6980.0,4,4,3+,15.0,Moderately Old,2139.0,0,1,0,0,0,1,137,591.0
house,independent,sector 14,4.5,20000.0,5,5,1,1.0,Relatively New,2778.0,0,0,0,0,0,0,0,450.0
flat,bptp terra,sector 37d,1.6,7303.0,4,3,3+,7.0,Relatively New,2000.0,0,0,0,0,1,1,139,547.75
flat,whiteland blissville,sector 76,1.92,11794.0,3,3,2,3.0,Under Construction,1628.0,0,0,0,0,0,0,61,542.6666666666666
flat,emaar mgf emerald floors premier,sector 65,2.8,14177.0,4,4,3,2.0,Relatively New,2194.0,1,1,0,0,0,1,108,493.75
flat,imperia the esfera,sector 37,0.95,5702.0,2,2,0,17.0,Under Construction,1578.0,0,1,0,0,0,0,66,833.0
house,independent,sector 13,1.5,10519.0,2,2,2,3.0,Old Property,1426.0,1,0,0,1,0,0,7,713.0
house,independent,sector 12,0.9,13333.0,4,4,0,2.0,Old Property,675.0,0,0,0,0,0,0,0,168.75
house,ansal sushant residency,sector 57,4.6,17037.0,6,6,3,3.0,Old Property,2700.0,1,1,1,1,0,2,102,450.0
flat,suncity heights,sector 54,3.85,16446.0,3,3,3+,8.0,Old Property,2119.0,0,1,0,0,0,0,67,780.3333333333334
flat,ats kocoon,sector 109,2.22,10597.0,3,3,3,20.0,Relatively New,1896.0,0,1,0,0,1,0,79,698.3333333333334
flat,hcbs sports ville,sohna road,0.38,5067.0,2,2,2,9.0,Relatively New,750.0,0,0,0,0,0,0,0,375.0
flat,mvn athens,sohna road,0.25,3671.0,2,2,1,11.0,Relatively New,681.0,0,0,0,0,0,1,67,340.5
flat,hcbs sports ville,sohna road,0.32,5517.0,2,2,1,7.0,New Property,644.0,0,0,0,0,0,0,37,290.0
house,malibu towne,sector 47,1.15,4646.0,3,3,3,2.0,Old Property,275.0,0,0,0,0,0,1,33,825.0
flat,pioneer araya,sector 62,9.95,20996.0,4,6,3,12.0,Relatively New,3933.0,0,1,0,1,0,1,138,1184.75
flat,emaar mgf palm hills,sector 77,1.08,5400.0,3,4,3+,5.0,Relatively New,1810.0,1,1,0,0,1,1,167,666.6666666666666
house,independent,sector 50,10.56,32593.0,5,5,3,3.0,Moderately Old,3240.0,0,1,0,0,0,0,20,648.0
flat,shree vardhman flora,sector 90,0.7,5178.0,2,2,3,9.0,New Property,1224.0,1,0,0,0,0,0,97,676.0
flat,vatika independent floors,sector 82,0.67,5826.0,2,2,3,2.0,Moderately Old,1150.0,0,0,0,0,0,0,53,575.0
flat,meditech apartment,sector 56,2.45,8167.0,4,4,3+,1.0,Relatively New,2900.0,0,0,0,0,1,1,118,750.0
flat,dlf the ultima,sector 81,2.4,11412.0,3,4,3+,19.0,Relatively New,1903.0,0,1,0,0,0,2,174,701.0
flat,central park flower valley,sector 33,1.55,11923.0,3,3,3+,7.0,New Property,1444.0,0,0,0,0,0,1,28,433.3333333333333
flat,dlf the skycourt,sector 86,1.5,9740.0,3,3,3+,18.0,Relatively New,1780.0,1,0,0,0,0,0,174,513.3333333333334
flat,shree vardhman victoria,sector 70,1.65,8462.0,3,4,3,1.0,Relatively New,1586.0,0,1,0,0,0,2,167,650.0
flat,gls arawali homes,sohna road,0.26,4514.0,2,2,2,5.0,New Property,640.0,0,0,0,0,0,0,78,288.0
flat,ambience lagoon,sector 24,4.25,13281.0,3,4,3+,3.0,Old Property,3201.0,0,1,1,0,0,1,131,1066.6666666666667
flat,pyramid urban,sector 67a,0.53,8968.0,2,2,1,6.0,Relatively New,657.0,0,0,0,0,1,1,49,295.5
flat,puri emerald bay,sector 104,2.23,9911.0,3,4,3+,10.0,Relatively New,2359.0,0,1,0,0,0,1,159,750.0
flat,trisara our homes 3,sohna road,0.38,6312.0,2,2,2,1.0,Relatively New,602.0,0,0,0,0,0,0,0,301.0
flat,bestech park view residency,sector 2,1.51,7889.0,3,4,3+,8.0,Moderately Old,1738.0,0,1,0,0,0,0,92,638.0
house,unitech espace,sector 50,9.8,30247.0,4,4,3,2.0,Moderately Old,3240.0,0,1,0,0,0,0,22,810.0
flat,suncity platinum towers,sector 28,6.0,22346.0,3,3,2,8.0,Moderately Old,2983.0,0,1,0,0,0,0,31,895.0
house,independent,sector 23,5.0,16244.0,4,4,2,2.0,Old Property,3078.0,0,0,0,0,0,0,7,769.5
flat,puri diplomatic greens,sector 111,2.65,11964.0,3,4,3+,19.0,Relatively New,2005.0,1,1,1,1,0,0,65,738.3333333333334
flat,puri diplomatic greens,sector 111,2.25,13235.0,3,3,2,12.0,Relatively New,1538.0,0,0,0,0,0,0,101,566.6666666666666
flat,tulip violet,sector 69,1.28,8112.0,3,3,2,12.0,Relatively New,1428.0,0,0,0,1,0,1,49,526.0
flat,ambience creacions,sector 22,1.99,15547.0,2,2,2,9.0,New Property,1285.0,0,0,0,0,0,0,49,640.0
flat,signature global park,sohna road,0.87,7190.0,3,2,3,4.0,Relatively New,1210.0,0,0,0,0,0,0,58,403.3333333333333
flat,my home,sector 110,0.22,4400.0,2,2,1,1.0,New Property,556.0,0,0,0,0,0,1,0,250.0
flat,ansal maple crescent,sector 43,1.35,10037.0,3,3,3,2.0,Old Property,1320.0,0,0,0,0,1,1,93,448.3333333333333
flat,chd avenue,sector 71,1.15,6527.0,3,3,2,15.0,Moderately Old,1541.0,0,1,0,0,0,1,66,587.3333333333334
flat,the castle society,sector 56,2.0,8696.0,4,4,2,4.0,Under Construction,2081.0,0,0,0,0,0,0,0,575.0
flat,la vida by tata housing,sector 113,1.35,13990.0,2,2,3,10.0,New Property,1090.0,0,0,0,0,0,0,174,482.5
flat,whiteland the aspen,sector 76,3.35,17613.0,3,4,3+,5.0,Under Construction,2111.0,0,1,0,0,0,2,151,634.0
flat,eldeco accolade,sohna road,0.71,5608.0,2,2,3,10.0,Relatively New,1154.0,0,0,0,0,0,0,159,633.0
flat,smart world one,dwarka expressway,1.65,5933.0,3,4,3,6.0,Under Construction,3094.0,0,0,0,0,0,0,0,927.0
flat,shree vardhman victoria,sector 70,1.55,7949.0,3,3,3,6.0,Relatively New,1527.0,1,1,0,1,1,0,49,650.0
flat,ss the leaf,sector 85,1.2,7317.0,2,2,3+,14.0,Relatively New,1380.0,0,0,1,0,0,0,141,820.0
flat,bptp terra,sector 37d,1.55,7074.0,4,3,3+,19.0,Relatively New,2100.0,0,0,0,0,1,1,131,547.75
flat,pareena mi casa,sector 68,1.15,9237.0,2,2,3,8.0,New Property,1127.0,0,0,0,0,0,0,49,622.5
flat,swarn jayanti cghs,sector 54,1.75,7609.0,4,3,3+,3.0,Old Property,1900.0,0,0,0,0,1,1,26,575.0
flat,sare crescent parc,sector 92,0.8,4211.0,4,3,2,10.0,Relatively New,1719.0,0,0,0,0,1,0,37,475.0
flat,ats triumph,sector 104,1.85,8079.0,3,4,3+,14.0,Relatively New,2072.0,1,1,1,1,0,0,117,763.3333333333334
flat,pareena coban residences,sector 99,1.6,8000.0,3,3,3,6.0,Under Construction,1810.0,0,0,0,0,0,0,0,666.6666666666666
flat,raheja vedaanta,sector 108,0.7,4522.0,2,2,3,1.0,Relatively New,1548.0,0,0,0,0,0,0,0,774.0
flat,ss the leaf,sector 85,1.2,12371.0,2,2,2,4.0,Relatively New,1190.0,0,1,1,0,0,0,81,485.0
flat,indiabulls centrum park,sector 103,1.33,8581.0,3,3,3+,8.0,Relatively New,1671.0,1,0,0,0,0,0,150,516.6666666666666
house,signature global city 81,sector 81,0.75,6849.0,3,2,3,4.0,Under Construction,1095.0,1,0,0,0,0,0,97,365.0
flat,breez global heights,sohna road,0.21,5330.0,1,1,1,2.0,Relatively New,438.0,0,0,0,0,0,0,21,394.0
flat,signature global city,sector 37d,1.1,9839.0,2,2,2,4.0,Relatively New,1242.0,0,0,0,0,0,0,59,559.0
flat,vatika city homes,sector 83,1.08,6207.0,3,3,3,6.0,Relatively New,1537.0,0,0,1,0,0,0,111,580.0
flat,ambience creacions,sector 22,4.63,14984.0,3,5,3+,5.0,New Property,2796.0,0,1,0,0,1,0,120,1030.0
flat,signature the roselia,sector 95,0.41,7295.0,2,2,2,12.0,New Property,670.0,0,0,0,0,0,1,93,281.0
flat,shree vardhman victoria,sector 70,1.62,13953.0,3,3,3,9.0,Relatively New,1527.0,0,1,0,0,0,0,96,387.0
flat,puri the aravallis,sector 61,3.9,33220.0,3,4,3+,33.0,Under Construction,1174.0,0,1,0,0,0,0,158,391.3333333333333
house,independent,sector 21,0.45,8411.0,3,2,1,1.0,Relatively New,594.0,0,0,0,0,0,0,0,178.33333333333334
flat,ss the leaf,sector 85,1.78,7392.0,3,4,3+,6.0,New Property,2179.0,0,0,1,0,0,0,113,802.6666666666666
flat,sare homes,sector 92,0.95,4251.0,4,3,2,16.0,New Property,1983.0,0,0,0,0,0,0,95,558.75
flat,kiran residency,sector 56,1.55,7750.0,3,3,3+,5.0,Old Property,1800.0,0,1,0,1,1,0,166,666.6666666666666
flat,shyam apartment,sector 3,0.26,3714.0,2,1,2,2.0,Relatively New,611.0,0,0,0,0,0,0,0,350.0
flat,dlf royalton tower,sector 43,6.5,20687.0,4,4,3+,9.0,Moderately Old,2712.0,0,1,0,0,0,0,7,785.5
flat,ss the leaf,sector 85,1.15,11967.0,2,2,3,20.0,Relatively New,1263.0,0,0,0,1,0,0,107,480.5
flat,tata primanti,sector 72,4.0,13769.0,4,5,2,7.0,Moderately Old,2629.0,0,1,0,0,0,0,38,726.25
flat,shree vardhman mantra,sector 67,0.56,7000.0,2,2,1,8.0,New Property,889.0,0,0,0,0,0,0,65,400.0
house,independent,sector 48,8.4,25926.0,4,4,3,2.0,Old Property,3240.0,0,1,0,1,0,1,15,810.0
flat,brisk lumbini terrace homes,sector 109,1.38,6339.0,3,3,1,4.0,Moderately Old,2419.0,0,0,0,0,0,0,20,725.6666666666666
flat,imperia the esfera,sector 37,0.87,5513.0,2,3,3+,9.0,New Property,1428.0,1,0,0,0,0,0,49,789.0
flat,sidhartha ncr one,sector 95,0.57,4179.0,2,2,2,10.0,New Property,1364.0,0,0,0,0,0,0,0,682.0
flat,orris aster court premier,sector 85,1.38,6509.0,3,4,2,6.0,Relatively New,1616.0,0,1,0,0,0,0,76,706.6666666666666
house,huda sector-56 gurgaon,sector 56,3.6,24845.0,5,5,3+,3.0,Moderately Old,1449.0,0,0,0,0,1,0,47,289.8
flat,corona gracieux,sector 76,1.05,5949.0,3,3,3+,7.0,Relatively New,1597.0,0,0,0,0,0,1,133,588.3333333333334
flat,signature global city 37d ph 2,sector 37d,1.1,8148.0,3,3,1,2.0,Under Construction,1500.0,0,0,0,1,0,0,30,450.0
flat,indiabulls centrum park,sector 103,1.15,8679.0,2,2,3,10.0,Relatively New,1080.0,1,0,0,0,0,1,174,662.5
flat,emaar mgf the enclave,sector 66,1.9,10556.0,3,4,2,8.0,Relatively New,1850.0,0,1,0,0,0,1,174,600.0
flat,paras dews,sector 106,1.28,7273.0,3,4,3+,24.0,Relatively New,1186.0,0,1,0,0,0,0,49,586.6666666666666
flat,krisumi waterfall residences,sector 36,3.65,14381.0,3,3,2,17.0,New Property,2297.0,0,0,0,0,0,0,31,846.0
house,independent,sector 17,9.5,23457.0,8,8,3,3.0,Relatively New,4050.0,1,0,0,0,0,1,27,506.25
flat,antriksh heights,sector 84,0.49,4356.0,2,2,2,16.0,Relatively New,1018.0,0,0,0,0,0,0,66,562.5
flat,dlf new town heights,sector 86,1.26,6114.0,3,3,3,5.0,Moderately Old,1747.0,0,1,0,0,1,0,113,687.0
flat,sare homes,sector 92,0.95,4872.0,4,3,3,13.0,New Property,1765.0,0,0,0,0,0,0,0,487.5
flat,sare green parc phase 3,sector 92,0.79,6086.0,3,2,2,15.0,New Property,1175.0,0,0,0,0,0,0,29,432.6666666666667
flat,suncity avenue 76,sector 76,0.75,10204.0,2,2,2,11.0,Under Construction,665.0,0,0,0,0,0,0,57,367.5
house,independent,sector 37d,2.5,13158.0,5,5,3+,2.0,Relatively New,1900.0,0,0,0,0,0,0,0,380.0
flat,mapsko royale ville,sector 82,1.15,6425.0,3,4,2,15.0,Relatively New,1620.0,0,1,0,1,0,1,104,596.6666666666666
flat,ansal sushant residency,sector 57,1.5,6775.0,3,2,3+,1.0,Moderately Old,273.0,0,0,0,0,0,0,87,738.0
flat,godrej nature plus,sector 33,1.55,9955.0,3,2,3+,8.0,New Property,1730.0,0,0,0,0,0,0,43,519.0
flat,deepak minda,manesar,1.2,4528.0,3,3,3+,6.0,Moderately Old,2944.0,0,1,0,0,0,0,7,883.3333333333334
flat,vipul belmonte,sector 53,6.5,21922.0,3,4,3+,0.0,Old Property,2683.0,1,0,0,0,1,0,72,988.3333333333334
flat,bptp terra,sector 37d,1.5,8283.0,3,3,3,17.0,Relatively New,1692.0,0,0,0,0,1,0,49,603.6666666666666
flat,bestech park view residency,sector 2,0.55,8462.0,1,1,2,7.0,Moderately Old,588.0,0,0,0,0,0,0,31,650.0
house,international city by sobha phase 2,sector 109,6.44,26502.0,4,5,3+,3.0,New Property,2430.0,1,1,1,1,0,0,138,607.5
flat,ss the leaf,sector 85,1.25,7180.0,2,2,2,16.0,Relatively New,1934.0,0,0,0,0,0,1,49,870.5
flat,gls arawali homes,sohna road,0.27,4688.0,2,2,2,1.0,New Property,640.0,0,0,0,0,0,0,35,288.0
house,independent,sector 27,8.0,26298.0,9,9,3,4.0,Relatively New,3042.0,1,1,1,1,0,2,110,338.0
flat,eldeco accolade,sohna road,0.87,5963.0,2,2,3+,10.0,Relatively New,1131.0,1,0,0,0,0,0,72,729.5
flat,paras dews,sector 106,0.92,6643.0,2,2,3+,2.0,Relatively New,940.0,0,0,0,0,0,0,174,692.5
house,surendra homes dayaindependentd colony,sector 6,0.75,15625.0,4,4,2,1.0,Moderately Old,480.0,0,0,0,0,0,0,0,120.0
flat,pivotal devaan,sector 84,0.37,6346.0,2,2,1,5.0,Relatively New,532.0,0,0,0,0,0,0,73,291.5
house,international city by sobha phase 1,sector 109,6.0,9634.0,5,5,3+,2.0,Relatively New,6228.0,1,1,1,1,0,0,160,1245.6
flat,ansal api celebrity suites,sector 2,0.6,8163.0,1,1,1,5.0,Moderately Old,665.0,0,0,0,0,0,1,67,735.0
house,independent,sector 43,15.5,28233.0,5,6,3,3.0,Moderately Old,5490.0,1,1,1,1,0,0,76,1098.0
flat,m3m ikonic,sector 68,1.78,9128.0,3,3,3+,27.0,Relatively New,1845.0,0,0,0,0,0,1,126,650.0
